cliente_id,contrato_id,edad,provincia,antiguedad_meses,cuota_mensual,canal,producto,ingresos_mensuales,incidencias_12m,satisfaccion,fecha_alta,abandono
CLI-000052,CTR-000052,42,Valencia,10,100.94,Web,Básico,2158.48,0,,2025-11-25,No
CLI-001100,CTR-001100,31,Alicante,38,45.75,Web,Premium,2839.5,4,5,2023-07-23,Sí
CLI-000090,CTR-009940,21,Málaga,56,55.89,Teléfono,Estándar,3065.15,4,,2022-01-18,No
CLI-006252,CTR-006252,68,Madrid,37,47.56,Web,Premium,1882.08,6,,2023-08-05,No
CLI-009314,CTR-009314,48,Barcelona,63,68.2,Web,Básico,2576.1,0,7,2021-06-16,No
CLI-008547,CTR-008547,44,Sevilla,87,44.42,WEB,Empresa,2261.87,3,6,2019-06-04,No
CLI-000444,CTR-000444,44,Madrid,63,58.66,Aplicación,Básico,1688.31,4,7,2021-06-07,No
CLI-002413,CTR-002413,28,Sevilla,47,58.12,Web,Básico,,2,9,2022-10-14,No
CLI-007625,CTR-007625,35,Zaragoza,13,74.82,Web,Estándar,,5,4,2025-08-28,Sí
CLI-000100,CTR-009950,23,Madrid,16,66.42,Web,Estándar,3585.63,0,,2025-05-28,No
CLI-006484,CTR-006484,31,Valencia,1,63.7,Web,Empresa,3020.41,5,,2026-08-12,Sí
CLI-006767,CTR-006767,26,Madrid,9,105.78,Web,Premium,750,5,5,2025-12-05,Sí
CLI-009292,CTR-009292,18,Barcelona,8,27.5,Teléfono,Estándar,4568.7,3,,2026-01-13,No
CLI-003972,CTR-003972,25,Málaga,3,36.83,Aplicación,Estándar,2950.9,6,6,2026-06-22,Sí
CLI-009627,CTR-009627,54,Madrid,41,32.29,Tienda,Básico,3702.9,3,7,2023-04-28,Sí
CLI-005188,CTR-005188,26,Alicante,10,55.09,Web,Premium,2147.23,4,,2025-11-03,Sí
CLI-009581,CTR-009581,36,Murcia,8,44.93,Web,Estándar,2289.36,0,8,2026-01-15,No
CLI-009501,CTR-009501,56,Sevilla,57,15.52,Web,Estándar,3435.99,4,7,2021-12-13,No
CLI-000376,CTR-000376,30,Valencia,36,88.59,Aplicación,Básico,2254.39,5,7,2023-09-15,Sí
CLI-008793,CTR-008793,34,Zaragoza,24,84.64,Teléfono,Premium,2116.79,4,4,2024-09-12,Sí
CLI-004351,CTR-004351,42,Barcelona,11,92.6,Aplicación,Estándar,1843.74,1,,2025-10-04,No
CLI-004272,CTR-004272,39,Madrid,22,53.53,WEB,Estándar,,1,8,2024-11-22,No
CLI-008703,CTR-008703,23,Barcelona,25,35.31,Teléfono,Básico,,5,4,2024-08-02,Sí
CLI-006309,CTR-006309,45,Alicante,83,58.09,Teléfono,Estándar,1857.22,1,5,2019-10-22,No
CLI-007515,CTR-007515,18,Madrid,17,105.87,Teléfono,Empresa,1046.07,7,7,2025-04-17,Sí
CLI-000135,CTR-000135,18,Valencia,7,77.93,web,Premium,1647.73,5,7,2026-02-11,Sí
CLI-008967,CTR-008967,18,Zaragoza,18,47.08,Web,Estándar,1430.21,4,8,2025-03-26,Sí
CLI-008841,CTR-008841,46,Sevilla,32,33.74,Tienda,Estándar,,1,6,2024-01-08,No
CLI-008161,CTR-008161,43,Barcelona,49,46.19,Tienda,Básico,2539.97,0,6,2022-08-25,No
CLI-007197,CTR-007197,43,Alicante,34,53.19,Tienda,Premium,1516.12,3,,2023-11-11,Sí
CLI-005468,CTR-005468,18,Madrid,18,71.92,Teléfono,Básico,1537.07,4,2,2025-03-11,Sí
CLI-002559,CTR-002559,39,Madrid,47,85.11,web,Premium,4689.86,3,8,2022-10-25,No
CLI-006012,CTR-006012,32,Alicante,31,103.01,Tienda,Estándar,934.07,3,3,2024-02-16,Sí
CLI-005812,CTR-005812,51,Madrid,54,9.9,Tienda,Básico,,1,8,2022-03-16,No
CLI-006309,CTR-006309,45,Alicante,83,58.09,Teléfono,Estándar,1857.22,1,5,2019-10-22,No
CLI-000581,CTR-000581,23,Málaga,30,48.99,Web,Básico,2564.88,3,8,2024-03-19,Sí
CLI-008520,CTR-008520,27,Madrid,81,79.22,Teléfono,Premium,3800.04,4,,2019-12-18,No
CLI-008686,CTR-008686,23,Alicante,21,76.57,Teléfono,Premium,1718.75,4,4,2024-12-09,Sí
CLI-001499,CTR-001499,32,Málaga,46,75.1,Web,Básico,2540.39,3,4,2022-11-23,Sí
CLI-001269,CTR-001269,20,Málaga,9,47.01,Web,Premium,2125.27,0,7,2025-12-27,No
CLI-006778,CTR-006778,34,Barcelona,14,85.37,web,Básico,,6,,2025-07-27,Sí
CLI-001115,CTR-001115,34,Barcelona,30,72.37,Web,Empresa,,4,,2024-03-26,No
CLI-006358,CTR-006358,61,Madrid,21,16.37,Web,Empresa,2396.93,0,6,2024-12-27,No
CLI-002063,CTR-002063,50,Alicante,77,81.82,Web,Básico,3125.89,0,,2020-04-13,No
CLI-001780,CTR-001780,23,Madrid,61,146.86,Web,Básico,4802.67,1,,2021-08-12,No
CLI-001855,CTR-001855,70,Valencia,33,35.7,Web,Estándar,,1,,2023-12-17,No
CLI-001142,CTR-001142,40,Sevilla,11,55.54,Tienda,Premium,2991.63,3,,2025-10-01,No
CLI-001298,CTR-001298,58,Barcelona,5,94.27,Tienda,Premium,2904.25,4,,2026-04-12,Sí
CLI-005472,CTR-005472,57,Madrid,85,26.2,Web,Básico,3684.63,0,8,2019-08-27,No
CLI-005295,CTR-005295,51,Málaga,61,61.37,Web,Estándar,2571.28,4,,2021-08-11,No
CLI-001353,CTR-001353,45,Madrid,13,61.99,Aplicación,Básico,2526.83,1,6,2025-08-16,Sí
CLI-002202,CTR-002202,56,Sevilla,73,40.55,Aplicación,Estándar,1225.33,1,10,2020-08-06,No
CLI-007169,CTR-007169,18,Barcelona,23,55.01,Tienda,Básico,,5,,2024-10-12,Sí
CLI-008269,CTR-008269,23,Alicante,47,94.12,Tienda,Premium,,3,3,2022-10-17,Sí
CLI-009066,CTR-009066,54,Barcelona,40,58.57,Teléfono,Básico,1416.51,1,,2023-05-28,No
CLI-006391,CTR-006391,42,Madrid,40,59.36,Tienda,Estándar,750,7,6,2023-05-07,Sí
CLI-007712,CTR-007712,48,Murcia,33,64.51,Tienda,Premium,1267.73,2,7,2023-12-14,No
CLI-007906,CTR-007906,54,Zaragoza,26,75.11,Tienda,Premium,,0,8,2024-07-11,No
CLI-006123,CTR-006123,28,Valencia,4,71.74,Aplicación,Básico,2958.47,6,5,2026-05-21,Sí
CLI-000986,CTR-000986,44,Málaga,36,47.58,Web,Estándar,,6,5,2023-09-08,Sí
CLI-004106,CTR-004106,46,Madrid,28,93.32,Tienda,Básico,,4,2,2024-05-09,Sí
CLI-006302,CTR-006302,40,Alicante,26,64.15,,Básico,,5,4,2024-07-28,Sí
CLI-008956,CTR-008956,55,Madrid,37,26.82,Tienda,Premium,3390.58,2,,2023-08-01,No
CLI-002879,CTR-002879,31,Málaga,29,59.01,Teléfono,Estándar,,6,8,2024-04-18,Sí
CLI-008721,CTR-008721,34,Barcelona,12,54.34,Teléfono,Básico,2266.74,5,8,2025-09-23,Sí
CLI-009517,CTR-009517,35,Barcelona,24,49.05,Tienda,Estándar,2520.28,3,5,2024-09-20,Sí
CLI-009768,CTR-009768,30,Málaga,54,74.75,Teléfono,Básico,,4,8,2022-03-18,No
CLI-007446,CTR-007446,57,Valencia,89,48.21,Teléfono,Estándar,2375.06,2,8,2019-04-15,No
CLI-007030,CTR-007030,29,Valencia,2,42.66,Web,Estándar,,2,4,2026-07-27,Sí
CLI-006779,CTR-006779,54,Murcia,46,39.39,Aplicación,Básico,2517.14,4,,2022-11-25,Sí
CLI-004009,CTR-004009,33,Madrid,32,68.17,Tienda,Básico,1797.97,2,4,2024-01-03,Sí
CLI-003200,CTR-003200,53,Madrid,1,65.85,Teléfono,Estándar,1788.84,5,2,2026-08-02,Sí
CLI-004365,CTR-004365,60,Madrid,83,25.1,Aplicación,Estándar,1872.5,0,,2019-10-21,No
CLI-009262,CTR-009262,52,Barcelona,48,62.17,Web,Premium,2253.54,4,,2022-09-18,Sí
CLI-004917,CTR-004917,124,Murcia,31,63.99,Web,Empresa,3736.06,3,4,2024-02-26,No
CLI-001576,CTR-001576,44,Barcelona,19,75.23,Teléfono,Básico,3017.89,0,,2025-02-19,Sí
CLI-002699,CTR-002699,31,Sevilla,31,69.07,Web,Estándar,2979.18,4,,2024-02-16,Sí
CLI-007786,CTR-007786,23,Barcelona,35,72.64,Web,Estándar,3249.04,5,7,2023-10-03,Sí
CLI-005766,CTR-005766,31,Málaga,32,29.44,Web,Premium,3106.14,1,,2024-01-21,No
CLI-008151,CTR-008151,30,Sevilla,16,104.78,Teléfono,Premium,1523.76,3,7,2025-05-12,Sí
CLI-004751,CTR-004751,22,Sevilla,51,69,web,Premium,1711.25,1,9,2022-06-24,No
CLI-009837,CTR-009837,40,Murcia,26,35.01,Web,Premium,3171.94,4,,2024-07-27,Sí
CLI-007865,CTR-007865,41,Madrid,74,64.74,Tienda,Premium,4624.56,2,8,2020-07-16,No
CLI-008942,CTR-008942,28,Murcia,14,51.43,Tienda,Estándar,2557.34,4,,2025-07-14,No
CLI-002632,CTR-002632,38,Barcelona,19,84.56,Aplicación,Básico,2325.06,3,,2025-02-25,Sí
CLI-006621,CTR-006621,48,Madrid,19,76.35,Web,Estándar,2458.54,4,,2025-02-22,Sí
CLI-004642,CTR-004642,34,Madrid,9,33.59,WEB,Premium,2941.82,0,6,2025-12-17,No
CLI-004957,CTR-004957,26,Zaragoza,7,67.91,Web,Estándar,1675.19,3,,2026-02-22,Sí
CLI-003265,CTR-003265,35,Sevilla,43,61.65,,Básico,2708.78,7,,2023-02-24,Sí
CLI-000346,CTR-000346,51,Barcelona,25,73.07,Teléfono,Estándar,3368.92,5,10,2024-08-03,No
CLI-002799,CTR-002799,49,Zaragoza,48,98.58,Tienda,Básico,,4,5,2022-09-03,Sí
CLI-009522,CTR-009522,46,Zaragoza,46,74.12,Tienda,Básico,2749.39,7,4,2022-11-04,Sí
CLI-004961,CTR-004961,36,Zaragoza,9,123.32,Web,Estándar,2276.52,5,7,2025-12-26,Sí
CLI-009588,CTR-009588,41,Madrid,19,39.84,Aplicación,Premium,1586.67,3,8,2025-02-09,No
CLI-006649,CTR-006649,31,Málaga,36,65.53,Teléfono,Premium,,2,4,2023-09-10,No
CLI-000739,CTR-000739,50,Barcelona,14,90.67,Tienda,Premium,2187.14,4,7,2025-07-04,Sí
CLI-001948,CTR-001948,46,Málaga,31,60.96,Tienda,Estándar,2106.13,0,,2024-02-11,No
CLI-009729,CTR-009729,25,Zaragoza,13,86.01,Teléfono,Premium,1358.39,5,6,2025-08-21,Sí
CLI-008203,CTR-008203,45,Sevilla,54,45.99,Aplicación,Básico,2250.63,1,8,2022-03-06,No
CLI-002034,CTR-002034,36,Barcelona,59,24.24,Teléfono,Premium,1473.63,1,10,2021-10-06,No
CLI-002165,CTR-002165,52,Madrid,56,98.62,Aplicación,Premium,,2,7,2022-01-20,No
CLI-003933,CTR-003933,41,Zaragoza,43,48.34,Teléfono,Básico,3944.31,3,5,2023-02-10,No
CLI-001973,CTR-001973,41,Valencia,30,76.49,Web,Estándar,2586.64,7,,2024-03-13,Sí
CLI-008783,CTR-008783,34,Zaragoza,21,63.3,Teléfono,Premium,3687.23,8,6,2024-12-24,Sí
CLI-005996,CTR-005996,46,Valencia,6,60.48,Tienda,Básico,,1,,2026-03-22,No
CLI-006690,CTR-006690,60,Zaragoza,25,25.01,Web,Básico,2298.85,0,5,2024-08-13,No
CLI-005652,CTR-005652,52,Murcia,46,70.42,Web,Estándar,3694.12,2,9,2022-11-25,No
CLI-007492,CTR-007492,32,Sevilla,89,22.73,Aplicación,Básico,990.09,0,9,2019-04-20,No
CLI-007008,CTR-007008,33,Sevilla,26,36.54,Teléfono,Premium,1931.61,4,,2024-07-19,Sí
CLI-004592,CTR-004592,33,Valencia,44,87.42,Tienda,Empresa,996.42,4,3,2023-01-09,Sí
CLI-002751,CTR-002751,57,Sevilla,62,57.95,Tienda,Estándar,,4,10,2021-07-24,No
CLI-009194,CTR-009194,41,Málaga,4,64.26,Teléfono,Empresa,2100.64,3,,2026-05-18,Sí
CLI-003523,CTR-003523,50,Málaga,91,63.51,Aplicación,Premium,2286.67,1,7,2019-02-09,No
CLI-009148,CTR-009148,37,Sevilla,18,41.56,Web,Premium,2588.94,6,5,2025-03-18,Sí
CLI-003355,CTR-003355,48,Valencia,10,116.24,Tienda,Estándar,3093.58,4,,2025-11-23,Sí
CLI-003817,CTR-003817,18,Madrid,12,113.68,Web,Estándar,3371.75,2,6,2025-09-16,Sí
CLI-001016,CTR-001016,43,Madrid,30,56.3,Tienda,Premium,2217.25,3,8,2024-03-05,No
CLI-004757,CTR-004757,49,Madrid,88,62.97,Web,Básico,3485.35,3,8,2019-05-15,No
CLI-001862,CTR-001862,64,Zaragoza,28,62.74,Tienda,Premium,4270.95,3,,2024-05-14,Sí
CLI-007734,CTR-007734,43,Barcelona,27,100.68,Tienda,Premium,,4,,2024-06-03,Sí
CLI-000056,CTR-000056,45,Valencia,46,28.49,Web,Básico,2448.69,4,7,2022-11-07,Sí
CLI-005570,CTR-005570,39,Madrid,84,70.9,Tienda,Premium,1933.87,0,5,2019-09-27,No
CLI-009035,CTR-009035,23,Madrid,90,49.46,Web,Estándar,2000.23,1,7,2019-03-17,No
CLI-004882,CTR-004882,33,Barcelona,14,84.9,Web,Básico,967.53,3,5,2025-07-25,Sí
CLI-005288,CTR-005288,37,Madrid,83,46.98,Aplicación,Estándar,3701.12,2,6,2019-10-10,No
CLI-006094,CTR-006094,41,Madrid,56,88.58,Web,Premium,3392.18,1,,2022-01-16,No
CLI-009305,CTR-009305,41,Madrid,93,50.82,Aplicación,Empresa,,0,,2018-12-25,No
CLI-001958,CTR-001958,27,Barcelona,1,52.86,Aplicación,Estándar,,7,5,2026-08-14,Sí
CLI-003760,CTR-003760,37,Barcelona,69,85.03,Tienda,Premium,3348.78,3,,2020-12-06,No
CLI-006651,CTR-006651,39,Madrid,14,54.2,Aplicación,Básico,1227.87,2,5,2025-07-10,No
CLI-003684,CTR-003684,18,Zaragoza,36,47.59,WEB,Básico,2074.03,2,8,2023-09-17,No
CLI-009832,CTR-009832,31,Barcelona,79,71.66,web,Premium,3339.31,3,6,2020-02-25,No
CLI-001944,CTR-001944,44,Madrid,32,47.91,Tienda,Estándar,,0,,2024-01-28,No
CLI-009113,CTR-009113,34,Murcia,13,34.27,Web,Empresa,2130.42,3,8,2025-08-24,No
CLI-002696,CTR-002696,47,Barcelona,51,36.85,Tienda,Básico,2479.88,2,,2022-06-28,No
CLI-009468,CTR-009468,23,Madrid,15,85.76,Tienda,Básico,2246.15,5,7,2025-06-14,Sí
CLI-003382,CTR-003382,39,Valencia,64,26.97,Tienda,Básico,4183.12,2,,2021-05-15,No
CLI-002986,CTR-002986,49,Madrid,18,49.93,Teléfono,Premium,,3,,2025-03-21,No
CLI-009664,CTR-009664,72,Alicante,49,53.66,Web,Estándar,2304.3,3,,2022-08-21,No
CLI-006042,CTR-006042,42,Valencia,40,33.21,Web,Básico,3014.89,4,9,2023-05-08,No
CLI-004530,CTR-004530,65,Madrid,38,91.79,Tienda,Básico,2082.53,2,,2023-07-20,Sí
CLI-003270,CTR-003270,52,Madrid,17,70.98,Web,Básico,1345.68,6,,2025-04-13,Sí
CLI-001616,CTR-001616,64,Zaragoza,23,45.44,Teléfono,Básico,3157.75,4,8,2024-10-13,No
CLI-001772,CTR-001772,55,Madrid,7,63.63,Web,Estándar,2470.88,6,3,2026-02-17,Sí
CLI-003312,CTR-003312,43,Málaga,86,49.79,Tienda,Estándar,1120.04,4,,2019-07-22,No
CLI-007991,CTR-007991,30,Madrid,59,74.47,Teléfono,Estándar,3624.48,1,7,2021-10-18,No
CLI-001064,CTR-001064,35,Valencia,23,56.81,Tienda,Básico,1735.66,2,5,2024-10-23,Sí
CLI-002349,CTR-002349,49,Madrid,8,88.39,web,Estándar,1936.51,4,5,2026-01-26,Sí
CLI-000044,CTR-009894,30,Madrid,16,80.37,Web,Empresa,1983.93,3,7,2025-05-26,Sí
CLI-001172,CTR-001172,39,Barcelona,33,71.25,Tienda,Premium,750,2,10,2023-12-10,No
CLI-009605,CTR-009605,59,Madrid,11,45.8,Aplicación,Estándar,,4,3,2025-10-01,Sí
CLI-009725,CTR-009725,29,Valencia,33,66.21,Teléfono,Estándar,2914.23,5,,2023-12-09,Sí
CLI-008571,CTR-008571,46,Sevilla,88,59.73,Web,Estándar,4284.42,1,9,2019-05-12,No
CLI-003475,CTR-003475,37,Zaragoza,6,76.75,Tienda,Estándar,2145.79,4,,2026-03-07,Sí
CLI-001504,CTR-001504,40,Valencia,56,81.68,Web,Estándar,,2,,2022-01-19,No
CLI-007116,CTR-007116,47,Madrid,47,108.79,WEB,Estándar,3857.7,1,6,2022-10-18,No
CLI-006346,CTR-006346,39,Alicante,22,73.76,Web,Estándar,2655.97,3,6,2024-11-08,Sí
CLI-008576,CTR-008576,38,Murcia,16,82.49,Web,Estándar,,2,10,2025-05-11,No
CLI-002479,CTR-002479,39,Valencia,58,39.44,Tienda,Empresa,1848.88,1,6,2021-11-15,No
CLI-005236,CTR-005236,34,Sevilla,31,67.37,Web,Premium,1315.8,8,7,2024-02-25,Sí
CLI-009649,CTR-009649,35,Barcelona,10,32.3,Tienda,Estándar,3635.69,2,7,2025-11-18,No
CLI-007972,CTR-007972,18,Málaga,45,60.71,Teléfono,Estándar,2413.05,5,5,2022-12-09,Sí
CLI-002560,CTR-002560,41,Madrid,33,65.47,Web,Básico,3956.98,1,,2023-12-01,No
CLI-008961,CTR-008961,40,Madrid,10,11.67,Web,Estándar,2611.75,2,5,2025-11-10,No
CLI-008512,CTR-008512,29,Zaragoza,31,44.84,Teléfono,Estándar,3151.87,1,10,2024-02-28,No
CLI-005048,CTR-005048,56,Málaga,16,43.52,Teléfono,Básico,2769.34,0,8,2025-05-20,No
CLI-001756,CTR-001756,59,Madrid,13,76.18,Teléfono,Estándar,2624.85,2,7,2025-08-01,No
CLI-006160,CTR-006160,43,Málaga,16,91.08,Web,Básico,3732.37,1,7,2025-05-28,No
CLI-007714,CTR-007714,41,Málaga,11,54.07,Teléfono,Estándar,1337.19,5,5,2025-10-27,Sí
CLI-009822,CTR-009822,42,Valencia,47,53.1,Tienda,Premium,3095.97,3,4,2022-10-20,Sí
CLI-005200,CTR-005200,62,Barcelona,20,56.99,Teléfono,Empresa,3314.13,0,7,2025-01-18,No
CLI-007314,CTR-007314,34,Málaga,24,74.04,Web,Estándar,2493.27,0,9,2024-09-16,No
CLI-007127,CTR-007127,49,Alicante,76,86.97,Tienda,Premium,3355.14,2,8,2020-05-20,No
CLI-007832,CTR-007832,48,Alicante,58,41.44,Aplicación,Estándar,2981.96,1,7,2021-11-15,No
CLI-006982,CTR-006982,38,Barcelona,13,74.72,Aplicación,Estándar,1389.88,6,4,2025-08-15,Sí
CLI-005133,CTR-005133,38,Sevilla,14,92.39,Aplicación,Premium,2740.88,4,,2025-07-06,Sí
CLI-006766,CTR-006766,50,Alicante,24,67.88,Web,Estándar,823.89,4,4,2024-09-04,Sí
CLI-000116,CTR-000116,36,Madrid,11,62.54,Web,Estándar,2141.31,6,8,2025-10-03,Sí
CLI-001033,CTR-001033,45,Zaragoza,1,92.56,Teléfono,Estándar,2223.97,6,,2026-08-06,Sí
CLI-003863,CTR-003863,53,Madrid,11,52.47,Web,Premium,,1,,2025-10-03,Sí
CLI-007119,CTR-007119,64,Málaga,21,49.72,Tienda,Empresa,2194.75,4,,2024-12-20,No
CLI-002851,CTR-002851,18,Sevilla,31,59.42,Web,Básico,1718.07,7,,2024-02-18,Sí
CLI-000096,CTR-000096,37,Málaga,88,34.83,Tienda,Básico,,4,4,2019-05-23,No
CLI-009348,CTR-009348,22,Barcelona,47,58.21,Web,Básico,3261.98,3,9,2022-10-23,No
CLI-009411,CTR-009411,68,Barcelona,34,48.97,Aplicación,Premium,,5,,2023-11-22,Sí
CLI-005342,CTR-005342,44,Madrid,22,75.27,Tienda,Estándar,,0,,2024-11-14,No
CLI-003080,CTR-003080,59,Valencia,59,43.67,Teléfono,Estándar,2476.02,1,8,2021-10-09,No
CLI-006619,CTR-006619,26,Madrid,81,51.55,Tienda,Estándar,2870.15,5,,2019-12-28,No
CLI-001399,CTR-001399,36,Sevilla,17,76.59,Tienda,Premium,3569.71,3,,2025-04-05,Sí
CLI-003055,CTR-003055,35,Valencia,19,48.84,Web,Estándar,2715.29,4,3,2025-02-03,Sí
CLI-003647,CTR-003647,32,Alicante,23,69.13,Web,Básico,1964.14,0,8,2024-10-13,No
CLI-003886,CTR-003886,60,Barcelona,53,86.11,Tienda,Premium,1589.13,4,9,2022-04-03,No
CLI-001713,CTR-001713,26,Barcelona,30,73.45,Web,Básico,2062.93,5,5,2024-03-25,Sí
CLI-004645,CTR-004645,39,Valencia,41,76.71,Web,Estándar,750,6,,2023-04-08,Sí
CLI-003615,CTR-003615,30,Madrid,28,45.59,Tienda,Premium,1571.15,4,5,2024-05-19,Sí
CLI-004151,CTR-004151,58,Murcia,37,-30.57,Tienda,Estándar,1357.83,3,6,2023-08-04,Sí
CLI-003177,CTR-003177,61,Valencia,39,73.06,Teléfono,Estándar,2040.08,4,5,2023-06-24,Sí
CLI-007765,CTR-007765,55,Murcia,37,46.38,Web,Premium,1833.92,5,4,2023-08-16,Sí
CLI-000971,CTR-000971,43,Valencia,85,36.48,Web,Premium,,1,,2019-08-11,No
CLI-003343,CTR-003343,48,Madrid,95,9.9,Teléfono,Estándar,942.29,3,8,2018-10-25,No
CLI-007849,CTR-007849,30,Madrid,46,95.64,Web,Estándar,,3,,2022-11-07,Sí
CLI-000290,CTR-000290,18,Madrid,24,83.47,Web,Básico,,4,6,2024-09-10,Sí
CLI-003192,CTR-003192,46,Barcelona,16,57.63,Teléfono,Estándar,,4,7,2025-05-28,No
CLI-000582,CTR-000582,48,Madrid,76,65.83,Web,Empresa,,1,4,2020-05-02,No
CLI-008613,CTR-008613,31,Valencia,19,61.35,Web,Empresa,,3,7,2025-02-20,Sí
CLI-008835,CTR-008835,21,Barcelona,78,55.9,Web,Básico,2984.73,0,7,2020-03-17,No
CLI-006214,CTR-006214,57,Valencia,35,65.51,Teléfono,Estándar,,5,8,2023-10-06,No
CLI-004853,CTR-004853,48,Valencia,27,63.8,Tienda,Estándar,3017.58,3,5,2024-06-26,Sí
CLI-001246,CTR-001246,43,Barcelona,30,79.56,Web,Estándar,,2,,2024-03-07,Sí
CLI-003936,CTR-003936,39,Barcelona,69,55.08,Web,Básico,,4,9,2020-12-05,No
CLI-007382,CTR-007382,51,Barcelona,7,79.17,Aplicación,Básico,2506.2,4,5,2026-02-13,Sí
CLI-008413,CTR-008413,49,Alicante,34,74.61,Teléfono,Premium,2632.74,5,4,2023-11-06,Sí
CLI-007074,CTR-007074,41,Zaragoza,64,40.67,Aplicación,Estándar,,3,,2021-05-07,No
CLI-000449,CTR-000449,32,Barcelona,50,79.08,WEB,Básico,1403.76,2,,2022-07-25,No
CLI-001702,CTR-001702,18,Barcelona,20,89.62,web,Premium,3497.62,9,4,2025-01-02,Sí
CLI-004278,CTR-004278,27,Barcelona,73,33.01,Teléfono,Premium,2325.77,4,8,2020-08-07,No
CLI-003261,CTR-003261,39,Madrid,72,57.5,Teléfono,Básico,1720.47,2,8,2020-09-17,No
CLI-005923,CTR-005923,45,Madrid,13,84.96,Web,Estándar,1957.65,1,6,2025-08-14,No
CLI-007857,CTR-007857,46,Málaga,39,51.61,Tienda,Premium,1805.69,3,,2023-06-25,No
CLI-005382,CTR-005382,64,Zaragoza,33,24.47,Web,Premium,,1,8,2023-12-18,No
CLI-005946,CTR-005946,32,Murcia,67,55.91,Tienda,Estándar,2902.84,1,6,2021-02-12,No
CLI-000375,CTR-000375,44,Alicante,77,77.76,Teléfono,Premium,2985.16,2,9,2020-04-11,No
CLI-005875,CTR-005875,46,Sevilla,90,91.75,Web,Básico,3118.81,1,7,2019-03-18,No
CLI-005789,CTR-005789,46,Valencia,43,61.68,Aplicación,Básico,2944.47,0,5,2023-02-18,No
CLI-006842,CTR-006842,39,Málaga,17,9.9,Tienda,Estándar,,1,,2025-04-23,No
CLI-005655,CTR-005655,32,Barcelona,17,58.49,Web,Premium,1302.11,5,,2025-04-03,Sí
CLI-006298,CTR-006298,55,Málaga,47,79.66,Aplicación,Básico,3134.35,2,5,2022-10-22,Sí
CLI-004348,CTR-004348,32,Málaga,2,80.2,Aplicación,Estándar,1585.88,8,3,2026-07-19,Sí
CLI-004805,CTR-004805,40,Valencia,27,57.99,,Estándar,2280.76,2,,2024-06-20,No
CLI-009243,CTR-009243,62,Barcelona,48,47.2,Teléfono,Estándar,2846.27,3,6,2022-09-22,Sí
CLI-004913,CTR-004913,30,Valencia,29,79.63,Web,Estándar,1954.82,3,4,2024-04-17,Sí
CLI-006586,CTR-006586,39,Barcelona,23,83.66,Teléfono,Básico,3309.63,6,4,2024-10-03,Sí
CLI-001270,CTR-001270,34,Valencia,80,73.4,,Estándar,2521.34,2,8,2020-01-14,No
CLI-003227,CTR-003227,48,Valencia,42,59.53,Tienda,Básico,2643.37,3,8,2023-03-25,No
CLI-007506,CTR-007506,25,Barcelona,22,116.83,Aplicación,Premium,2482.85,2,4,2024-11-06,Sí
CLI-004512,CTR-004512,34,Alicante,77,75.64,Web,Básico,2722.23,0,8,2020-04-15,No
CLI-006149,CTR-006149,42,Madrid,23,73.37,Web,Estándar,4380.74,2,8,2024-10-01,No
CLI-000446,CTR-000446,51,Madrid,13,73.96,Aplicación,Estándar,2990.36,2,,2025-08-21,No
CLI-006229,CTR-006229,41,Sevilla,38,66.75,Web,Estándar,3197.5,7,8,2023-07-15,Sí
CLI-002613,CTR-002613,29,Alicante,71,62.14,Web,Estándar,3715.13,1,8,2020-10-09,No
CLI-009691,CTR-009691,45,Sevilla,29,81.43,Web,Estándar,4330.67,1,,2024-04-21,No
CLI-006228,CTR-006228,29,Zaragoza,33,55.1,Web,Premium,2699.55,6,6,2023-12-08,Sí
CLI-005167,CTR-005167,49,Barcelona,17,67.37,Teléfono,Básico,2689.24,1,6,2025-04-19,No
CLI-002535,CTR-002535,56,Málaga,75,53.15,Web,Estándar,3373.19,3,8,2020-06-21,No
CLI-000029,CTR-009879,44,Madrid,63,66.76,Web,Empresa,3483.43,0,7,2021-06-21,No
CLI-005044,CTR-005044,28,Zaragoza,24,93.77,web,Premium,,7,6,2024-09-24,Sí
CLI-009049,CTR-009049,40,Madrid,20,36.66,Tienda,Básico,1877.07,3,7,2025-01-28,Sí
CLI-006066,CTR-006066,44,Barcelona,23,317.94,Web,Estándar,9167.31,5,,2024-10-05,Sí
CLI-004816,CTR-004816,62,Valencia,83,75.63,Tienda,Básico,4043.25,0,6,2019-10-04,No
CLI-005751,CTR-005751,60,Barcelona,38,42.27,Teléfono,Estándar,2135.7,2,8,2023-07-12,Sí
CLI-002816,CTR-002816,29,Madrid,30,58.61,Web,Básico,2855.78,0,,2024-03-03,No
CLI-001718,CTR-001718,47,Valencia,22,90.16,web,Estándar,3128.22,5,2,2024-11-10,Sí
CLI-009514,CTR-009514,42,Madrid,79,60.38,Web,Básico,3046.23,2,,2020-02-18,No
CLI-004745,CTR-004745,32,Barcelona,33,51.99,Teléfono,Premium,2998.71,0,,2023-12-06,No
CLI-003201,CTR-003201,27,Barcelona,88,38.08,Tienda,Básico,4671.33,0,,2019-05-13,No
CLI-001987,CTR-001987,61,Madrid,21,42.07,Web,Premium,2467.63,0,7,2024-12-06,No
CLI-003642,CTR-003642,42,Madrid,89,51.18,Tienda,Estándar,,1,6,2019-04-18,No
CLI-002581,CTR-002581,65,Valencia,12,21.92,Aplicación,Estándar,1777.43,0,6,2025-09-12,No
CLI-001217,CTR-001217,41,Madrid,24,50.84,Web,Premium,3089.51,3,5,2024-09-22,Sí
CLI-006400,CTR-006400,22,Zaragoza,30,47.38,Teléfono,Básico,2762.04,0,,2024-03-20,No
CLI-001294,CTR-001294,45,Zaragoza,86,78.63,Tienda,Empresa,2586.44,4,,2019-07-08,No
CLI-007519,CTR-007519,42,Alicante,30,87.63,Web,Estándar,1703.21,0,3,2024-03-15,Sí
CLI-007558,CTR-007558,47,Barcelona,1,44.21,Tienda,Estándar,1227.76,4,6,2026-08-17,Sí
CLI-004259,CTR-004259,44,Sevilla,76,41.1,Tienda,Empresa,2642.83,4,,2020-05-12,No
CLI-005772,CTR-005772,40,Madrid,13,96.43,Teléfono,Estándar,969.75,4,9,2025-08-02,Sí
CLI-007516,CTR-007516,28,Zaragoza,38,68.18,Aplicación,Premium,2677.47,3,2,2023-07-10,Sí
CLI-001187,CTR-001187,47,Madrid,37,73.83,Web,Estándar,3036.8,1,7,2023-08-27,No
CLI-008240,CTR-008240,44,Valencia,89,80.49,Web,Básico,2523.99,2,8,2019-04-16,No
CLI-006576,CTR-006576,57,Málaga,81,73.58,Teléfono,Estándar,3406.06,1,,2019-12-02,No
CLI-003715,CTR-003715,65,Barcelona,43,59.17,Tienda,Estándar,,0,,2023-02-19,No
CLI-009341,CTR-009341,42,Barcelona,18,66.27,Tienda,Premium,3340.02,3,7,2025-03-13,No
CLI-006181,CTR-006181,49,Madrid,93,45.03,Tienda,Básico,3020.36,1,8,2018-12-23,No
CLI-002901,CTR-002901,21,Murcia,31,98.66,Aplicación,Premium,1721.17,6,,2024-02-14,Sí
CLI-008785,CTR-008785,19,Valencia,23,49.62,WEB,Estándar,,6,6,2024-10-06,Sí
CLI-001022,CTR-001022,44,Valencia,64,68.36,Web,Premium,2042.63,3,8,2021-05-09,No
CLI-004763,CTR-004763,54,Sevilla,47,58.68,Tienda,Estándar,,6,,2022-10-03,Sí
CLI-004055,CTR-004055,48,Madrid,60,90.27,Web,Premium,2228.41,4,6,2021-09-13,No
CLI-009184,CTR-009184,55,Sevilla,43,71.5,Web,Estándar,2076.89,3,5,2023-02-04,No
CLI-001191,CTR-001191,62,Madrid,21,96.03,Web,Empresa,1942.61,3,,2024-12-02,Sí
CLI-009838,CTR-009838,36,Sevilla,11,44.25,Aplicación,Estándar,2623.85,0,7,2025-10-02,No
CLI-002910,CTR-002910,31,Barcelona,41,66.8,Web,Empresa,3876.88,3,7,2023-04-20,No
CLI-009409,CTR-009409,22,Sevilla,11,77.61,Teléfono,Premium,3247.29,7,,2025-10-22,No
CLI-000032,CTR-000032,60,Alicante,33,38.73,Web,Empresa,,2,7,2023-12-25,No
CLI-009689,CTR-009689,49,Barcelona,58,101.33,Tienda,Premium,2831.37,3,,2021-11-13,No
CLI-006352,CTR-006352,44,Málaga,25,44.4,Aplicación,Estándar,1887.12,3,8,2024-08-16,No
CLI-002610,CTR-002610,38,Murcia,62,49.99,Web,Básico,,3,7,2021-07-11,No
CLI-007179,CTR-007179,43,Barcelona,10,53.19,Aplicación,Estándar,2201.72,6,4,2025-11-21,Sí
CLI-008623,CTR-008623,45,Madrid,21,72.57,Web,Básico,1880.75,3,,2024-12-28,No
CLI-005141,CTR-005141,66,Sevilla,8,60.96,Web,Empresa,1598.39,6,6,2026-01-09,Sí
CLI-006620,CTR-006620,31,Valencia,37,45.65,Teléfono,Estándar,3902.74,2,7,2023-08-26,Sí
CLI-001620,CTR-001620,41,Alicante,16,78.4,Aplicación,Básico,2142.09,5,7,2025-05-19,Sí
CLI-005410,CTR-005410,30,Valencia,43,59.23,Tienda,Estándar,2559.59,2,,2023-02-23,No
CLI-004359,CTR-004359,52,Málaga,25,56.97,Tienda,Premium,2986,1,,2024-08-25,No
CLI-001954,CTR-001954,50,Madrid,32,69.26,Tienda,Empresa,,1,8,2024-01-26,No
CLI-006080,CTR-006080,36,Sevilla,47,75.84,Teléfono,Estándar,916,4,5,2022-10-18,Sí
CLI-005479,CTR-005479,34,Madrid,56,47.07,Web,Estándar,,3,7,2022-01-01,No
CLI-005179,CTR-005179,49,Zaragoza,13,79.32,Web,Estándar,1476.61,0,5,2025-08-11,Sí
CLI-004799,CTR-004799,23,Málaga,56,46.54,Teléfono,Premium,2374.47,5,9,2022-01-25,No
CLI-005255,CTR-005255,58,Valencia,58,42.01,Tienda,Estándar,,2,,2021-11-27,No
CLI-004067,CTR-004067,47,Madrid,62,67.49,Web,Estándar,2321.5,5,,2021-07-24,No
CLI-001570,CTR-001570,27,Madrid,37,52.2,Tienda,Estándar,1183.29,2,8,2023-08-15,No
CLI-001691,CTR-001691,27,Madrid,56,65.18,Teléfono,Estándar,,2,8,2022-01-08,No
CLI-004795,CTR-004795,53,Valencia,80,85.16,Teléfono,Premium,5176.31,0,,2020-01-01,No
CLI-007280,CTR-007280,31,Valencia,43,68.44,Tienda,Básico,2068.8,1,,2023-02-15,No
CLI-001587,CTR-001587,48,Sevilla,21,68.04,Web,Premium,1441.92,2,8,2024-12-13,No
CLI-005961,CTR-005961,34,Sevilla,33,37.21,Tienda,Básico,,4,,2023-12-19,No
CLI-007827,CTR-007827,51,Málaga,17,51.48,Web,Básico,2388.68,4,9,2025-04-21,No
CLI-003681,CTR-003681,57,Madrid,11,76.66,Web,Básico,,4,3,2025-10-12,Sí
CLI-004413,CTR-004413,41,Madrid,94,77.71,Aplicación,Premium,2121.82,3,,2018-11-24,No
CLI-001984,CTR-001984,55,Murcia,52,81.57,Tienda,Premium,1630.61,0,,2022-05-25,No
CLI-008624,CTR-008624,36,Barcelona,26,112.2,Teléfono,Básico,2977.93,0,10,2024-07-28,No
CLI-004480,CTR-004480,18,Barcelona,3,22.38,Web,Premium,,4,,2026-06-19,Sí
CLI-002895,CTR-002895,44,Sevilla,38,91.17,Web,Estándar,2358.64,1,4,2023-07-11,Sí
CLI-006956,CTR-006956,22,Barcelona,18,49.43,Teléfono,Básico,750,3,4,2025-03-01,Sí
CLI-005189,CTR-005189,47,Madrid,27,72.61,Teléfono,Premium,3031,3,,2024-06-24,No
CLI-004965,CTR-004965,62,Barcelona,45,48.46,Teléfono,Premium,2560.67,5,4,2022-12-25,Sí
CLI-004294,CTR-004294,44,Madrid,24,68.02,Teléfono,Estándar,2525.12,4,,2024-09-26,Sí
CLI-004353,CTR-004353,47,Barcelona,65,65.61,Tienda,Básico,,0,,2021-04-22,No
CLI-000754,CTR-000754,18,Barcelona,81,79.49,Tienda,Estándar,2194.83,0,7,2019-12-18,No
CLI-006731,CTR-006731,39,Valencia,23,66.4,Web,Básico,2091.95,3,7,2024-10-03,Sí
CLI-003435,CTR-003435,18,Alicante,11,57.66,Teléfono,Estándar,1995.77,2,6,2025-10-08,No
CLI-007674,CTR-007674,44,Barcelona,16,55.95,Web,Estándar,2902.22,0,,2025-05-11,No
CLI-002303,CTR-002303,40,Sevilla,55,49.46,Teléfono,Premium,2234.27,2,8,2022-02-22,No
CLI-000207,CTR-000207,18,Alicante,8,111.02,Tienda,Premium,2537.52,4,7,2026-01-22,Sí
CLI-003917,CTR-003917,37,Zaragoza,66,334.46,Web,Básico,13167.72,3,8,2021-03-03,No
CLI-008428,CTR-008428,50,Málaga,35,59.27,Teléfono,Básico,2671.13,0,,2023-10-23,No
CLI-008452,CTR-008452,19,Barcelona,28,75.64,Web,Básico,2596.34,6,,2024-05-27,No
CLI-000041,CTR-009891,26,Málaga,29,63.17,Aplicación,Básico,3802.91,4,,2024-04-21,Sí
CLI-006406,CTR-006406,56,Madrid,79,64.83,Tienda,Básico,,2,7,2020-02-10,No
CLI-007835,CTR-007835,45,Málaga,13,34.16,Aplicación,Básico,2758.69,5,5,2025-08-13,Sí
CLI-006300,CTR-006300,34,Málaga,2,43.52,Web,Premium,2363.55,5,,2026-07-02,Sí
CLI-000994,CTR-000994,38,Barcelona,44,71.98,Web,Premium,2574.09,4,5,2023-01-27,Sí
CLI-007399,CTR-007399,48,Madrid,23,79.89,Web,Premium,,0,,2024-10-08,No
CLI-005693,CTR-005693,46,Alicante,26,50.94,Aplicación,Estándar,2983.28,0,7,2024-07-07,Sí
CLI-005024,CTR-005024,18,Madrid,9,63.4,Web,Premium,3753.51,5,7,2025-12-03,No
CLI-004707,CTR-004707,55,Málaga,21,53.47,Web,Empresa,2142.44,5,6,2024-12-17,Sí
CLI-002596,CTR-002596,32,Sevilla,43,51.75,Web,Empresa,,2,,2023-02-10,Sí
CLI-008743,CTR-008743,39,Sevilla,20,240.87,Web,Premium,6391.14,0,7,2025-01-25,No
CLI-004899,CTR-004899,44,Zaragoza,40,10.03,Web,Básico,3334.11,3,,2023-05-16,No
CLI-008921,CTR-008921,18,Valencia,63,74.52,Web,Básico,3222.33,1,,2021-06-10,No
CLI-006892,CTR-006892,53,Barcelona,29,42.78,Tienda,Premium,2811.21,8,5,2024-04-03,Sí
CLI-001440,CTR-001440,25,Madrid,38,69.68,Teléfono,Premium,2115.75,7,7,2023-07-02,Sí
CLI-008259,CTR-008259,47,Málaga,52,64.54,Web,Estándar,3592.23,0,7,2022-05-28,No
CLI-003352,CTR-003352,44,Valencia,1,81.86,web,Estándar,1815.73,2,6,2026-08-15,Sí
CLI-004392,CTR-004392,47,Murcia,63,67.37,Web,Premium,2982.67,0,4,2021-06-08,No
CLI-006627,CTR-006627,41,Málaga,37,59.36,Tienda,Premium,2364.93,0,7,2023-08-01,No
CLI-002027,CTR-002027,39,Murcia,59,81.93,Web,Estándar,3354.98,1,10,2021-10-10,No
CLI-003569,CTR-003569,18,Sevilla,50,51.97,Teléfono,Premium,4006.65,2,8,2022-07-12,No
CLI-002522,CTR-002522,47,Zaragoza,10,37.64,Web,Básico,1731.05,6,5,2025-11-20,Sí
CLI-000620,CTR-000620,52,Valencia,71,43.75,Web,Estándar,1609.15,1,8,2020-10-05,No
CLI-006745,CTR-006745,59,Málaga,26,45.45,Web,Premium,2617.02,8,7,2024-07-27,Sí
CLI-008434,CTR-008434,68,Madrid,41,69.94,Web,Estándar,,1,8,2023-04-11,No
CLI-001023,CTR-001023,42,Sevilla,44,18.63,Tienda,Premium,3338.24,2,,2023-01-12,No
CLI-008911,CTR-008911,44,Madrid,96,47.62,Web,Premium,1423.08,2,7,2018-09-28,No
CLI-005480,CTR-005480,39,Barcelona,55,34.41,Web,Premium,,3,10,2022-02-27,No
CLI-006037,CTR-006037,29,Barcelona,66,69.55,Web,Premium,2702.07,6,6,2021-03-02,No
CLI-000421,CTR-000421,45,Barcelona,29,64.69,Web,Estándar,,2,6,2024-04-18,No
CLI-001358,CTR-001358,46,Madrid,28,76.48,Teléfono,Estándar,,6,5,2024-05-17,Sí
CLI-000711,CTR-000711,18,Madrid,33,48.61,Web,Básico,2054.18,4,5,2023-12-10,Sí
CLI-004462,CTR-004462,48,Málaga,63,46.22,Web,Básico,3246.53,2,,2021-06-06,No
CLI-002018,CTR-002018,58,Barcelona,41,81.65,Teléfono,Empresa,3871.1,0,7,2023-04-14,No
CLI-006832,CTR-006832,33,Alicante,21,89.59,Web,Estándar,3275.19,2,6,2024-12-22,No
CLI-006059,CTR-006059,22,Barcelona,52,76.64,Web,Básico,3274.62,0,10,2022-05-19,No
CLI-004647,CTR-004647,54,Madrid,60,64.11,Web,Estándar,3926.06,4,5,2021-09-09,No
CLI-006075,CTR-006075,40,Madrid,54,88.19,Teléfono,Estándar,1115.08,1,,2022-03-22,No
CLI-002678,CTR-002678,43,Barcelona,40,101.61,Aplicación,Estándar,2591.93,2,6,2023-05-04,Sí
CLI-001125,CTR-001125,30,Alicante,20,90.99,Web,Básico,1926.81,3,5,2025-01-07,Sí
CLI-000861,CTR-000861,42,Barcelona,91,79.77,Tienda,Empresa,1925.11,0,,2019-02-22,No
CLI-007024,CTR-007024,41,Sevilla,32,47.48,Teléfono,Estándar,2986.09,3,6,2024-01-23,Sí
CLI-009043,CTR-009043,35,Zaragoza,26,50.01,Teléfono,Premium,2075.91,3,5,2024-07-24,Sí
CLI-006288,CTR-006288,44,Barcelona,34,74.42,Web,Empresa,3401.32,7,5,2023-11-17,Sí
CLI-003292,CTR-003292,31,Madrid,34,70.85,Web,Estándar,1685.05,1,10,2023-11-09,No
CLI-008496,CTR-008496,27,Sevilla,87,85.01,Web,Empresa,3019.58,0,9,2019-06-05,No
CLI-003824,CTR-003824,48,Zaragoza,76,39.04,Web,Estándar,2219.17,0,,2020-05-06,No
CLI-004605,CTR-004605,18,Murcia,44,45.73,Tienda,Básico,,3,7,2023-01-03,No
CLI-008378,CTR-008378,37,Murcia,30,37.61,web,Premium,,3,8,2024-03-24,No
CLI-006497,CTR-006497,33,Barcelona,61,73.26,Tienda,Premium,2120.59,2,,2021-08-10,No
CLI-007933,CTR-007933,63,Madrid,10,83.68,Web,Estándar,,2,8,2025-11-01,Sí
CLI-008972,CTR-008972,58,Barcelona,89,50.72,Teléfono,Empresa,3235.43,4,5,2019-04-02,No
CLI-002379,CTR-002379,48,Madrid,36,105.88,Tienda,Básico,10475.28,1,7,2023-09-27,No
CLI-001519,CTR-001519,21,Málaga,42,53.91,web,Básico,1341.53,9,6,2023-03-26,Sí
CLI-003101,CTR-003101,27,Madrid,24,69.02,Web,Estándar,2851.99,1,,2024-09-22,Sí
CLI-009471,CTR-009471,54,Valencia,31,42.54,Teléfono,Estándar,3817.57,2,,2024-02-03,Sí
CLI-002226,CTR-002226,53,Zaragoza,85,66.2,WEB,Básico,2529.82,4,7,2019-08-01,No
CLI-007472,CTR-007472,46,Murcia,28,74.09,Aplicación,Estándar,2104.26,3,,2024-05-08,No
CLI-000841,CTR-000841,18,Barcelona,17,68.77,Web,Estándar,849.84,3,10,2025-04-26,Sí
CLI-002456,CTR-002456,43,Barcelona,76,67.36,Tienda,Empresa,2139.79,1,8,2020-05-06,No
CLI-008931,CTR-008931,48,Madrid,63,94.63,Web,Estándar,2051.88,4,7,2021-06-25,No
CLI-002629,CTR-002629,42,Madrid,54,39.32,Web,Estándar,3377.78,0,6,2022-03-07,No
CLI-006547,CTR-006547,49,Valencia,33,35.15,Web,Premium,4564.87,3,8,2023-12-26,No
CLI-008974,CTR-008974,49,Barcelona,12,73.82,Teléfono,Empresa,991.48,4,5,2025-09-22,Sí
CLI-005340,CTR-005340,59,Valencia,79,90.29,Web,Premium,,2,,2020-02-28,No
CLI-009373,CTR-009373,50,Málaga,31,74.85,Web,Empresa,3308.22,5,2,2024-02-08,Sí
CLI-001443,CTR-001443,36,Barcelona,55,49.38,Aplicación,Premium,3013.79,3,,2022-02-20,No
CLI-000326,CTR-000326,32,Sevilla,26,78.32,Teléfono,Estándar,2851.48,4,,2024-07-08,Sí
CLI-008658,CTR-008658,34,Madrid,22,63.76,Teléfono,Básico,1975.37,4,,2024-11-05,Sí
CLI-003755,CTR-003755,40,Madrid,47,48.62,Tienda,Estándar,3264.72,2,7,2022-10-10,No
CLI-002356,CTR-002356,45,Sevilla,48,52.83,Web,Estándar,2069.31,4,4,2022-09-21,No
CLI-001743,CTR-001743,54,Valencia,54,83,Web,Básico,2923.66,2,,2022-03-18,No
CLI-009727,CTR-009727,24,Barcelona,19,39.37,Web,Básico,2449.52,1,6,2025-02-03,No
CLI-002830,CTR-002830,35,Madrid,75,51.37,Tienda,Básico,2330.05,2,,2020-06-11,No
CLI-006480,CTR-006480,33,Sevilla,57,73.97,Teléfono,Premium,,2,8,2021-12-09,No
CLI-008042,CTR-008042,38,Barcelona,1,77.76,,Estándar,2958.02,8,4,2026-08-26,Sí
CLI-003072,CTR-003072,36,Madrid,9,62.39,Tienda,Básico,2805.9,3,7,2025-12-08,Sí
CLI-002857,CTR-002857,54,Madrid,34,53.24,Web,Básico,1073.38,3,8,2023-11-07,No
CLI-006863,CTR-006863,35,Zaragoza,28,27.72,Tienda,Básico,2997.19,2,,2024-05-15,No
CLI-007984,CTR-007984,54,Barcelona,37,25.73,Web,Estándar,1754.54,2,4,2023-08-05,Sí
CLI-006567,CTR-006567,32,Málaga,2,49.67,Aplicación,Estándar,2160.47,2,5,2026-07-10,Sí
CLI-000090,CTR-000090,50,Murcia,19,40.99,Tienda,Básico,1235.99,3,6,2025-02-25,Sí
CLI-008469,CTR-008469,61,Valencia,44,76.44,Web,Básico,3382.96,4,,2023-01-03,Sí
CLI-006016,CTR-006016,34,Madrid,30,66.73,Tienda,Premium,1485.4,4,,2024-03-07,Sí
CLI-001641,CTR-001641,38,Zaragoza,46,40.08,Web,Básico,,5,5,2022-11-10,Sí
CLI-008819,CTR-008819,43,Málaga,8,58.65,Web,Estándar,2043.55,2,6,2026-01-27,Sí
CLI-009798,CTR-009798,48,Zaragoza,26,34.96,Web,Estándar,2976.48,2,7,2024-07-07,No
CLI-007226,CTR-007226,60,Barcelona,14,52.7,Teléfono,Estándar,3736.21,3,4,2025-07-12,Sí
CLI-006903,CTR-006903,65,Zaragoza,13,126.14,Aplicación,Estándar,1790.69,5,5,2025-08-01,Sí
CLI-002309,CTR-002309,46,Murcia,33,66.92,Tienda,Estándar,,2,,2023-12-22,No
CLI-006061,CTR-006061,47,Barcelona,32,61.93,Tienda,Premium,2416.49,1,9,2024-01-05,No
CLI-001133,CTR-001133,18,Madrid,4,67.08,Aplicación,Estándar,,4,,2026-05-04,Sí
CLI-002654,CTR-002654,25,Valencia,26,71.28,Tienda,Estándar,1610.85,4,3,2024-07-09,Sí
CLI-006373,CTR-006373,31,Madrid,19,44.4,Tienda,Estándar,,8,,2025-02-15,Sí
CLI-007444,CTR-007444,38,Málaga,26,71.55,WEB,Básico,,1,9,2024-07-25,No
CLI-008004,CTR-008004,59,Murcia,62,65,Web,Básico,1863.23,2,9,2021-07-08,No
CLI-002011,CTR-002011,44,Madrid,42,68.69,Tienda,Empresa,2586.9,5,,2023-03-15,Sí
CLI-001751,CTR-001751,40,Madrid,10,63.23,Web,Premium,2325.85,0,8,2025-11-24,No
CLI-006399,CTR-006399,56,Sevilla,15,61.52,Web,Premium,2433.18,0,7,2025-06-06,No
CLI-004999,CTR-004999,46,Barcelona,29,63.93,Teléfono,Estándar,750,3,6,2024-04-26,Sí
CLI-007544,CTR-007544,62,Barcelona,76,15.11,Aplicación,Premium,,0,9,2020-05-21,No
CLI-005987,CTR-005987,21,Sevilla,15,55.39,Tienda,Básico,2338.76,6,5,2025-06-24,Sí
CLI-000017,CTR-009867,47,Madrid,52,63.28,Teléfono,Premium,2933.7,2,,2022-05-15,No
CLI-005251,CTR-005251,48,Valencia,32,38.49,Tienda,Premium,858.22,0,5,2024-01-02,Sí
CLI-000987,CTR-000987,56,Sevilla,76,61.11,Teléfono,Estándar,1452.47,4,8,2020-05-24,No
CLI-004886,CTR-004886,18,Madrid,52,77.17,Web,Estándar,2844.48,2,5,2022-05-08,No
CLI-001741,CTR-001741,38,Barcelona,43,85.2,Web,Básico,2945.29,4,6,2023-02-02,Sí
CLI-005792,CTR-005792,41,Alicante,66,87.3,Web,Estándar,2250.16,2,7,2021-03-18,No
CLI-009592,CTR-009592,62,Zaragoza,59,105.14,Web,Premium,1575.69,1,5,2021-10-11,No
CLI-005666,CTR-005666,40,Madrid,80,86.31,Web,Premium,,3,5,2020-01-20,No
CLI-002801,CTR-002801,54,Murcia,8,55.33,web,Estándar,2778,2,5,2026-01-25,No
CLI-007292,CTR-007292,41,Madrid,16,48.61,Web,Estándar,2302.27,5,,2025-05-14,Sí
CLI-009219,CTR-009219,37,Madrid,77,50.81,Tienda,Básico,2380.08,1,,2020-04-14,No
CLI-002173,CTR-002173,52,Alicante,25,84.96,Aplicación,Premium,3937.63,5,,2024-08-26,No
CLI-000069,CTR-009919,18,Madrid,7,66.72,Web,Estándar,1166.82,1,7,2026-02-26,No
CLI-006498,CTR-006498,37,Sevilla,13,74.11,Teléfono,Básico,2480.4,5,6,2025-08-10,Sí
CLI-008467,CTR-008467,26,Madrid,2,91.4,Teléfono,Estándar,985.52,4,7,2026-07-15,Sí
CLI-005130,CTR-005130,38,Barcelona,62,49.2,Web,Premium,4528.08,3,8,2021-07-02,No
CLI-009771,CTR-009771,41,Barcelona,42,58.99,Web,Básico,2054.85,0,,2023-03-10,No
CLI-007160,CTR-007160,38,Zaragoza,5,74.66,Web,Empresa,1454.57,2,5,2026-04-28,Sí
CLI-009044,CTR-009044,50,Madrid,37,99.8,Aplicación,Estándar,3248.35,5,,2023-08-23,Sí
CLI-005577,CTR-005577,37,Madrid,37,38.46,Tienda,Básico,2839.55,4,,2023-08-20,No
CLI-000587,CTR-000587,33,Madrid,41,49.12,Tienda,Premium,2153.95,2,7,2023-04-12,Sí
CLI-008050,CTR-008050,21,Madrid,13,65.71,Web,Básico,2892.89,5,6,2025-08-20,Sí
CLI-002920,CTR-002920,21,Barcelona,43,74.38,Aplicación,Premium,2221.98,4,,2023-02-14,Sí
CLI-008633,CTR-008633,36,Madrid,83,57.85,Web,Básico,3679.65,1,,2019-10-05,No
CLI-008449,CTR-008449,66,Madrid,64,64.67,Web,Básico,,3,8,2021-05-24,No
CLI-006005,CTR-006005,51,Málaga,49,81.52,Aplicación,Empresa,3447.56,4,9,2022-08-10,No
CLI-009796,CTR-009796,44,Barcelona,68,97.16,Tienda,Básico,,2,7,2021-01-09,No
CLI-002504,CTR-002504,38,Alicante,12,90.45,Teléfono,Estándar,2424.48,1,7,2025-09-21,No
CLI-000360,CTR-000360,18,Madrid,39,78.31,Web,Estándar,2853.8,3,5,2023-06-12,Sí
CLI-000638,CTR-000638,62,Málaga,49,76.63,Tienda,Premium,3598.55,2,,2022-08-19,No
CLI-003252,CTR-003252,39,Madrid,24,37.99,Aplicación,Estándar,,2,,2024-09-20,Sí
CLI-005686,CTR-005686,69,Alicante,24,90.55,Web,Premium,,3,9,2024-09-12,No
CLI-009537,CTR-009537,25,Barcelona,45,97.42,Tienda,Estándar,2792.93,3,6,2022-12-20,Sí
CLI-003255,CTR-003255,29,Sevilla,29,74.28,Teléfono,Estándar,1992.6,4,4,2024-04-21,Sí
CLI-004948,CTR-004948,41,Valencia,42,85.19,Web,Empresa,1303.56,4,4,2023-03-01,Sí
CLI-005537,CTR-005537,27,Valencia,15,15.01,Web,Premium,1739.78,4,5,2025-06-28,Sí
CLI-001872,CTR-001872,44,Alicante,78,53.8,Tienda,Premium,3746.53,1,9,2020-03-17,No
CLI-002594,CTR-002594,42,Madrid,33,49.15,Tienda,Empresa,2758.05,2,6,2023-12-15,No
CLI-001078,CTR-001078,48,Madrid,29,69.09,Web,Estándar,2543.53,0,10,2024-04-03,No
CLI-009574,CTR-009574,51,Málaga,53,77.78,Web,Empresa,1902.62,2,6,2022-04-08,No
CLI-005621,CTR-005621,29,Málaga,21,59.9,Web,Básico,3310.81,5,7,2024-12-11,No
CLI-007329,CTR-007329,32,Madrid,9,89.86,Teléfono,Básico,2106.94,3,5,2025-12-12,Sí
CLI-006303,CTR-006303,51,Murcia,15,47.6,Teléfono,Estándar,4396.56,3,,2025-06-16,No
CLI-001508,CTR-001508,76,Barcelona,91,69.74,Web,Básico,3119.76,1,4,2019-02-22,No
CLI-000865,CTR-000865,53,Valencia,48,71.35,Aplicación,Básico,2800.95,4,7,2022-09-27,No
CLI-000639,CTR-000639,41,Barcelona,75,86.37,Tienda,Premium,,2,5,2020-06-24,No
CLI-002778,CTR-002778,41,Murcia,28,63.09,Web,Básico,2250.75,0,,2024-05-20,No
CLI-000255,CTR-000255,39,Valencia,55,16.5,Tienda,Estándar,,1,6,2022-02-05,No
CLI-006593,CTR-006593,60,Málaga,70,75.15,Web,Básico,3714.81,2,9,2020-11-19,No
CLI-009223,CTR-009223,67,Madrid,67,75.77,Tienda,Estándar,2211.71,1,5,2021-02-01,No
CLI-006947,CTR-006947,46,Murcia,17,13.69,Web,Premium,2649.92,5,5,2025-04-12,Sí
CLI-006658,CTR-006658,72,Valencia,66,65,Aplicación,Premium,3619.98,1,7,2021-03-21,No
CLI-006466,CTR-006466,26,Valencia,27,56.8,Teléfono,Básico,3767.34,3,,2024-06-10,Sí
CLI-006810,CTR-006810,59,Madrid,76,40,Web,Premium,1141.31,3,5,2020-05-20,No
CLI-009065,CTR-009065,49,Murcia,88,34.47,Teléfono,Premium,3147.16,3,,2019-05-19,No
CLI-003308,CTR-003308,40,Valencia,88,46.75,Web,Básico,3464.93,3,6,2019-05-25,No
CLI-009256,CTR-009256,41,Barcelona,63,67.75,Web,Premium,1371.98,4,7,2021-06-20,No
CLI-002649,CTR-002649,39,Madrid,47,80.27,Web,Básico,3260.37,5,5,2022-10-21,Sí
CLI-009120,CTR-009120,50,Madrid,38,34.05,Tienda,Premium,,1,6,2023-07-05,Sí
CLI-006866,CTR-006866,61,Valencia,54,77.02,Tienda,Estándar,2874.57,1,9,2022-03-20,No
CLI-006783,CTR-006783,42,Madrid,45,70.95,Tienda,Estándar,2409.51,4,4,2022-12-26,Sí
CLI-001665,CTR-001665,40,Valencia,28,76.79,Tienda,Premium,1575.97,8,8,2024-05-20,Sí
CLI-009122,CTR-009122,43,Valencia,20,31.63,Web,Estándar,3272.69,1,6,2025-01-10,No
CLI-007467,CTR-007467,40,Valencia,27,83.1,WEB,Estándar,2580.76,7,,2024-06-06,Sí
CLI-002916,CTR-002916,42,Madrid,23,68,Teléfono,Estándar,1713.1,0,,2024-10-07,Sí
CLI-001749,CTR-001749,19,Madrid,28,42.68,WEB,Básico,2305.85,7,,2024-05-17,No
CLI-009297,CTR-009297,28,Madrid,89,48.8,Tienda,Estándar,2594.14,3,5,2019-04-08,No
CLI-000648,CTR-000648,29,Madrid,35,34.14,Web,Estándar,2677.69,4,8,2023-10-28,Sí
CLI-005465,CTR-005465,34,Zaragoza,67,27.18,WEB,Estándar,,0,8,2021-02-14,No
CLI-003971,CTR-003971,41,Murcia,30,44.3,Tienda,Básico,4313.47,0,6,2024-03-21,No
CLI-009519,CTR-009519,41,Barcelona,25,75.86,Web,Premium,2665.02,2,9,2024-08-19,No
CLI-005910,CTR-005910,51,Sevilla,47,66.72,Teléfono,Básico,1366.23,5,,2022-10-02,Sí
CLI-002640,CTR-002640,19,Madrid,6,62.47,Tienda,Premium,1693.87,4,,2026-03-19,Sí
CLI-006114,CTR-006114,34,Madrid,87,55.76,Aplicación,Empresa,3147.25,3,,2019-06-03,No
CLI-003893,CTR-003893,62,Barcelona,33,58.94,Aplicación,Básico,3221.64,8,8,2023-12-14,Sí
CLI-006467,CTR-006467,52,Alicante,56,75.72,Aplicación,Básico,3947.83,2,8,2022-01-19,No
CLI-002639,CTR-002639,58,Barcelona,22,67.8,Web,Estándar,1415.46,5,3,2024-11-22,Sí
CLI-007487,CTR-007487,41,Sevilla,7,82.63,Web,Estándar,2221.47,3,5,2026-02-13,Sí
CLI-004587,CTR-004587,29,Madrid,45,93.57,Aplicación,Básico,,3,6,2022-12-28,Sí
CLI-003931,CTR-003931,47,Valencia,71,62.97,Web,Premium,2830.57,2,7,2020-10-25,No
CLI-006996,CTR-006996,47,Zaragoza,22,61.74,Teléfono,Básico,1804.01,2,,2024-11-14,No
CLI-009097,CTR-009097,42,Valencia,8,47.93,Tienda,Básico,2256.06,0,8,2026-01-11,No
CLI-004794,CTR-004794,49,Zaragoza,41,56.57,Teléfono,Estándar,,7,6,2023-04-22,Sí
CLI-002340,CTR-002340,44,Madrid,30,25.56,Web,Estándar,2811.91,5,10,2024-03-14,No
CLI-007945,CTR-007945,46,Madrid,33,83.03,Web,Empresa,869.02,3,6,2023-12-05,Sí
CLI-000517,CTR-000517,29,Valencia,13,43.73,Aplicación,Premium,3557.13,7,,2025-08-05,Sí
CLI-007614,CTR-007614,35,Madrid,40,67.72,Teléfono,Estándar,1811.5,3,9,2023-05-11,No
CLI-002022,CTR-002022,36,Madrid,58,83.65,Aplicación,Premium,2858.14,3,,2021-11-18,No
CLI-007293,CTR-007293,47,Barcelona,47,38.85,Aplicación,Básico,2753.13,0,,2022-10-04,No
CLI-006049,CTR-006049,35,Valencia,37,48.5,Teléfono,Básico,,2,9,2023-08-26,No
CLI-002749,CTR-002749,45,Alicante,20,73.8,Aplicación,Premium,2326.28,2,9,2025-01-13,No
CLI-006922,CTR-006922,35,Madrid,10,59.91,Web,Premium,3347.9,7,,2025-11-11,Sí
CLI-005244,CTR-005244,37,Barcelona,94,69.12,Web,Estándar,2557.49,1,9,2018-11-17,No
CLI-004586,CTR-004586,55,Valencia,91,54.88,Aplicación,Premium,,0,8,2019-02-12,No
CLI-001275,CTR-001275,30,Madrid,13,52.64,web,Premium,1364.26,4,4,2025-08-11,Sí
CLI-009026,CTR-009026,41,Barcelona,38,64.79,Web,Estándar,,4,,2023-07-07,Sí
CLI-001614,CTR-001614,44,Madrid,10,64.55,Aplicación,Empresa,,0,7,2025-11-03,No
CLI-009511,CTR-009511,39,Sevilla,12,74.52,Teléfono,Premium,2814.26,4,,2025-09-03,Sí
CLI-007288,CTR-007288,18,Madrid,19,38.12,Web,Estándar,1459.53,2,8,2025-02-03,No
CLI-000762,CTR-000762,39,Barcelona,3,46.5,Teléfono,Básico,1917.31,6,,2026-06-11,Sí
CLI-005646,CTR-005646,33,Madrid,44,67.05,Teléfono,Empresa,2295.04,4,,2023-01-24,Sí
CLI-001916,CTR-001916,38,Barcelona,21,80.87,Aplicación,Premium,,6,8,2024-12-11,Sí
CLI-006828,CTR-006828,40,Zaragoza,55,46.67,Web,Estándar,2180.79,3,10,2022-02-17,No
CLI-006215,CTR-006215,32,Valencia,34,52.85,Aplicación,Básico,1914.26,3,,2023-11-24,No
CLI-009793,CTR-009793,37,Zaragoza,61,47.31,Web,Premium,3131.03,2,7,2021-08-11,No
CLI-006942,CTR-006942,49,Barcelona,71,66.85,Web,Básico,3443.87,0,7,2020-10-02,No
CLI-008830,CTR-008830,53,Madrid,9,44.16,Web,Premium,1195.12,2,9,2025-12-26,No
CLI-005246,CTR-005246,47,Zaragoza,27,77.3,Teléfono,Estándar,3176.59,4,10,2024-06-19,No
CLI-001607,CTR-001607,39,Valencia,62,46,Tienda,Estándar,3521.61,1,5,2021-07-21,No
CLI-007802,CTR-007802,26,Valencia,17,69.83,Tienda,Básico,2502.73,4,,2025-04-14,No
CLI-005797,CTR-005797,52,Sevilla,-7,54.22,Web,Empresa,2531.77,1,7,2019-08-20,No
CLI-006038,CTR-006038,48,Madrid,53,81.59,Web,Básico,,0,8,2022-04-02,No
CLI-006609,CTR-006609,58,Sevilla,34,73.62,Tienda,Estándar,2995.68,4,6,2023-11-20,Sí
CLI-005742,CTR-005742,42,Murcia,33,112.27,Teléfono,Básico,,2,,2023-12-14,Sí
CLI-004414,CTR-004414,63,Murcia,83,45.14,Aplicación,Básico,3063.36,2,7,2019-10-02,No
CLI-008373,CTR-008373,32,Málaga,14,93.96,Web,Premium,2593.74,0,9,2025-07-20,No
CLI-003775,CTR-003775,38,Valencia,41,68.76,Aplicación,Estándar,1462.42,2,7,2023-04-15,No
CLI-004060,CTR-004060,36,Alicante,42,40.15,Aplicación,Estándar,2392.41,3,,2023-03-21,Sí
CLI-006312,CTR-006312,23,Sevilla,56,65.71,Tienda,Básico,,0,5,2022-01-07,No
CLI-005791,CTR-005791,38,Barcelona,24,105.45,WEB,Estándar,3002.93,7,3,2024-09-08,Sí
CLI-007270,CTR-007270,41,Barcelona,42,76.56,Aplicación,Premium,1946.86,0,,2023-03-12,No
CLI-009263,CTR-009263,31,Sevilla,12,82.85,web,Básico,955.29,4,7,2025-09-08,Sí
CLI-003257,CTR-003257,28,Madrid,15,61.87,Web,Premium,2645.89,1,6,2025-06-15,No
CLI-007810,CTR-007810,51,Barcelona,72,72.51,Tienda,Estándar,2018.99,1,,2020-09-24,No
CLI-000001,CTR-000001,28,Barcelona,84,47.75,Aplicación,Premium,,1,9,2019-09-08,No
CLI-008344,CTR-008344,30,Madrid,28,97.6,WEB,Empresa,2624.57,6,5,2024-05-15,Sí
CLI-007916,CTR-007916,64,Madrid,4,73.74,,Premium,1866.46,1,6,2026-05-11,Sí
CLI-006487,CTR-006487,36,Zaragoza,37,45.85,Tienda,Estándar,1923.65,7,4,2023-08-10,Sí
CLI-006735,CTR-006735,33,Barcelona,51,69,,Premium,3384.37,4,6,2022-06-19,No
CLI-009280,CTR-009280,30,Murcia,1,46.42,Web,Básico,,6,,2026-08-12,Sí
CLI-003491,CTR-003491,43,Zaragoza,25,86.35,WEB,Estándar,,0,7,2024-08-24,No
CLI-006554,CTR-006554,33,Madrid,16,38.62,Web,Estándar,3401.26,2,,2025-05-22,No
CLI-007617,CTR-007617,18,Málaga,65,37.35,Web,Premium,1807.05,3,5,2021-04-11,No
CLI-002047,CTR-002047,56,Sevilla,58,79.05,Teléfono,Premium,2856.04,2,5,2021-11-06,No
CLI-000093,CTR-000093,36,Madrid,19,91.25,Tienda,Premium,,2,8,2025-02-18,No
CLI-004028,CTR-004028,44,Alicante,13,100.01,Web,Básico,2614.33,4,5,2025-08-11,Sí
CLI-001565,CTR-001565,20,Barcelona,14,42.08,Aplicación,Estándar,4716.76,6,,2025-07-14,Sí
CLI-006333,CTR-006333,30,Zaragoza,21,92.46,Tienda,Estándar,,2,6,2024-12-01,Sí
CLI-002539,CTR-002539,50,Málaga,82,33.32,Web,Estándar,3092.25,3,,2019-11-03,No
CLI-006427,CTR-006427,42,Barcelona,38,25.05,,Estándar,1852.77,4,4,2023-07-20,Sí
CLI-004689,CTR-004689,56,Zaragoza,57,36.08,Web,Estándar,3359.32,0,7,2021-12-07,No
CLI-003199,CTR-003199,53,Barcelona,22,73.19,Tienda,Básico,4240.29,5,3,2024-11-13,Sí
CLI-009212,CTR-009212,45,Málaga,77,70.47,Tienda,Básico,,0,8,2020-04-12,No
CLI-004943,CTR-004943,65,Barcelona,24,22.64,Tienda,Estándar,,4,,2024-09-14,No
CLI-004783,CTR-004783,61,Barcelona,51,72.27,Web,Premium,2636.28,0,7,2022-06-23,No
CLI-007482,CTR-007482,51,Madrid,85,67,Aplicación,Básico,3289.66,0,6,2019-08-24,No
CLI-003046,CTR-003046,40,Madrid,19,54.78,Aplicación,Premium,2504.19,3,,2025-02-16,No
CLI-006501,CTR-006501,54,Sevilla,6,90.22,Web,Básico,1870.36,0,7,2026-03-28,No
CLI-005769,CTR-005769,42,Madrid,14,46.64,Web,Premium,2917.23,4,,2025-07-26,Sí
CLI-006943,CTR-006943,49,Málaga,63,78.03,Aplicación,Estándar,2318.73,5,9,2021-06-10,No
CLI-009731,CTR-009731,56,Murcia,44,26.16,Tienda,Básico,2117.08,1,6,2023-01-04,No
CLI-008927,CTR-008927,42,Málaga,68,79.96,Aplicación,Básico,3822.11,1,9,2021-01-07,No
CLI-005976,CTR-005976,43,Sevilla,24,64.34,Tienda,Empresa,2336.6,5,5,2024-09-26,Sí
CLI-000972,CTR-000972,36,Barcelona,37,51.22,,Estándar,1539.82,0,7,2023-08-11,No
CLI-006640,CTR-006640,36,Málaga,3,86.03,Aplicación,Básico,1905.53,5,6,2026-06-21,Sí
CLI-001181,CTR-001181,38,Madrid,72,47.94,Tienda,Empresa,,5,,2020-09-04,No
CLI-003326,CTR-003326,55,Madrid,41,66.64,web,Estándar,2479.47,5,5,2023-04-22,No
CLI-009358,CTR-009358,50,Murcia,59,86.7,Tienda,Estándar,2866.19,1,6,2021-10-14,No
CLI-002651,CTR-002651,19,Madrid,86,80.22,Teléfono,Estándar,2508.43,1,5,2019-07-13,No
CLI-004483,CTR-004483,18,Málaga,36,36.63,WEB,Estándar,1928.26,6,4,2023-09-10,Sí
CLI-003916,CTR-003916,26,Madrid,66,49.31,Teléfono,Estándar,1862.07,3,,2021-03-13,No
CLI-009260,CTR-009260,36,Málaga,79,65.94,Web,Básico,2680.4,0,,2020-02-16,No
CLI-008416,CTR-008416,29,Madrid,49,55.34,Web,Estándar,3787.34,2,,2022-08-07,No
CLI-001574,CTR-001574,40,Málaga,20,74.68,Tienda,Premium,2686.06,4,8,2025-01-26,No
CLI-008505,CTR-008505,46,Barcelona,82,28.78,,Básico,4047.94,3,7,2019-11-20,No
CLI-007407,CTR-007407,33,Alicante,42,82.64,Teléfono,Estándar,,2,4,2023-03-25,Sí
CLI-000617,CTR-000617,38,Barcelona,45,62.06,web,Básico,3114.17,0,5,2022-12-06,No
CLI-003852,CTR-003852,29,Málaga,29,87.73,,Básico,963.89,1,5,2024-04-25,Sí
CLI-002662,CTR-002662,25,Madrid,50,61.67,Teléfono,Estándar,3409.27,3,6,2022-07-26,No
CLI-003052,CTR-003052,34,Zaragoza,40,44.88,Web,Básico,2323.79,4,,2023-05-24,Sí
CLI-009160,CTR-009160,32,Madrid,19,35.68,Web,Estándar,3210.17,3,,2025-02-15,No
CLI-007096,CTR-007096,25,Madrid,74,76.01,Teléfono,Estándar,,1,8,2020-07-23,No
CLI-000156,CTR-000156,47,Murcia,10,18.29,Tienda,Empresa,3102.31,6,6,2025-11-27,Sí
CLI-009229,CTR-009229,25,Valencia,88,84.2,Aplicación,Premium,4089.8,1,7,2019-05-07,No
CLI-002748,CTR-002748,27,Sevilla,66,39.86,Teléfono,Básico,3347.53,3,7,2021-03-24,No
CLI-007591,CTR-007591,46,Madrid,14,81.97,Web,Premium,2318.71,0,8,2025-07-11,No
CLI-008245,CTR-008245,47,Alicante,81,29.95,Web,Estándar,,1,,2019-12-08,No
CLI-005008,CTR-005008,31,Zaragoza,58,52.92,Tienda,Básico,1916.93,1,,2021-11-13,No
CLI-003070,CTR-003070,39,Madrid,34,49.2,Web,Premium,2520.92,5,6,2023-11-10,Sí
CLI-008456,CTR-008456,59,Zaragoza,47,48.08,Tienda,Básico,3592.43,0,6,2022-10-18,No
CLI-002988,CTR-002988,49,Madrid,48,71.85,Tienda,Estándar,2392.11,2,7,2022-09-23,No
CLI-000117,CTR-000117,26,Málaga,46,83.8,Tienda,Premium,,7,,2022-11-28,Sí
CLI-002296,CTR-002296,56,Zaragoza,29,112.02,Tienda,Premium,,4,7,2024-04-05,Sí
CLI-002788,CTR-002788,40,Murcia,42,32.66,Teléfono,Básico,1467.79,4,4,2023-03-28,Sí
CLI-004313,CTR-004313,18,Murcia,28,42.1,Teléfono,Premium,1984.5,3,2,2024-05-22,Sí
CLI-005447,CTR-005447,33,Sevilla,79,84.03,Aplicación,Premium,3664.19,3,6,2020-02-27,No
CLI-006953,CTR-006953,53,Madrid,24,67.57,Web,Empresa,2826.03,2,8,2024-09-06,Sí
CLI-002246,CTR-002246,49,Madrid,10,32.05,Teléfono,Estándar,4180.98,0,7,2025-11-15,No
CLI-006617,CTR-006617,25,Madrid,51,11.73,Tienda,Estándar,3390.15,2,,2022-06-15,No
CLI-003979,CTR-003979,37,Murcia,74,71.98,web,Básico,1574.09,3,,2020-07-25,No
CLI-000244,CTR-000244,52,Zaragoza,19,68.75,Teléfono,Estándar,2021.77,3,,2025-02-03,No
CLI-005877,CTR-005877,36,Valencia,24,42.85,Aplicación,Premium,1599.13,1,7,2024-09-15,No
CLI-009713,CTR-009713,33,Zaragoza,30,70.59,Teléfono,Básico,2379.3,5,5,2024-03-20,Sí
CLI-002066,CTR-002066,41,Valencia,35,15.43,Web,Premium,3037.37,0,,2023-10-21,No
CLI-002624,CTR-002624,51,Madrid,9,18.22,Web,Premium,3190.31,1,8,2025-12-14,No
CLI-003865,CTR-003865,40,Madrid,2,32.44,Tienda,Premium,1680.84,1,2,2026-07-06,Sí
CLI-009352,CTR-009352,40,Valencia,95,72.18,Teléfono,Estándar,2348.52,1,9,2018-10-03,No
CLI-000340,CTR-000340,43,Zaragoza,33,81.89,Teléfono,Empresa,2412.08,3,,2023-12-10,Sí
CLI-007247,CTR-007247,43,Málaga,75,86.14,WEB,Estándar,3120.9,1,,2020-06-16,No
CLI-007285,CTR-007285,48,Málaga,39,55.74,Teléfono,Básico,4004.51,5,10,2023-06-14,No
CLI-003762,CTR-003762,37,Barcelona,28,37.96,Aplicación,Estándar,1129.38,2,4,2024-05-08,Sí
CLI-004170,CTR-004170,51,Murcia,30,66.61,web,Estándar,,6,5,2024-03-20,Sí
CLI-004084,CTR-004084,45,Valencia,87,66.32,Tienda,Básico,2879.48,1,6,2019-06-13,No
CLI-009587,CTR-009587,36,Barcelona,11,74.47,Aplicación,Estándar,2424.36,3,9,2025-10-18,No
CLI-001003,CTR-001003,45,Sevilla,36,98.81,Web,Premium,1557.97,2,9,2023-09-16,No
CLI-007033,CTR-007033,61,Valencia,26,45.37,Teléfono,Premium,3617.55,2,8,2024-07-22,No
CLI-004704,CTR-004704,35,Madrid,74,43.89,Teléfono,Estándar,,2,,2020-07-17,No
CLI-001055,CTR-001055,27,Alicante,12,29.68,Tienda,Estándar,,7,5,2025-09-11,Sí
CLI-000065,CTR-000065,48,Zaragoza,3,59.19,web,Básico,2575.66,3,,2026-06-10,Sí
CLI-002249,CTR-002249,43,Zaragoza,40,71.42,Web,Estándar,,8,5,2023-05-20,Sí
CLI-001251,CTR-001251,34,Barcelona,62,112.89,Tienda,Premium,4734.79,3,8,2021-07-05,No
CLI-000781,CTR-000781,25,Sevilla,45,17.78,web,Estándar,,2,6,2022-12-03,No
CLI-007848,CTR-007848,57,Madrid,46,70.84,Tienda,Básico,,0,,2022-11-04,No
CLI-001557,CTR-001557,32,Madrid,8,63.14,Web,Empresa,993.43,6,7,2026-01-09,Sí
CLI-004288,CTR-004288,27,Barcelona,81,51.28,Web,Básico,2539.51,2,9,2019-12-23,No
CLI-007418,CTR-007418,48,Madrid,16,54.28,Teléfono,Empresa,3445.55,4,5,2025-05-04,Sí
CLI-000637,CTR-000637,56,Barcelona,11,62.49,Web,Estándar,3013.08,4,,2025-10-04,No
CLI-009497,CTR-009497,56,Zaragoza,37,55.42,Web,Premium,3636.45,2,,2023-08-24,No
CLI-007853,CTR-007853,37,Barcelona,83,53.53,Tienda,Estándar,,1,8,2019-10-26,No
CLI-007661,CTR-007661,32,Madrid,24,48.18,Tienda,Básico,,7,8,2024-09-23,Sí
CLI-001098,CTR-001098,51,Madrid,22,25.32,Teléfono,Estándar,2031.47,0,10,2024-11-06,No
CLI-001005,CTR-001005,36,Sevilla,8,56.89,Tienda,Básico,1354.83,2,9,2026-01-22,No
CLI-000073,CTR-000073,62,Barcelona,47,43.01,Teléfono,Estándar,1804.37,2,8,2022-10-14,No
CLI-009086,CTR-009086,66,Madrid,87,38.8,Tienda,Básico,2507.62,3,9,2019-06-05,No
CLI-009138,CTR-009138,61,Barcelona,67,76.57,Web,Estándar,3190.86,2,7,2021-02-11,No
CLI-000277,CTR-000277,50,Zaragoza,29,94.34,Tienda,Estándar,2287.63,0,5,2024-04-26,Sí
CLI-008713,CTR-008713,27,Málaga,38,36.5,WEB,Estándar,3908.56,5,3,2023-07-02,Sí
CLI-005434,CTR-005434,25,Barcelona,42,48.66,Aplicación,Básico,1813.5,0,5,2023-03-23,Sí
CLI-001560,CTR-001560,32,Madrid,56,55.42,Aplicación,Premium,2812.74,1,9,2022-01-07,No
CLI-007069,CTR-007069,47,Valencia,53,45.32,,Estándar,2772.88,0,,2022-04-23,No
CLI-006056,CTR-006056,31,Sevilla,9,62.54,Teléfono,Estándar,1705.34,5,,2025-12-19,Sí
CLI-001735,CTR-001735,54,Sevilla,72,62.46,Web,Estándar,4500.37,2,8,2020-09-24,No
CLI-005195,CTR-005195,27,Sevilla,82,50.21,Web,Estándar,2116.72,3,,2019-11-15,No
CLI-002630,CTR-002630,51,Madrid,44,89.43,Web,Estándar,2939.79,2,4,2023-01-24,Sí
CLI-002843,CTR-002843,32,Barcelona,56,100.9,Web,Premium,2271.3,0,6,2022-01-05,No
CLI-001792,CTR-001792,23,Barcelona,70,81.16,Tienda,Premium,,2,,2020-11-01,No
CLI-003287,CTR-003287,67,Madrid,71,83.02,WEB,Básico,1886.12,4,,2020-10-23,No
CLI-008334,CTR-008334,48,Madrid,80,32.63,Teléfono,Estándar,2505.53,0,,2020-01-10,No
CLI-002108,CTR-002108,50,Valencia,11,46.83,Web,Básico,3266.6,2,,2025-10-02,No
CLI-006491,CTR-006491,26,Sevilla,30,102.15,Teléfono,Empresa,2570.27,3,6,2024-03-20,No
CLI-006078,CTR-006078,59,Madrid,68,88.16,Web,Estándar,2486.44,2,6,2021-01-01,No
CLI-002459,CTR-002459,48,Madrid,67,27.05,Tienda,Premium,,2,,2021-02-15,No
CLI-009785,CTR-009785,41,Madrid,3,71.29,Teléfono,Básico,1575.89,4,5,2026-06-01,Sí
CLI-000589,CTR-000589,49,Sevilla,49,52.36,Aplicación,Estándar,1299.38,0,5,2022-08-18,No
CLI-006006,CTR-006006,31,Sevilla,22,12.05,,Premium,1140.93,6,5,2024-11-06,Sí
CLI-008111,CTR-008111,38,Madrid,17,78.25,Web,Estándar,2902.52,0,,2025-04-12,No
CLI-001630,CTR-001630,25,Barcelona,36,61.9,Tienda,Estándar,2754.89,2,10,2023-09-27,No
CLI-000468,CTR-000468,49,Zaragoza,1,49.5,Teléfono,Empresa,2460.17,3,5,2026-08-23,Sí
CLI-008062,CTR-008062,45,Valencia,17,73.88,Aplicación,Premium,2811.15,6,6,2025-04-09,Sí
CLI-001788,CTR-001788,35,Madrid,9,85.29,Tienda,Premium,750,5,,2025-12-24,Sí
CLI-000656,CTR-000656,35,Málaga,37,82.69,Tienda,Estándar,1816.81,5,3,2023-08-18,Sí
CLI-009013,CTR-009013,41,Sevilla,49,64.58,Teléfono,Premium,3928.79,4,6,2022-08-23,No
CLI-008072,CTR-008072,33,Málaga,24,45.77,Tienda,Estándar,2889.69,4,3,2024-09-14,Sí
CLI-003898,CTR-003898,22,Madrid,26,66.28,Teléfono,Premium,1765.96,0,,2024-07-12,No
CLI-004085,CTR-004085,43,Barcelona,21,85.45,Tienda,Básico,3226.16,0,8,2024-12-12,No
CLI-004235,CTR-004235,44,Madrid,63,73.32,Web,Premium,2066.22,1,10,2021-06-14,No
CLI-001067,CTR-001067,51,Sevilla,85,73.47,Tienda,Estándar,2771.49,1,8,2019-08-12,No
CLI-002260,CTR-002260,48,Valencia,28,38.21,Aplicación,Básico,3579.84,0,7,2024-05-04,No
CLI-005969,CTR-005969,23,Madrid,37,77.09,Teléfono,Básico,2333.8,2,9,2023-08-07,No
CLI-008461,CTR-008461,40,Madrid,46,42.71,Web,Estándar,3646.99,3,9,2022-11-22,No
CLI-003672,CTR-003672,43,Sevilla,22,37.46,Web,Empresa,3714.82,1,4,2024-11-26,Sí
CLI-004318,CTR-004318,63,Madrid,43,41.84,Aplicación,Básico,2363.11,3,5,2023-02-10,No
CLI-007196,CTR-007196,38,Valencia,1,56.65,Teléfono,Premium,750,4,4,2026-08-09,Sí
CLI-003336,CTR-003336,57,Valencia,15,68.02,Web,Estándar,2907.45,6,8,2025-06-04,Sí
CLI-005898,CTR-005898,44,Valencia,9,59.03,Tienda,Premium,,0,7,2025-12-27,No
CLI-004677,CTR-004677,28,Valencia,6,35.5,Tienda,Estándar,2182.84,7,6,2026-03-13,Sí
CLI-006334,CTR-006334,51,Madrid,48,76.19,Web,Estándar,2559.97,5,3,2022-09-05,Sí
CLI-008775,CTR-008775,31,Barcelona,40,64.35,web,Estándar,2818.55,4,,2023-05-12,No
CLI-007282,CTR-007282,58,Barcelona,72,27.3,Tienda,Básico,2926.95,2,7,2020-09-10,No
CLI-007695,CTR-007695,36,Barcelona,57,60.94,Aplicación,Premium,3363.5,4,7,2021-12-22,No
CLI-001037,CTR-001037,36,Barcelona,82,28.98,Aplicación,Estándar,1907.4,3,9,2019-11-07,No
CLI-003664,CTR-003664,55,Murcia,40,23.31,Web,Estándar,,0,7,2023-05-07,No
CLI-002604,CTR-002604,57,Madrid,32,55.88,Tienda,Estándar,,4,,2024-01-12,Sí
CLI-004232,CTR-004232,19,Alicante,33,62.17,Web,Estándar,882.71,0,,2023-12-17,No
CLI-004285,CTR-004285,33,Valencia,3,59.19,Teléfono,Empresa,3828.42,3,4,2026-06-19,Sí
CLI-005198,CTR-005198,61,Murcia,3,32.19,Web,Empresa,2015.86,6,3,2026-06-12,Sí
CLI-004161,CTR-004161,55,Barcelona,6,84.96,Aplicación,Estándar,3201.49,1,7,2026-03-08,No
CLI-004368,CTR-004368,18,Madrid,8,48.6,Web,Estándar,2911.91,2,8,2026-01-04,Sí
CLI-004668,CTR-004668,55,Valencia,66,24.6,Tienda,Premium,2850.57,2,9,2021-03-19,No
CLI-005719,CTR-005719,33,Barcelona,66,80.2,Web,Empresa,3567.21,0,,2021-03-11,No
CLI-007958,CTR-007958,35,Murcia,51,65.37,Web,Premium,2849.68,3,7,2022-06-26,No
CLI-001571,CTR-001571,53,Sevilla,8,66.59,Tienda,Premium,1224.46,4,5,2026-01-01,Sí
CLI-001539,CTR-001539,40,Sevilla,31,74.19,Aplicación,Estándar,2373.16,4,,2024-02-18,Sí
CLI-004785,CTR-004785,53,Madrid,29,87.35,Web,Básico,3236.79,7,2,2024-04-27,Sí
CLI-001302,CTR-001302,26,Zaragoza,16,69.81,Web,Premium,2708.97,4,6,2025-05-05,Sí
CLI-003771,CTR-003771,46,Murcia,36,65.19,Teléfono,Premium,1716.35,4,4,2023-09-23,No
CLI-006478,CTR-006478,24,Málaga,11,75.93,Web,Estándar,2519.05,2,6,2025-10-21,Sí
CLI-004284,CTR-004284,48,Zaragoza,20,60.38,Tienda,Estándar,1630.69,2,4,2025-01-20,Sí
CLI-004796,CTR-004796,44,Barcelona,42,79.82,Aplicación,Estándar,,1,7,2023-03-13,Sí
CLI-000459,CTR-000459,68,Zaragoza,33,91.38,Web,Premium,1320.07,0,,2023-12-16,No
CLI-002266,CTR-002266,18,Zaragoza,87,54.69,Tienda,Básico,3248.35,2,9,2019-06-15,No
CLI-000198,CTR-000198,56,Madrid,96,53.25,Teléfono,Básico,,2,,2018-09-11,No
CLI-007838,CTR-007838,39,Valencia,62,55.71,Aplicación,Básico,2470.3,2,8,2021-07-26,No
CLI-007529,CTR-007529,33,Sevilla,3,78.8,Tienda,Básico,,4,,2026-06-08,Sí
CLI-007392,CTR-007392,38,Barcelona,45,45.08,Teléfono,Empresa,3282.71,0,,2022-12-13,No
CLI-000514,CTR-000514,28,Barcelona,52,62.31,Web,Estándar,2396.89,2,7,2022-05-10,No
CLI-002160,CTR-002160,42,Málaga,46,86.49,Teléfono,Estándar,2498.3,1,8,2022-11-05,No
CLI-000518,CTR-000518,18,Sevilla,92,83.98,Tienda,Empresa,2225.19,2,7,2019-01-08,No
CLI-009778,CTR-009778,23,Zaragoza,12,59.57,Tienda,Estándar,2219.56,4,3,2025-09-07,Sí
CLI-006323,CTR-006323,59,Barcelona,45,46.92,Aplicación,Estándar,2631.17,1,,2022-12-16,No
CLI-009454,CTR-009454,50,Madrid,14,64,Tienda,Básico,2091.47,0,5,2025-07-27,No
CLI-001204,CTR-001204,52,Madrid,21,36.34,Teléfono,Estándar,2310.64,6,4,2024-12-25,Sí
CLI-008154,CTR-008154,51,Madrid,18,61.65,Web,Básico,3128.04,2,,2025-03-19,No
CLI-004841,CTR-004841,47,Sevilla,17,35.16,Tienda,Premium,2643.96,0,,2025-04-11,No
CLI-004584,CTR-004584,46,Sevilla,39,38.4,WEB,Premium,2881.27,6,4,2023-06-02,Sí
CLI-002197,CTR-002197,46,Madrid,14,67.63,Teléfono,Estándar,1800.19,4,7,2025-07-16,Sí
CLI-001730,CTR-001730,63,Sevilla,77,73.26,Aplicación,Básico,1507.01,1,,2020-04-09,No
CLI-004509,CTR-004509,50,Valencia,78,76.81,Tienda,Premium,2050.69,2,9,2020-03-10,No
CLI-006442,CTR-006442,33,Sevilla,4,52.2,Web,Empresa,4217.92,3,5,2026-05-09,Sí
CLI-006279,CTR-006279,22,Valencia,95,90.22,Web,Estándar,1869.33,0,,2018-10-07,No
CLI-009790,CTR-009790,35,Madrid,25,86.43,Web,Básico,1467.06,2,,2024-08-12,Sí
CLI-005079,CTR-005079,45,Zaragoza,44,78.18,Web,Estándar,3740.48,5,4,2023-01-21,Sí
CLI-005681,CTR-005681,36,Zaragoza,31,73.83,Web,Premium,750,6,4,2024-02-19,Sí
CLI-002538,CTR-002538,24,Zaragoza,70,55.79,Aplicación,Básico,2882.91,4,,2020-11-25,No
CLI-000593,CTR-000593,28,Barcelona,30,73.45,Tienda,Empresa,1912.68,2,,2024-03-04,Sí
CLI-002166,CTR-002166,18,Barcelona,14,115.94,Teléfono,Premium,1335.56,5,,2025-07-26,Sí
CLI-006278,CTR-006278,49,Madrid,37,100.23,Teléfono,Básico,2396.48,1,4,2023-08-21,Sí
CLI-002437,CTR-002437,44,Murcia,32,89.45,Web,Estándar,2455.01,1,,2024-01-10,No
CLI-000743,CTR-000743,51,Madrid,78,42.31,Teléfono,Premium,3875.73,2,9,2020-03-16,No
CLI-005740,CTR-005740,29,Madrid,21,118.31,Web,Básico,2892.07,0,4,2024-12-03,Sí
CLI-008092,CTR-008092,34,Madrid,26,36.78,WEB,Estándar,1764.53,5,3,2024-07-10,Sí
CLI-005927,CTR-005927,47,Barcelona,82,62.31,Web,Premium,,0,7,2019-11-21,No
CLI-009791,CTR-009791,38,Madrid,14,70.84,Web,Estándar,,5,,2025-07-05,No
CLI-008396,CTR-008396,31,Madrid,9,84.71,Aplicación,Premium,,3,4,2025-12-05,Sí
CLI-008976,CTR-008976,42,Madrid,74,38.14,Aplicación,Estándar,,1,,2020-07-13,No
CLI-008852,CTR-008852,43,Barcelona,18,16.92,Tienda,Estándar,1412.61,7,5,2025-03-13,Sí
CLI-009553,CTR-009553,33,Barcelona,47,45.4,Web,Premium,2190.9,6,5,2022-10-06,Sí
CLI-004553,CTR-004553,48,Valencia,26,64.84,Web,Estándar,750,0,,2024-07-01,Sí
CLI-001313,CTR-001313,56,Madrid,44,63.55,Tienda,Estándar,3277.21,5,,2023-01-12,Sí
CLI-003300,CTR-003300,48,Barcelona,29,61.71,Web,Estándar,3580.35,0,,2024-04-09,No
CLI-003039,CTR-003039,45,Madrid,24,77.31,Teléfono,Estándar,1074.55,4,5,2024-09-14,Sí
CLI-004086,CTR-004086,59,Barcelona,82,76.89,Web,Básico,2707.38,4,8,2019-11-22,No
CLI-007581,CTR-007581,41,Sevilla,70,34.79,Aplicación,Estándar,2657.89,2,10,2020-11-24,No
CLI-009073,CTR-009073,54,Zaragoza,48,94.44,Teléfono,Estándar,2907.81,3,7,2022-09-25,Sí
CLI-002361,CTR-002361,55,Madrid,22,52.61,web,Premium,773.52,1,,2024-11-13,No
CLI-000184,CTR-000184,41,Madrid,44,68.21,Aplicación,Básico,3232.8,4,8,2023-01-26,No
CLI-000007,CTR-000007,20,Zaragoza,53,57.35,Tienda,Premium,4235.98,2,8,2022-04-03,No
CLI-009024,CTR-009024,44,Zaragoza,68,78.51,Tienda,Estándar,3748.15,0,7,2021-01-07,No
CLI-001828,CTR-001828,60,Zaragoza,48,36.11,Tienda,Estándar,,2,8,2022-09-22,No
CLI-009736,CTR-009736,56,Barcelona,40,65.58,Web,Básico,3682.11,3,,2023-05-04,Sí
CLI-003808,CTR-003808,31,Madrid,34,60.58,Tienda,Premium,1425.68,5,,2023-11-16,Sí
CLI-008683,CTR-008683,18,Barcelona,42,69.56,Tienda,Estándar,880.4,3,4,2023-03-18,Sí
CLI-004513,CTR-004513,45,Sevilla,14,31.15,Web,Estándar,,1,6,2025-07-06,No
CLI-001885,CTR-001885,34,Madrid,16,62.98,Aplicación,Estándar,3202.79,4,,2025-05-10,Sí
CLI-001811,CTR-001811,29,Zaragoza,40,53.17,Tienda,Estándar,3119.51,1,9,2023-05-07,No
CLI-000623,CTR-000623,39,Valencia,40,81.12,Web,Premium,2880.7,4,,2023-05-03,Sí
CLI-000021,CTR-009871,51,Madrid,74,55.98,Tienda,Estándar,2711.93,2,9,2020-07-27,No
CLI-009285,CTR-009285,48,Sevilla,75,37.63,Teléfono,Premium,2554.15,4,8,2020-06-01,No
CLI-008769,CTR-008769,47,Barcelona,19,62.78,Web,Premium,2821.08,4,,2025-02-03,Sí
CLI-008539,CTR-008539,53,Barcelona,85,57.19,Aplicación,Premium,3666.64,5,7,2019-08-05,No
CLI-003768,CTR-003768,18,Madrid,23,36.07,Web,Empresa,3000.23,2,9,2024-10-20,No
CLI-007113,CTR-007113,57,Málaga,16,49.56,Web,Básico,,4,9,2025-05-19,No
CLI-008457,CTR-008457,50,Barcelona,41,62.42,Teléfono,Básico,2402.96,3,2,2023-04-09,Sí
CLI-002019,CTR-002019,56,Valencia,17,53.51,Web,Premium,1109.53,5,4,2025-04-28,Sí
CLI-008695,CTR-008695,53,Málaga,2,64.62,Tienda,Básico,1879.42,6,5,2026-07-17,Sí
CLI-002273,CTR-002273,59,Sevilla,50,73.81,Teléfono,Básico,3659.2,4,8,2022-07-05,No
CLI-003874,CTR-003874,44,Madrid,29,67.78,Tienda,Empresa,2521.68,0,9,2024-04-08,No
CLI-008425,CTR-008425,27,Sevilla,87,77.09,Web,Estándar,2643.72,5,10,2019-06-13,No
CLI-007253,CTR-007253,18,Zaragoza,9,81.41,Teléfono,Básico,1654.81,3,4,2025-12-26,Sí
CLI-008442,CTR-008442,51,Barcelona,90,67.74,Aplicación,Empresa,,2,10,2019-03-24,No
CLI-006441,CTR-006441,30,Valencia,77,67.49,Tienda,Estándar,2645.79,2,,2020-04-11,No
CLI-005832,CTR-005832,46,Sevilla,44,75.94,Tienda,Premium,2704.95,1,9,2023-01-08,No
CLI-006140,CTR-006140,34,Valencia,6,31.9,Teléfono,Básico,1968.22,4,,2026-03-10,Sí
CLI-004137,CTR-004137,47,Barcelona,34,63.67,Web,Básico,2597.19,1,10,2023-11-13,No
CLI-000014,CTR-000014,64,Madrid,89,34.96,Web,Básico,1915.97,3,9,2019-04-15,No
CLI-005802,CTR-005802,28,Valencia,60,64.38,Tienda,Estándar,1489.12,3,,2021-09-02,No
CLI-004050,CTR-004050,35,Madrid,8,88.15,Aplicación,Premium,2717.6,1,,2026-01-05,No
CLI-006864,CTR-006864,34,Madrid,59,75.63,Tienda,Básico,2406.78,5,,2021-10-23,No
CLI-002141,CTR-002141,31,Sevilla,89,64.01,Tienda,Básico,4472.1,4,8,2019-04-16,No
CLI-004929,CTR-004929,28,Sevilla,62,86.63,WEB,Premium,1551.44,1,8,2021-07-18,No
CLI-003248,CTR-003248,23,Madrid,93,58.09,Teléfono,Estándar,2711.08,0,,2018-12-25,No
CLI-009745,CTR-009745,56,Barcelona,37,83.02,Teléfono,Premium,,2,,2023-08-07,Sí
CLI-007347,CTR-007347,18,Barcelona,58,47.53,Web,Premium,3724.07,0,,2021-11-04,No
CLI-004402,CTR-004402,58,Zaragoza,29,61.83,Tienda,Básico,4193.7,1,8,2024-04-17,No
CLI-004173,CTR-004173,34,Murcia,67,50.52,Tienda,Estándar,,1,7,2021-02-03,No
CLI-001153,CTR-001153,24,Barcelona,6,38.55,Web,Estándar,3197.99,2,,2026-03-18,No
CLI-000089,CTR-000089,35,Madrid,69,58.29,Teléfono,Premium,2896.42,3,8,2020-12-19,No
CLI-007501,CTR-007501,62,Alicante,8,81.39,Web,Premium,2332.42,4,,2026-01-07,Sí
CLI-005443,CTR-005443,18,Madrid,33,54.31,Aplicación,Premium,,4,,2023-12-20,Sí
CLI-006175,CTR-006175,49,Barcelona,15,82.48,Tienda,Básico,,6,6,2025-06-22,Sí
CLI-007264,CTR-007264,33,Sevilla,3,88.18,Tienda,Premium,1960.28,5,7,2026-06-15,Sí
CLI-000966,CTR-000966,18,Sevilla,36,49.58,Web,Empresa,2405.93,3,9,2023-09-25,No
CLI-007815,CTR-007815,36,Murcia,9,52.6,Tienda,Estándar,,3,,2025-12-26,Sí
CLI-000968,CTR-000968,26,Barcelona,33,64.95,Tienda,Estándar,3300.57,1,7,2023-12-12,No
CLI-003313,CTR-003313,65,Madrid,89,45.21,Web,Estándar,2766.99,0,10,2019-04-14,No
CLI-000009,CTR-000009,39,Valencia,64,87.55,Aplicación,Básico,3560.85,2,,2021-05-10,No
CLI-001384,CTR-001384,24,Sevilla,37,72.82,Web,Premium,1206.42,5,,2023-08-22,Sí
CLI-005010,CTR-005010,48,Madrid,16,52.31,Web,Estándar,,0,8,2025-05-18,No
CLI-008618,CTR-008618,18,Sevilla,9,46.44,Web,Estándar,3470.05,3,8,2025-12-27,No
CLI-001594,CTR-001594,53,Valencia,9,71.53,Tienda,Estándar,1933.38,2,6,2025-12-13,No
CLI-002081,CTR-002081,47,Valencia,22,68.42,Teléfono,Estándar,1530.76,4,6,2024-11-22,Sí
CLI-000350,CTR-000350,69,Málaga,6,9.9,Tienda,Estándar,2421.13,2,4,2026-03-15,No
CLI-004538,CTR-004538,31,Madrid,90,104.51,Web,Estándar,3662.33,3,7,2019-03-20,No
CLI-004180,CTR-004180,42,Valencia,94,68.01,Tienda,Estándar,3667.05,0,5,2018-11-26,No
CLI-000788,CTR-000788,30,Alicante,42,38.34,Aplicación,Estándar,2668.96,3,4,2023-03-13,Sí
CLI-001965,CTR-001965,55,Málaga,21,36.06,Web,Premium,2562.99,2,10,2024-12-07,No
CLI-004738,CTR-004738,28,Zaragoza,48,55.08,Web,Básico,,4,,2022-09-12,No
CLI-001774,CTR-001774,18,Madrid,71,63.77,Web,Empresa,1498.83,0,,2020-10-06,No
CLI-000736,CTR-000736,36,Valencia,60,65.77,Teléfono,Premium,1250.99,3,,2021-09-10,No
CLI-003812,CTR-003812,19,Barcelona,9,20.15,Tienda,Premium,4094.15,4,9,2025-12-01,No
CLI-002172,CTR-002172,48,Málaga,46,55.62,Tienda,Básico,1816.04,2,10,2022-11-28,No
CLI-003147,CTR-003147,63,Madrid,26,95.7,Tienda,Premium,,3,6,2024-07-24,Sí
CLI-001801,CTR-001801,36,Madrid,11,52.68,Web,Estándar,2402.18,5,6,2025-10-23,Sí
CLI-000551,CTR-000551,47,Barcelona,62,30.44,Teléfono,Básico,1893.61,1,,2021-07-06,No
CLI-004183,CTR-004183,44,Málaga,40,55.85,Web,Estándar,3647.97,1,10,2023-05-25,No
CLI-007996,CTR-007996,27,Madrid,1,90.91,Web,Empresa,1554.56,1,5,2026-08-19,Sí
CLI-006332,CTR-006332,47,Madrid,85,51.42,Teléfono,Premium,1598.31,5,8,2019-08-08,No
CLI-003731,CTR-003731,47,Alicante,14,80.08,Teléfono,Básico,2469.8,3,,2025-07-13,Sí
CLI-002641,CTR-002641,45,Alicante,26,62.33,Tienda,Empresa,1345.53,2,4,2024-07-03,No
CLI-000790,CTR-000790,30,Madrid,95,42.97,Tienda,Empresa,1713.39,2,,2018-10-14,No
CLI-003425,CTR-003425,32,Valencia,29,53.34,Aplicación,Básico,,6,6,2024-04-13,Sí
CLI-001712,CTR-001712,38,Murcia,24,52.45,Web,Premium,3040.05,1,9,2024-09-12,No
CLI-003566,CTR-003566,54,Valencia,81,42.99,Web,Estándar,1851.13,3,7,2019-12-21,No
CLI-009176,CTR-009176,41,Barcelona,9,56.93,Web,Premium,3986.77,3,8,2025-12-23,No
CLI-000083,CTR-000083,22,Madrid,91,49.19,Web,Básico,3699.07,1,,2019-02-18,No
CLI-001836,CTR-001836,45,Madrid,65,31.78,Web,Estándar,,3,,2021-04-19,No
CLI-000205,CTR-000205,46,Madrid,42,32.22,Web,Premium,2671.93,2,8,2023-03-02,No
CLI-001238,CTR-001238,36,Sevilla,10,44.7,Tienda,Básico,2249.03,2,8,2025-11-12,No
CLI-005669,CTR-005669,65,Málaga,41,66.71,Web,Estándar,2818.7,2,6,2023-04-12,No
CLI-008926,CTR-008926,35,Sevilla,25,87.37,Tienda,Empresa,3639.22,1,,2024-08-19,No
CLI-004293,CTR-004293,44,Barcelona,35,30.85,Teléfono,Estándar,1261.11,4,6,2023-10-15,Sí
CLI-008352,CTR-008352,29,Zaragoza,12,63.08,Tienda,Estándar,,0,7,2025-09-28,No
CLI-007946,CTR-007946,38,Madrid,4,44.28,Tienda,Premium,2378.74,6,6,2026-05-25,Sí
CLI-004892,CTR-004892,40,Valencia,9,56.4,Tienda,Estándar,2645.87,1,8,2025-12-14,No
CLI-007643,CTR-007643,56,Madrid,67,63.86,Web,Estándar,3087.1,0,,2021-02-13,No
CLI-005904,CTR-005904,28,Sevilla,30,66.37,Web,Premium,2667.46,5,,2024-03-15,Sí
CLI-006342,CTR-006342,34,Madrid,15,103.13,Teléfono,Básico,940.08,3,5,2025-06-14,Sí
CLI-004962,CTR-004962,50,Barcelona,58,68.99,Aplicación,Premium,,5,,2021-11-09,No
CLI-002601,CTR-002601,38,Valencia,66,86,Aplicación,Estándar,3480.27,0,6,2021-03-03,No
CLI-006353,CTR-006353,40,Alicante,48,68.56,Web,Estándar,750,2,5,2022-09-05,Sí
CLI-008228,CTR-008228,36,Valencia,10,72.98,Web,Empresa,,5,4,2025-11-23,Sí
CLI-005034,CTR-005034,26,Valencia,35,53.52,Teléfono,Empresa,4100.6,2,5,2023-10-23,No
CLI-006015,CTR-006015,25,Sevilla,8,66.68,Teléfono,Estándar,,3,8,2026-01-20,Sí
CLI-005329,CTR-005329,21,Barcelona,24,91.86,Web,Premium,2954.73,3,6,2024-09-17,No
CLI-004250,CTR-004250,29,Madrid,28,88.09,Teléfono,Premium,,5,7,2024-05-01,Sí
CLI-007752,CTR-007752,45,Sevilla,13,49.95,Web,Estándar,1969.11,4,,2025-08-18,No
CLI-005539,CTR-005539,47,Murcia,14,54.63,Teléfono,Estándar,3864.73,1,,2025-07-27,No
CLI-003050,CTR-003050,34,Zaragoza,47,72.61,Tienda,Básico,2831.44,5,,2022-10-13,Sí
CLI-000538,CTR-000538,48,Sevilla,13,51.28,Teléfono,Empresa,2970.31,1,6,2025-08-18,No
CLI-003421,CTR-003421,59,Madrid,17,45.31,Tienda,Estándar,2036.78,2,7,2025-04-04,Sí
CLI-002825,CTR-002825,18,Valencia,69,54.99,Web,Estándar,1578.64,3,,2020-12-08,No
CLI-001424,CTR-001424,38,Madrid,74,82.5,Teléfono,Premium,2726.74,2,10,2020-07-17,No
CLI-003996,CTR-003996,37,Madrid,42,78.22,Web,Estándar,,3,5,2023-03-27,Sí
CLI-001134,CTR-001134,59,Murcia,21,61.89,,Empresa,3079.42,1,10,2024-12-13,No
CLI-004871,CTR-004871,53,Zaragoza,95,32.55,Web,Estándar,2704.73,0,6,2018-10-28,No
CLI-004043,CTR-004043,34,Málaga,73,18.92,Tienda,Premium,3860.78,5,5,2020-08-03,No
CLI-000314,CTR-000314,43,Barcelona,44,43.66,Web,Estándar,2375.72,4,,2023-01-09,Sí
CLI-006093,CTR-006093,39,Madrid,61,33.72,Web,Estándar,2751.17,2,6,2021-08-14,No
CLI-005722,CTR-005722,55,Barcelona,39,82.46,Tienda,Premium,,6,6,2023-06-11,No
CLI-000088,CTR-000088,35,Zaragoza,23,75.33,Web,Estándar,5390.42,0,7,2024-10-04,No
CLI-000126,CTR-000126,48,Barcelona,65,23.31,Aplicación,Estándar,2636.8,2,8,2021-04-01,No
CLI-003751,CTR-003751,44,Barcelona,69,72.06,Tienda,Empresa,3237.44,0,6,2020-12-28,No
CLI-006605,CTR-006605,24,Alicante,41,42.51,Teléfono,Básico,2079.34,4,5,2023-04-24,Sí
CLI-008051,CTR-008051,45,Sevilla,40,36.89,Tienda,Básico,,4,9,2023-05-22,No
CLI-008047,CTR-008047,30,Madrid,90,46.29,Teléfono,Estándar,,3,9,2019-03-20,No
CLI-003525,CTR-003525,50,Sevilla,33,50.67,Teléfono,Básico,,6,8,2023-12-03,Sí
CLI-007479,CTR-007479,18,Madrid,38,76.43,Web,Estándar,1565.53,2,5,2023-07-06,Sí
CLI-001128,CTR-001128,55,Murcia,22,87.27,Web,Básico,,6,2,2024-11-26,Sí
CLI-001218,CTR-001218,31,Murcia,13,95.02,Web,Básico,3127.1,4,6,2025-08-08,Sí
CLI-008541,CTR-008541,40,Alicante,36,68.7,Web,Premium,773.13,0,7,2023-09-07,No
CLI-008362,CTR-008362,45,Madrid,36,65.8,Web,Estándar,,3,,2023-09-23,Sí
CLI-004317,CTR-004317,44,Málaga,56,53.42,Tienda,Estándar,,0,8,2022-01-17,No
CLI-005238,CTR-005238,31,Murcia,86,36.22,Tienda,Estándar,2742.96,0,9,2019-07-23,No
CLI-002529,CTR-002529,50,Barcelona,68,49.58,Aplicación,Premium,2310.79,2,,2021-01-18,No
CLI-002200,CTR-002200,22,Sevilla,91,57.13,Tienda,Básico,1711.37,0,6,2019-02-28,No
CLI-005267,CTR-005267,34,Sevilla,77,52.05,Tienda,Estándar,,4,6,2020-04-08,No
CLI-007128,CTR-007128,36,Madrid,12,62.47,,Básico,2905.45,2,8,2025-09-06,Sí
CLI-001715,CTR-001715,68,Valencia,22,69.85,Web,Empresa,,3,5,2024-11-19,Sí
CLI-008752,CTR-008752,43,Alicante,8,43.86,Tienda,Premium,,6,4,2026-01-27,Sí
CLI-002435,CTR-002435,49,Zaragoza,18,54.31,Web,Premium,,2,6,2025-03-18,Sí
CLI-002823,CTR-002823,27,Barcelona,31,38.69,Web,Premium,2603.22,3,6,2024-02-19,Sí
CLI-005266,CTR-005266,25,Valencia,26,82.72,Web,Básico,1214.29,4,5,2024-07-05,Sí
CLI-000324,CTR-000324,58,Madrid,30,43.37,Web,Estándar,2027.2,1,,2024-03-26,Sí
CLI-003344,CTR-003344,24,Sevilla,9,71.26,Aplicación,Básico,2217.48,5,,2025-12-13,Sí
CLI-004046,CTR-004046,39,Málaga,45,60.81,Tienda,Empresa,2949.79,5,4,2022-12-15,Sí
CLI-005981,CTR-005981,28,Málaga,15,75.98,Web,Estándar,,5,5,2025-06-04,Sí
CLI-008183,CTR-008183,45,Valencia,59,253.26,Teléfono,Estándar,6904.47,1,8,2021-10-04,No
CLI-003816,CTR-003816,21,Zaragoza,12,94.27,Web,Básico,1665.57,4,8,2025-09-28,Sí
CLI-005893,CTR-005893,34,Madrid,29,100.42,Web,Estándar,750,0,6,2024-04-08,No
CLI-006997,CTR-006997,22,Sevilla,29,54.21,Tienda,Estándar,,3,7,2024-04-10,No
CLI-007350,CTR-007350,31,Madrid,47,71.36,Web,Estándar,2197.09,3,,2022-10-04,Sí
CLI-005354,CTR-005354,27,Zaragoza,31,65.76,Teléfono,Premium,4319.79,1,6,2024-02-03,No
CLI-002938,CTR-002938,44,Madrid,44,78.74,Web,Estándar,750,7,7,2023-01-07,Sí
CLI-006629,CTR-006629,31,Zaragoza,59,66.14,Web,Premium,2312.15,2,7,2021-10-28,No
CLI-005137,CTR-005137,35,Barcelona,31,52.89,Teléfono,Premium,,4,,2024-02-22,Sí
CLI-000394,CTR-000394,47,Valencia,21,74.32,Web,Estándar,3237.09,4,7,2024-12-07,No
CLI-005070,CTR-005070,44,Madrid,59,64.08,Tienda,Estándar,3878.17,5,,2021-10-12,No
CLI-006824,CTR-006824,29,Valencia,19,96.78,Web,Básico,,5,8,2025-02-20,Sí
CLI-000680,CTR-000680,30,Barcelona,12,63.05,Web,Estándar,2975.54,2,7,2025-09-14,No
CLI-001731,CTR-001731,41,Madrid,3,44.65,Teléfono,Empresa,1724.02,1,6,2026-06-02,Sí
CLI-000381,CTR-000381,48,Murcia,30,45.83,Web,Estándar,,1,10,2024-03-21,No
CLI-002722,CTR-002722,30,Madrid,4,86.78,Web,Básico,1986.18,2,7,2026-05-09,Sí
CLI-008132,CTR-008132,30,Zaragoza,86,81.58,Aplicación,Premium,3009,1,,2019-07-28,No
CLI-008074,CTR-008074,55,Barcelona,25,20.88,Teléfono,Básico,2047.74,4,,2024-08-11,No
CLI-002054,CTR-002054,42,Murcia,17,9.9,Web,Básico,2709.35,4,,2025-04-28,No
CLI-004093,CTR-004093,44,Madrid,6,43.27,Tienda,Estándar,1811.55,2,3,2026-03-18,Sí
CLI-007693,CTR-007693,41,Barcelona,34,85.87,Web,Premium,2006.32,4,4,2023-11-26,Sí
CLI-007615,CTR-007615,51,Zaragoza,93,62.83,Tienda,Premium,,3,7,2018-12-07,No
CLI-001832,CTR-001832,59,Madrid,15,82.36,Tienda,Premium,2397.24,6,7,2025-06-22,Sí
CLI-007855,CTR-007855,31,Madrid,73,43.88,Web,Premium,3176.41,0,8,2020-08-09,No
CLI-002762,CTR-002762,36,Barcelona,78,83.58,Web,Estándar,1538.17,3,7,2020-03-05,No
CLI-004001,CTR-004001,29,Málaga,88,52.85,Web,Estándar,2909.67,0,10,2019-05-09,No
CLI-003238,CTR-003238,33,Murcia,71,53.31,Teléfono,Básico,1602.23,1,9,2020-10-12,No
CLI-006688,CTR-006688,38,Málaga,10,70.51,Web,Estándar,3468.2,3,7,2025-11-04,Sí
CLI-004736,CTR-004736,45,Madrid,31,63.01,Teléfono,Premium,3009.84,5,7,2024-02-18,No
CLI-004719,CTR-004719,38,Barcelona,30,63.2,Web,Básico,3956.31,0,4,2024-03-24,Sí
CLI-008348,CTR-008348,23,Zaragoza,46,47.27,Web,Básico,3115.98,8,5,2022-11-18,Sí
CLI-007031,CTR-007031,18,Zaragoza,3,52.29,Teléfono,Básico,2248.46,4,8,2026-06-08,Sí
CLI-006558,CTR-006558,50,Valencia,89,38.93,Web,Básico,3075.51,1,8,2019-04-12,No
CLI-002218,CTR-002218,30,Madrid,82,68.3,Teléfono,Estándar,2572.42,0,,2019-11-07,No
CLI-003437,CTR-003437,32,Barcelona,88,71.89,Web,Premium,2778.44,0,6,2019-05-01,No
CLI-007570,CTR-007570,47,Málaga,7,38.47,Tienda,Premium,3320.56,2,7,2026-02-05,No
CLI-006802,CTR-006802,27,Madrid,37,59.28,Web,Premium,2994.16,3,9,2023-08-05,No
CLI-006385,CTR-006385,50,Alicante,32,41.12,Tienda,Empresa,,2,7,2024-01-23,No
CLI-003182,CTR-003182,21,Madrid,32,63.14,Tienda,Premium,3209.68,3,,2024-01-18,No
CLI-006514,CTR-006514,58,Zaragoza,10,48.25,Tienda,Estándar,2020.4,2,9,2025-11-20,No
CLI-003258,CTR-003258,45,Sevilla,9,62.74,Tienda,Estándar,1936.56,5,,2025-12-06,No
CLI-007787,CTR-007787,43,Murcia,81,71.02,web,Premium,3971.86,2,,2019-12-22,No
CLI-002903,CTR-002903,29,Madrid,5,70.54,Tienda,Básico,,4,8,2026-04-21,Sí
CLI-009050,CTR-009050,52,Madrid,15,50.86,Teléfono,Básico,2226.77,3,6,2025-06-18,Sí
CLI-004852,CTR-004852,37,Málaga,90,31.21,Tienda,Estándar,1099.17,1,10,2019-03-11,No
CLI-000496,CTR-000496,27,Málaga,20,75.46,Tienda,Empresa,8200.26,0,7,2025-01-07,No
CLI-001329,CTR-001329,49,Zaragoza,95,95.13,WEB,Estándar,1648.84,3,7,2018-10-19,No
CLI-009562,CTR-009562,50,Barcelona,42,50.76,Web,Estándar,2588.52,6,6,2023-03-27,No
CLI-001180,CTR-001180,52,Sevilla,64,36.44,Teléfono,Premium,,2,,2021-05-11,No
CLI-006369,CTR-006369,40,Valencia,62,73.89,Tienda,Premium,3149.6,5,10,2021-07-13,No
CLI-003195,CTR-003195,66,Sevilla,12,61.7,Tienda,Estándar,4290.86,1,8,2025-09-25,No
CLI-001391,CTR-001391,58,Zaragoza,24,46.84,Web,Estándar,,0,,2024-09-24,No
CLI-000470,CTR-000470,28,Valencia,39,33.76,Web,Empresa,1041.34,5,,2023-06-22,No
CLI-008614,CTR-008614,45,Madrid,56,92.11,Aplicación,Básico,1519.24,2,,2022-01-28,No
CLI-003861,CTR-003861,38,Murcia,53,54.68,Aplicación,Estándar,,0,6,2022-04-14,No
CLI-008554,CTR-008554,55,Alicante,31,35.92,Web,Empresa,750,3,7,2024-02-04,No
CLI-008644,CTR-008644,43,Madrid,33,47.46,Tienda,Premium,2054.88,5,3,2023-12-21,Sí
CLI-006945,CTR-006945,53,Málaga,65,99.98,Web,Básico,3748.12,3,7,2021-04-21,No
CLI-005164,CTR-005164,25,Málaga,24,60.59,Aplicación,Estándar,2753.11,5,6,2024-09-09,Sí
CLI-005541,CTR-005541,44,Valencia,25,105.17,Web,Estándar,2959.43,6,7,2024-08-26,Sí
CLI-003064,CTR-003064,52,Barcelona,20,48.48,Web,Básico,1485.54,0,,2025-01-18,No
CLI-005692,CTR-005692,18,Sevilla,39,77.11,Web,Estándar,2421.37,5,3,2023-06-18,Sí
CLI-006762,CTR-006762,56,Valencia,63,65.83,Web,Estándar,,2,,2021-06-15,No
CLI-005811,CTR-005811,40,Madrid,18,55.96,Web,Estándar,2274.98,0,8,2025-03-26,No
CLI-003075,CTR-003075,31,Zaragoza,21,41.84,Tienda,Estándar,2371.06,4,7,2024-12-08,No
CLI-005912,CTR-005912,21,Málaga,54,33.66,Teléfono,Básico,2289.52,0,8,2022-03-16,No
CLI-001724,CTR-001724,59,Madrid,22,63.93,Web,Premium,,2,6,2024-11-14,No
CLI-009179,CTR-009179,58,Barcelona,28,88.16,Web,Básico,772.18,3,,2024-05-07,No
CLI-003839,CTR-003839,48,Madrid,29,79.02,Tienda,Estándar,990.01,0,4,2024-04-25,No
CLI-006063,CTR-006063,36,Barcelona,9,82.58,Web,Estándar,2699.26,6,,2025-12-13,Sí
CLI-004057,CTR-004057,35,Málaga,18,45.76,Aplicación,Estándar,2411.43,2,9,2025-03-18,No
CLI-008324,CTR-008324,55,Barcelona,14,51.17,Teléfono,Básico,3148.39,2,5,2025-07-07,Sí
CLI-001132,CTR-001132,49,Barcelona,11,88.48,Tienda,Estándar,,5,7,2025-10-06,No
CLI-005588,CTR-005588,50,Barcelona,54,71.73,Teléfono,Básico,1696.08,0,,2022-03-21,No
CLI-002057,CTR-002057,35,Zaragoza,12,71.38,Tienda,Estándar,2225.74,4,6,2025-09-21,Sí
CLI-004199,CTR-004199,57,Barcelona,13,71.33,Teléfono,Premium,1019.5,8,8,2025-08-16,Sí
CLI-003803,CTR-003803,26,Málaga,42,51.28,Web,Estándar,2248.51,1,,2023-03-24,No
CLI-004942,CTR-004942,44,Murcia,68,46.16,Web,Estándar,2930.09,2,9,2021-01-02,No
CLI-008691,CTR-008691,27,Madrid,62,77.4,Aplicación,Estándar,1818.63,0,7,2021-07-06,No
CLI-005710,CTR-005710,50,Málaga,46,45.04,web,Estándar,3836.25,4,,2022-11-15,No
CLI-000464,CTR-000464,46,Sevilla,70,48.38,Web,Estándar,2679.13,4,6,2020-11-27,No
CLI-005194,CTR-005194,62,Málaga,36,108.83,Tienda,Estándar,2026.45,3,6,2023-09-13,No
CLI-004433,CTR-004433,71,Alicante,50,55.86,Tienda,Premium,2892.45,0,6,2022-07-15,No
CLI-003141,CTR-003141,28,Zaragoza,50,58.93,,Básico,1596.19,2,,2022-07-20,No
CLI-005444,CTR-005444,30,Valencia,22,68.58,Web,Premium,2839.84,2,,2024-11-18,Sí
CLI-000012,CTR-000012,19,Sevilla,35,111.84,Teléfono,Premium,3052.81,5,5,2023-10-20,Sí
CLI-004768,CTR-004768,47,Madrid,53,75.82,Tienda,Estándar,1771.49,0,6,2022-04-02,No
CLI-007408,CTR-007408,44,Murcia,47,60.14,Aplicación,Estándar,3506.88,2,7,2022-10-12,Sí
CLI-001577,CTR-001577,47,Valencia,36,60.18,Web,Premium,2968.22,2,,2023-09-28,No
CLI-003306,CTR-003306,29,Barcelona,11,50.21,Tienda,Premium,1249.49,2,9,2025-10-15,No
CLI-000746,CTR-000746,35,Barcelona,4,61.96,Web,Estándar,2780.51,1,6,2026-05-18,Sí
CLI-001905,CTR-001905,43,Valencia,40,103.88,Web,Básico,2920.73,1,,2023-05-25,Sí
CLI-006695,CTR-006695,61,Valencia,9,58.47,Aplicación,Estándar,,4,6,2025-12-23,Sí
CLI-003083,CTR-003083,58,Zaragoza,5,74.27,Tienda,Estándar,929.02,4,4,2026-04-25,Sí
CLI-006754,CTR-006754,42,Alicante,61,36.49,Web,Estándar,1793.08,5,7,2021-08-15,No
CLI-003860,CTR-003860,54,Madrid,40,88.24,Tienda,Básico,,4,3,2023-05-13,Sí
CLI-008117,CTR-008117,49,Barcelona,89,79.21,Teléfono,Básico,1413.74,1,7,2019-04-10,No
CLI-000292,CTR-000292,40,Valencia,90,71.86,Teléfono,Premium,,1,,2019-03-23,No
CLI-002072,CTR-002072,32,Sevilla,48,75.06,Teléfono,Básico,2315.8,5,4,2022-09-01,Sí
CLI-001495,CTR-001495,76,Sevilla,61,57.74,Tienda,Básico,3377.9,2,7,2021-08-28,No
CLI-001802,CTR-001802,41,Madrid,20,82.65,Aplicación,Estándar,1555.18,3,,2025-01-16,Sí
CLI-002881,CTR-002881,41,Sevilla,44,81.03,Web,Básico,3805,6,7,2023-01-07,Sí
CLI-000206,CTR-000206,51,Madrid,45,78.09,Tienda,Estándar,1270.35,2,10,2022-12-09,No
CLI-008489,CTR-008489,59,Madrid,46,50.57,Web,Básico,2965.15,2,6,2022-11-08,No
CLI-002777,CTR-002777,42,Murcia,49,49.48,Web,Estándar,2155.57,3,7,2022-08-28,No
CLI-001140,CTR-001140,51,Barcelona,80,69.29,Web,Estándar,2731.93,4,,2020-01-25,No
CLI-003624,CTR-003624,34,Murcia,48,65.55,Teléfono,Estándar,,3,,2022-09-09,No
CLI-005400,CTR-005400,30,Málaga,4,54.43,Web,Estándar,2209.75,4,,2026-05-07,Sí
CLI-003701,CTR-003701,47,Sevilla,22,56.27,Tienda,Básico,4027.26,2,9,2024-11-05,No
CLI-007251,CTR-007251,36,Valencia,25,61.6,Web,Básico,,6,,2024-08-03,No
CLI-003875,CTR-003875,70,Alicante,26,42,WEB,Estándar,3486.45,4,8,2024-07-17,No
CLI-008338,CTR-008338,44,Madrid,15,70.99,WEB,Básico,2032.23,3,1,2025-06-25,Sí
CLI-005849,CTR-005849,40,Sevilla,79,70.8,Web,Básico,1984.2,4,8,2020-02-07,No
CLI-009048,CTR-009048,43,Murcia,23,71.91,web,Básico,3264.75,1,7,2024-10-09,No
CLI-005261,CTR-005261,48,Madrid,48,89.56,Web,Estándar,,1,4,2022-09-28,Sí
CLI-000142,CTR-000142,58,Málaga,46,69.96,Teléfono,Básico,3800.5,1,,2022-11-02,Sí
CLI-002826,CTR-002826,27,Barcelona,37,72.63,Aplicación,Premium,2525.94,5,3,2023-08-24,Sí
CLI-009754,CTR-009754,36,Madrid,32,57.08,Web,Estándar,,1,9,2024-01-13,No
CLI-004897,CTR-004897,41,Madrid,4,74.36,Teléfono,Básico,2037.65,3,4,2026-05-18,Sí
CLI-005460,CTR-005460,54,Murcia,18,71.44,Web,Estándar,2418.08,2,6,2025-03-05,Sí
CLI-000056,CTR-009906,48,Valencia,1,66,Aplicación,Estándar,2236.76,4,6,2026-08-03,Sí
CLI-008244,CTR-008244,48,Sevilla,48,71.03,Teléfono,Empresa,1182.01,7,6,2022-09-15,Sí
CLI-002052,CTR-002052,35,Valencia,2,87.43,Teléfono,Empresa,2087.9,4,5,2026-07-20,Sí
CLI-009258,CTR-009258,18,Valencia,48,25.1,Aplicación,Estándar,1913.27,6,5,2022-09-22,Sí
CLI-002625,CTR-002625,58,Barcelona,2,63.4,Aplicación,Básico,2260.14,4,6,2026-07-08,Sí
CLI-001644,CTR-001644,32,Barcelona,10,55.48,Aplicación,Empresa,3093.76,6,,2025-11-26,Sí
CLI-009388,CTR-009388,46,Madrid,48,72.02,web,Estándar,1690.81,0,6,2022-09-11,No
CLI-009577,CTR-009577,61,Málaga,83,46.46,Tienda,Estándar,2790.28,3,8,2019-10-11,No
CLI-005775,CTR-005775,52,Madrid,88,33.22,Teléfono,Básico,2223.43,7,10,2019-05-12,No
CLI-003507,CTR-003507,31,Madrid,46,78.43,Aplicación,Premium,1597.82,6,7,2022-11-20,Sí
CLI-002295,CTR-002295,40,Sevilla,17,53.76,Tienda,Estándar,1348.54,4,6,2025-04-17,Sí
CLI-001737,CTR-001737,67,Alicante,12,70.09,Teléfono,Estándar,,2,,2025-09-14,Sí
CLI-004378,CTR-004378,32,Zaragoza,9,48.42,Web,Estándar,,1,6,2025-12-19,No
CLI-006528,CTR-006528,52,Málaga,77,25.88,Teléfono,Empresa,2529.05,0,9,2020-04-19,No
CLI-003283,CTR-003283,68,Madrid,12,40.82,Teléfono,Estándar,1663.32,4,,2025-09-17,Sí
CLI-003479,CTR-003479,28,Barcelona,20,53.37,Aplicación,Premium,2507.53,3,10,2025-01-26,No
CLI-006680,CTR-006680,30,Zaragoza,25,61.49,Tienda,Estándar,2286.39,2,10,2024-08-07,No
CLI-004303,CTR-004303,42,Zaragoza,22,41.64,Tienda,Estándar,,0,,2024-11-14,No
CLI-004905,CTR-004905,57,Zaragoza,48,74.59,Aplicación,Estándar,3121.22,4,8,2022-09-16,No
CLI-002324,CTR-002324,38,Barcelona,9,90.21,Web,Básico,3606.34,0,,2025-12-01,No
CLI-008760,CTR-008760,48,Barcelona,16,82.61,Teléfono,Premium,3267.72,3,6,2025-05-11,Sí
CLI-000137,CTR-000137,45,Madrid,11,63.8,web,Estándar,3364.75,1,,2025-10-17,Sí
CLI-003029,CTR-003029,39,Zaragoza,22,69.94,Web,Estándar,3081.26,2,,2024-11-12,No
CLI-007440,CTR-007440,46,Madrid,32,86.88,Tienda,Estándar,3119.11,3,,2024-01-23,Sí
CLI-000625,CTR-000625,63,Valencia,12,48.17,Web,Estándar,,2,,2025-09-04,No
CLI-005959,CTR-005959,47,Alicante,82,31.21,Aplicación,Básico,2139.09,1,5,2019-11-21,No
CLI-003397,CTR-003397,43,Valencia,77,32.18,Web,Estándar,1544.35,2,,2020-04-03,No
CLI-009650,CTR-009650,23,Barcelona,8,61.43,Tienda,Estándar,2141.63,4,5,2026-01-09,Sí
CLI-006387,CTR-006387,46,Barcelona,6,65.29,Web,Estándar,2527.6,3,6,2026-03-18,No
CLI-008388,CTR-008388,42,Murcia,4,96.63,web,Estándar,2106.84,1,4,2026-05-05,Sí
CLI-005823,CTR-005823,29,Valencia,5,29.33,Web,Premium,1885.79,4,,2026-04-26,Sí
CLI-000550,CTR-000550,69,Murcia,39,39.24,Teléfono,Estándar,2599.1,4,,2023-06-14,Sí
CLI-004548,CTR-004548,42,Madrid,77,53.39,Teléfono,Premium,2435.54,1,,2020-04-03,No
CLI-008329,CTR-008329,23,Barcelona,39,49.44,Web,Estándar,1499.93,2,,2023-06-17,No
CLI-006236,CTR-006236,24,Sevilla,28,50.16,Aplicación,Estándar,2573.12,3,5,2024-05-16,No
CLI-001569,CTR-001569,29,Alicante,72,45.29,Tienda,Básico,2080.21,5,8,2020-09-12,No
CLI-009567,CTR-009567,31,Valencia,25,37.35,Aplicación,Estándar,1659.58,4,8,2024-08-22,No
CLI-001396,CTR-001396,52,Madrid,49,44.07,Tienda,Estándar,2667.93,2,,2022-08-17,No
CLI-006562,CTR-006562,35,Sevilla,46,96.24,Teléfono,Básico,2522.53,4,,2022-11-13,Sí
CLI-006273,CTR-006273,37,Madrid,17,89.36,Tienda,Estándar,1900.11,7,5,2025-04-28,Sí
CLI-002511,CTR-002511,47,Sevilla,39,65.6,Teléfono,Básico,1675.47,2,,2023-06-04,Sí
CLI-005629,CTR-005629,46,Murcia,8,51.88,Tienda,Estándar,4374.96,0,8,2026-01-03,No
CLI-009370,CTR-009370,33,Murcia,30,34.98,Tienda,Estándar,1568.74,3,,2024-03-20,Sí
CLI-004855,CTR-004855,57,Sevilla,66,276.29,web,Básico,,0,7,2021-03-19,No
CLI-008538,CTR-008538,55,Valencia,79,73.71,Teléfono,Estándar,1344.03,1,5,2020-02-05,No
CLI-007406,CTR-007406,47,Sevilla,84,68.52,WEB,Básico,2113.83,3,6,2019-09-11,No
CLI-004716,CTR-004716,28,Murcia,2,108.19,Tienda,Estándar,3177.69,4,5,2026-07-24,Sí
CLI-002222,CTR-002222,41,Valencia,81,82.88,Aplicación,Básico,2794.78,1,7,2019-12-06,No
CLI-007868,CTR-007868,55,Sevilla,33,16.98,Aplicación,Básico,2549.55,3,,2023-12-08,No
CLI-009836,CTR-009836,46,Sevilla,15,53.83,Web,Básico,2131.82,5,6,2025-06-08,Sí
CLI-004098,CTR-004098,23,Barcelona,11,73.89,Teléfono,Estándar,,4,,2025-10-03,Sí
CLI-005045,CTR-005045,18,Madrid,5,103.23,Teléfono,Estándar,1726.35,3,9,2026-04-19,Sí
CLI-001660,CTR-001660,43,Alicante,26,68.4,Teléfono,Premium,750,0,8,2024-07-06,Sí
CLI-004600,CTR-004600,29,Alicante,46,77.86,Web,Estándar,942.49,6,6,2022-11-13,Sí
CLI-003145,CTR-003145,44,Barcelona,42,74.69,Tienda,Estándar,2616.24,0,,2023-03-08,No
CLI-003190,CTR-003190,46,Sevilla,32,37.64,Aplicación,Estándar,1097.57,3,7,2024-01-06,Sí
CLI-001969,CTR-001969,62,Valencia,84,32.64,Teléfono,Empresa,,1,7,2019-09-15,No
CLI-000058,CTR-000058,55,Valencia,16,84.88,Web,Estándar,2229.72,3,8,2025-05-11,No
CLI-003091,CTR-003091,47,Valencia,36,62.9,Tienda,Estándar,,5,4,2023-09-07,Sí
CLI-003876,CTR-003876,52,Madrid,58,84.06,Web,Empresa,3236.15,0,7,2021-11-19,No
CLI-002393,CTR-002393,37,Madrid,19,60.03,Teléfono,Básico,1790.46,3,3,2025-02-22,Sí
CLI-000596,CTR-000596,35,Alicante,74,46.84,Aplicación,Básico,,4,10,2020-07-11,No
CLI-004222,CTR-004222,39,Málaga,67,81.08,Tienda,Básico,,5,6,2021-02-22,No
CLI-005992,CTR-005992,45,Málaga,46,70.94,Web,Estándar,2298.73,4,10,2022-11-12,No
CLI-000860,CTR-000860,61,Madrid,73,43.89,WEB,Estándar,2313.47,2,8,2020-08-20,No
CLI-005071,CTR-005071,36,Madrid,87,57.39,Web,Estándar,,1,,2019-06-02,No
CLI-009279,CTR-009279,46,Zaragoza,11,43.69,Web,Estándar,2388.74,0,,2025-10-19,No
CLI-000608,CTR-000608,49,Madrid,16,90.57,Tienda,Premium,750,4,6,2025-05-11,Sí
CLI-002050,CTR-002050,44,Valencia,57,38.41,Web,Empresa,2525.7,0,7,2021-12-23,No
CLI-000475,CTR-000475,33,Madrid,41,45.81,Web,Básico,1512.91,1,3,2023-04-05,Sí
CLI-005376,CTR-005376,36,Málaga,9,74.01,Teléfono,Premium,3058.27,5,5,2025-12-09,Sí
CLI-009150,CTR-009150,26,Sevilla,43,45.02,Tienda,Básico,2919.95,5,7,2023-02-11,No
CLI-007975,CTR-007975,30,Valencia,15,86.24,Web,Básico,3495.72,5,4,2025-06-14,Sí
CLI-008349,CTR-008349,37,Barcelona,28,64.9,Tienda,Estándar,750,2,5,2024-05-24,Sí
CLI-006855,CTR-006855,23,Barcelona,40,75.2,Web,Estándar,3264.33,2,,2023-05-11,Sí
CLI-000750,CTR-000750,25,Valencia,44,62.9,Teléfono,Premium,,2,8,2023-01-14,No
CLI-000212,CTR-000212,38,Madrid,2,50.37,Tienda,Empresa,,4,6,2026-07-15,Sí
CLI-005743,CTR-005743,29,Sevilla,44,60.5,Tienda,Estándar,2987.81,2,8,2023-01-04,No
CLI-003555,CTR-003555,27,Valencia,30,70.99,Web,Empresa,,4,,2024-03-23,Sí
CLI-006839,CTR-006839,55,Barcelona,56,16.13,Tienda,Básico,1875.57,1,7,2022-01-05,No
CLI-003539,CTR-003539,33,Madrid,76,81.35,Web,Básico,3069.11,4,8,2020-05-15,No
CLI-000064,CTR-000064,32,Sevilla,30,52.46,Web,Estándar,,5,8,2024-03-24,No
CLI-007837,CTR-007837,53,Madrid,72,46.06,Aplicación,Premium,,0,7,2020-09-21,No
CLI-004521,CTR-004521,32,Barcelona,3,36.82,Web,Estándar,,5,,2026-06-28,Sí
CLI-005211,CTR-005211,33,Valencia,10,70.53,Teléfono,Básico,1753.11,1,,2025-11-14,Sí
CLI-004790,CTR-004790,43,Zaragoza,19,57.49,Web,Estándar,1692.06,1,3,2025-02-10,Sí
CLI-006401,CTR-006401,35,Sevilla,20,28.14,Tienda,Básico,3838.79,2,10,2025-01-17,No
CLI-001040,CTR-001040,21,Sevilla,38,76.89,Web,Empresa,,4,9,2023-07-14,Sí
CLI-004172,CTR-004172,21,Barcelona,72,46.53,Tienda,Básico,,2,7,2020-09-19,No
CLI-007312,CTR-007312,61,Valencia,23,51.1,Web,Estándar,1757.63,3,5,2024-10-07,Sí
CLI-004354,CTR-004354,52,Valencia,26,77.08,Web,Empresa,2869.98,3,4,2024-07-07,Sí
CLI-005748,CTR-005748,26,Valencia,30,64.29,Tienda,Estándar,2214.48,8,,2024-03-21,Sí
CLI-007498,CTR-007498,31,Barcelona,82,57.91,Tienda,Estándar,2851.98,2,7,2019-11-15,No
CLI-005594,CTR-005594,57,Madrid,43,58.32,Tienda,Básico,1495,7,,2023-02-01,Sí
CLI-000160,CTR-000160,78,Murcia,16,72.22,Web,Premium,,4,7,2025-05-26,No
CLI-003833,CTR-003833,40,Barcelona,16,73.95,Aplicación,Básico,2401.21,2,,2025-05-03,No
CLI-003419,CTR-003419,32,Alicante,39,77.57,Teléfono,Estándar,,3,6,2023-06-23,Sí
CLI-007184,CTR-007184,72,Valencia,37,77.61,Web,Premium,4075.27,2,,2023-08-20,No
CLI-009200,CTR-009200,28,Madrid,42,63.28,Aplicación,Básico,1203.19,2,5,2023-03-16,Sí
CLI-004889,CTR-004889,51,Zaragoza,31,70.21,Aplicación,Estándar,,7,6,2024-02-27,Sí
CLI-000902,CTR-000902,18,Málaga,9,70.06,Teléfono,Estándar,1490.16,5,,2025-12-12,Sí
CLI-000483,CTR-000483,39,Murcia,15,47.6,Web,Estándar,4542.15,4,8,2025-06-19,No
CLI-008895,CTR-008895,40,Málaga,93,58.44,web,Empresa,2190.97,4,,2018-12-04,No
CLI-003567,CTR-003567,51,Barcelona,22,80.18,Teléfono,Estándar,2832.27,2,5,2024-11-22,Sí
CLI-001367,CTR-001367,31,Alicante,25,82.5,Tienda,Estándar,750,4,7,2024-08-25,Sí
CLI-002729,CTR-002729,31,Sevilla,71,87.72,Web,Estándar,1523.88,5,,2020-10-16,No
CLI-001262,CTR-001262,43,Málaga,67,71.88,Web,Estándar,2087.8,1,7,2021-02-09,No
CLI-003357,CTR-003357,40,Valencia,36,47.47,Web,Básico,1915.87,4,4,2023-09-11,Sí
CLI-007816,CTR-007816,37,Zaragoza,89,12.98,Aplicación,Estándar,1921.31,1,7,2019-04-26,No
CLI-008377,CTR-008377,60,Barcelona,13,70.97,Tienda,Premium,2245.01,4,5,2025-08-24,Sí
CLI-000328,CTR-000328,35,Madrid,81,71.99,Web,Estándar,2201.83,2,7,2019-12-06,No
CLI-004122,CTR-004122,28,Madrid,84,52.66,web,Estándar,4819.68,1,,2019-09-24,No
CLI-001312,CTR-001312,37,Sevilla,11,63.68,Tienda,Premium,1184.82,4,,2025-10-12,Sí
CLI-007895,CTR-007895,42,Málaga,39,72.03,Aplicación,Estándar,2872.19,6,,2023-06-15,Sí
CLI-008041,CTR-008041,51,Málaga,52,79.93,Teléfono,Básico,2559.31,2,8,2022-05-18,No
CLI-009440,CTR-009440,26,Málaga,78,51.24,Web,Básico,3940.06,0,,2020-03-24,No
CLI-005544,CTR-005544,26,Sevilla,13,94.39,Aplicación,Estándar,3372.23,4,5,2025-08-05,Sí
CLI-006748,CTR-006748,54,Málaga,32,67.59,Aplicación,Premium,,4,,2024-01-17,Sí
CLI-004233,CTR-004233,61,Zaragoza,4,107.07,Tienda,Premium,,4,5,2026-05-26,Sí
CLI-002614,CTR-002614,56,Zaragoza,12,54.52,Web,Empresa,,1,7,2025-09-02,Sí
CLI-005318,CTR-005318,24,Madrid,49,73.11,Aplicación,Básico,3870.8,3,8,2022-08-26,No
CLI-009149,CTR-009149,41,Barcelona,6,21.84,Web,Estándar,2920.54,1,6,2026-03-05,No
CLI-006020,CTR-006020,23,Madrid,51,53.24,Tienda,Estándar,3919.55,1,,2022-06-11,No
CLI-000047,CTR-000047,21,Zaragoza,16,46.72,Aplicación,Estándar,2337.35,6,,2025-05-11,Sí
CLI-009137,CTR-009137,45,Madrid,15,73.45,Web,Básico,,4,6,2025-06-15,Sí
CLI-001810,CTR-001810,71,Madrid,49,53.62,Tienda,Premium,4424.37,0,,2022-08-27,No
CLI-001368,CTR-001368,36,Sevilla,43,85.55,Tienda,Estándar,2761.04,4,,2023-02-04,Sí
CLI-008780,CTR-008780,60,Madrid,83,49.36,web,Premium,2628.46,4,7,2019-10-04,No
CLI-000466,CTR-000466,49,Sevilla,21,82.9,Tienda,Estándar,3394.89,3,9,2024-12-27,No
CLI-007168,CTR-007168,64,Sevilla,55,33.15,,Estándar,1925.63,1,7,2022-02-12,No
CLI-003389,CTR-003389,29,Barcelona,38,74.31,Tienda,Premium,2482.73,3,,2023-07-22,No
CLI-002381,CTR-002381,48,Zaragoza,78,38.57,Web,Premium,1968.06,3,8,2020-03-17,No
CLI-003835,CTR-003835,29,Valencia,64,61.4,web,Básico,,2,8,2021-05-14,No
CLI-009277,CTR-009277,51,Zaragoza,78,56.65,Teléfono,Estándar,3555.24,0,6,2020-03-24,No
CLI-000894,CTR-000894,32,Alicante,4,79.4,Aplicación,Básico,1341.05,3,3,2026-05-21,Sí
CLI-007825,CTR-007825,40,Barcelona,46,54.34,Web,Empresa,2858.36,3,9,2022-11-24,No
CLI-007194,CTR-007194,38,Barcelona,87,46.61,Web,Premium,,0,7,2019-06-10,No
CLI-008790,CTR-008790,34,Barcelona,41,64.31,Web,Básico,2954.92,1,,2023-04-23,No
CLI-003253,CTR-003253,47,Madrid,8,57.47,Tienda,Premium,3143.59,2,3,2026-01-04,Sí
CLI-007722,CTR-007722,60,Madrid,96,50.01,Web,Empresa,3857.63,0,,2018-09-28,No
CLI-006190,CTR-006190,18,Zaragoza,39,60.6,web,Empresa,1730.18,6,,2023-06-22,Sí
CLI-005970,CTR-005970,25,Valencia,30,54.19,Tienda,Estándar,2026.19,3,4,2024-03-20,Sí
CLI-004596,CTR-004596,49,Valencia,95,54.65,Web,Estándar,3031.66,3,,2018-10-09,No
CLI-001615,CTR-001615,21,Murcia,6,35.23,web,Estándar,,5,7,2026-03-07,Sí
CLI-006201,CTR-006201,45,Murcia,24,53.32,Tienda,Premium,2435.21,0,4,2024-09-03,No
CLI-004156,CTR-004156,45,Málaga,33,83.99,Web,Premium,,5,,2023-12-21,Sí
CLI-000104,CTR-000104,37,Barcelona,11,102.29,Tienda,Premium,,4,5,2025-10-14,Sí
CLI-006932,CTR-006932,32,Barcelona,8,78.98,Teléfono,Premium,1996.83,4,4,2026-01-19,Sí
CLI-004425,CTR-004425,47,Valencia,55,46.37,Aplicación,Premium,,2,,2022-02-13,No
CLI-008099,CTR-008099,40,Murcia,84,65.01,Aplicación,Premium,2204.64,3,6,2019-09-12,No
CLI-003547,CTR-003547,48,Madrid,8,70.47,Web,Premium,3338.63,6,8,2026-01-13,No
CLI-002033,CTR-002033,47,Barcelona,55,14.73,Tienda,Estándar,1872.02,1,,2022-02-24,No
CLI-004182,CTR-004182,62,Alicante,33,40.88,Aplicación,Estándar,,1,7,2023-12-16,No
CLI-008612,CTR-008612,46,Alicante,6,116.97,Web,Estándar,,6,6,2026-03-28,Sí
CLI-004804,CTR-004804,37,Barcelona,15,57.3,Web,Estándar,3113.85,4,,2025-06-19,No
CLI-002473,CTR-002473,52,Zaragoza,30,91.01,Tienda,Premium,1385.64,7,,2024-03-09,Sí
CLI-006051,CTR-006051,25,Zaragoza,71,78.57,Web,Premium,2509.78,0,9,2020-10-26,No
CLI-004669,CTR-004669,26,Murcia,69,79.44,Web,Estándar,3707.54,2,10,2020-12-17,No
CLI-002007,CTR-002007,32,Madrid,24,60.39,Web,Premium,2489.07,0,7,2024-09-07,No
CLI-008909,CTR-008909,50,Madrid,17,59.71,Web,Estándar,1340.79,5,6,2025-04-18,Sí
CLI-006499,CTR-006499,43,Barcelona,66,27.55,web,Básico,,0,7,2021-03-16,No
CLI-006672,CTR-006672,24,Murcia,42,26.34,Tienda,Estándar,,2,6,2023-03-12,No
CLI-000695,CTR-000695,33,Valencia,22,25.41,Web,Básico,3122.51,3,,2024-11-21,Sí
CLI-002031,CTR-002031,48,Barcelona,5,99.13,Web,Estándar,3773.59,3,,2026-04-05,Sí
CLI-008620,CTR-008620,39,Alicante,63,46.15,Web,Estándar,,2,6,2021-06-26,No
CLI-004968,CTR-004968,42,Sevilla,37,52.79,Tienda,Premium,3463.9,8,2,2023-08-24,Sí
CLI-005058,CTR-005058,62,Barcelona,15,62.37,Tienda,Premium,1761.17,3,8,2025-06-23,Sí
CLI-001582,CTR-001582,52,Zaragoza,12,83.83,Teléfono,Empresa,2751.03,4,6,2025-09-04,Sí
CLI-002515,CTR-002515,32,Zaragoza,46,68.71,Web,Estándar,,4,6,2022-11-24,Sí
CLI-000055,CTR-009905,31,Valencia,75,95.83,Teléfono,Estándar,1178.5,2,6,2020-06-17,No
CLI-008759,CTR-008759,29,Madrid,96,95.88,Tienda,Estándar,2072.05,0,8,2018-09-13,No
CLI-008389,CTR-008389,23,Murcia,26,42.09,Tienda,Básico,1212.65,3,3,2024-07-26,Sí
CLI-001339,CTR-001339,36,Barcelona,57,50.66,Tienda,Premium,,4,,2021-12-22,No
CLI-000285,CTR-000285,40,Murcia,75,38.7,Aplicación,Básico,3783.56,0,7,2020-06-27,No
CLI-009126,CTR-009126,42,Málaga,6,49.48,Web,Estándar,,0,8,2026-03-04,No
CLI-008293,CTR-008293,54,Valencia,46,85.56,Teléfono,Estándar,1867.38,5,,2022-11-11,Sí
CLI-005750,CTR-005750,39,Barcelona,32,31.52,Teléfono,Premium,3398.31,3,5,2024-01-17,Sí
CLI-004953,CTR-004953,55,Barcelona,37,70.98,Aplicación,Empresa,933.22,4,7,2023-08-28,No
CLI-003819,CTR-003819,48,Madrid,77,29.63,,Básico,750,0,,2020-04-27,No
CLI-007649,CTR-007649,26,Sevilla,28,61.08,Tienda,Básico,3875.96,4,7,2024-05-05,No
CLI-003108,CTR-003108,52,Barcelona,72,9.9,Web,Estándar,2987.12,1,,2020-09-25,No
CLI-007003,CTR-007003,33,Madrid,85,58.86,Teléfono,Estándar,,1,,2019-08-20,No
CLI-000488,CTR-000488,21,Barcelona,42,67.94,Tienda,Estándar,3419.81,5,5,2023-03-13,Sí
CLI-005028,CTR-005028,30,Barcelona,86,43.2,Web,Estándar,,2,8,2019-07-05,No
CLI-007858,CTR-007858,51,Madrid,17,30.21,Aplicación,Premium,2422.4,10,4,2025-04-09,Sí
CLI-005487,CTR-005487,33,Sevilla,16,46.69,Tienda,Premium,2534.83,1,,2025-05-10,Sí
CLI-007686,CTR-007686,56,Madrid,78,55.07,Aplicación,Empresa,3128.65,1,7,2020-03-01,No
CLI-004608,CTR-004608,28,Málaga,9,44.15,Web,Estándar,1990.44,4,5,2025-12-02,No
CLI-002653,CTR-002653,51,Madrid,64,31.6,Aplicación,Básico,3099.44,3,9,2021-05-19,No
CLI-000399,CTR-000399,40,Alicante,22,59.73,Teléfono,Estándar,2188.38,1,,2024-11-07,Sí
CLI-005052,CTR-005052,36,Sevilla,10,38.32,Aplicación,Básico,,0,10,2025-11-23,No
CLI-005384,CTR-005384,35,Barcelona,47,51.47,Aplicación,Estándar,1213.63,4,6,2022-10-23,Sí
CLI-001266,CTR-001266,18,Murcia,42,315.66,Web,Empresa,6402.51,6,6,2023-03-27,Sí
CLI-000856,CTR-000856,38,Madrid,6,50.5,Tienda,Básico,4472.29,8,5,2026-03-24,Sí
CLI-000651,CTR-000651,35,Sevilla,76,57.86,Tienda,Básico,2964.1,4,,2020-05-19,No
CLI-000877,CTR-000877,34,Sevilla,94,76.37,Web,Estándar,,2,6,2018-11-21,No
CLI-001678,CTR-001678,35,Alicante,45,64.54,Web,Estándar,,2,6,2022-12-23,Sí
CLI-004721,CTR-004721,35,Alicante,91,68.98,WEB,Estándar,,0,,2019-02-18,No
CLI-005853,CTR-005853,68,Sevilla,40,84.01,Aplicación,Estándar,2020.53,3,,2023-05-07,Sí
CLI-002756,CTR-002756,46,Málaga,44,46.66,Tienda,Premium,2283.35,1,6,2023-01-25,Sí
CLI-000345,CTR-000345,52,Barcelona,20,55.82,Web,Premium,,3,,2025-01-11,Sí
CLI-003316,CTR-003316,50,Sevilla,34,90.08,Tienda,Premium,2199.23,4,,2023-11-10,Sí
CLI-009470,CTR-009470,25,Madrid,47,73.44,Teléfono,Estándar,,4,4,2022-10-17,Sí
CLI-003311,CTR-003311,24,Sevilla,34,95.71,Tienda,Empresa,,2,7,2023-11-27,No
CLI-009619,CTR-009619,30,Barcelona,38,51.19,Tienda,Básico,2326.55,2,,2023-07-07,Sí
CLI-004411,CTR-004411,38,Valencia,65,75.38,Tienda,Estándar,2338.63,2,8,2021-04-06,No
CLI-005592,CTR-005592,44,Madrid,47,46.83,Tienda,Básico,2713.52,0,5,2022-10-09,Sí
CLI-005677,CTR-005677,49,Madrid,83,65.03,Tienda,Estándar,4722.73,4,,2019-10-21,No
CLI-001283,CTR-001283,49,Murcia,61,26.45,Web,Empresa,2464.87,3,7,2021-08-07,No
CLI-009763,CTR-009763,29,Madrid,87,40.73,Aplicación,Premium,3853.35,2,,2019-06-14,No
CLI-000075,CTR-009925,64,Madrid,60,77.76,Aplicación,Estándar,2921.82,0,6,2021-09-07,No
CLI-004389,CTR-004389,26,Alicante,30,72.52,WEB,Premium,2612.88,5,5,2024-03-17,Sí
CLI-000018,CTR-009868,24,Madrid,11,34.8,Web,Premium,2124.78,4,6,2025-10-02,Sí
CLI-000850,CTR-000850,48,Barcelona,43,55.08,Aplicación,Básico,3075.34,1,9,2023-02-07,No
CLI-005821,CTR-005821,38,Valencia,96,80.81,Web,Estándar,3305.57,0,10,2018-09-22,No
CLI-000313,CTR-000313,34,Alicante,9,48.92,Web,Estándar,2088.09,3,,2025-12-06,Sí
CLI-003549,CTR-003549,32,Murcia,71,79.3,Web,Básico,2278.48,3,,2020-10-11,No
CLI-002017,CTR-002017,18,Sevilla,29,74.78,Tienda,Premium,3606.51,5,3,2024-04-01,Sí
CLI-006974,CTR-006974,60,Murcia,63,82.04,Web,Estándar,1473.35,1,,2021-06-16,No
CLI-004883,CTR-004883,66,Barcelona,36,52.17,Web,Premium,1382.31,4,7,2023-09-22,No
CLI-004130,CTR-004130,38,Murcia,17,54.47,Tienda,Básico,1997.15,0,9,2025-04-16,No
CLI-007432,CTR-007432,41,Barcelona,14,61.79,Web,Estándar,1183.75,2,,2025-07-01,No
CLI-002158,CTR-002158,34,Madrid,43,72.85,,Premium,2974.74,5,6,2023-02-21,Sí
CLI-002658,CTR-002658,31,Sevilla,13,104.1,,Premium,2636.71,4,,2025-08-20,No
CLI-005563,CTR-005563,46,Valencia,38,50.7,Web,Estándar,1791.43,4,6,2023-07-08,Sí
CLI-001572,CTR-001572,30,Valencia,20,63.55,Tienda,Premium,3183.95,5,4,2025-01-03,Sí
CLI-008256,CTR-008256,43,Barcelona,16,61.15,Tienda,Básico,2476.63,4,4,2025-05-28,Sí
CLI-000297,CTR-000297,63,Valencia,92,70.81,WEB,Básico,2130.69,3,7,2019-01-20,No
CLI-000619,CTR-000619,69,Barcelona,18,45.91,Web,Premium,2908.47,4,6,2025-03-19,No
CLI-007384,CTR-007384,34,Madrid,44,56.2,web,Premium,,6,7,2023-01-21,Sí
CLI-007689,CTR-007689,73,Barcelona,14,58.2,Aplicación,Estándar,2835.63,2,7,2025-07-12,No
CLI-000034,CTR-000034,34,Barcelona,16,38.65,Teléfono,Premium,1283.65,5,6,2025-05-17,Sí
CLI-006927,CTR-006927,33,Barcelona,51,33.54,Web,Estándar,2919.34,0,7,2022-06-02,No
CLI-002893,CTR-002893,47,Madrid,68,75.99,Web,Estándar,3262.53,3,7,2021-01-01,No
CLI-001961,CTR-001961,40,Zaragoza,92,79.43,Web,Estándar,1980.3,2,7,2019-01-01,No
CLI-006827,CTR-006827,46,Zaragoza,17,74.57,Web,Premium,2716.38,1,,2025-04-02,No
CLI-006925,CTR-006925,51,Valencia,63,62.26,Teléfono,Estándar,1941.04,1,,2021-06-02,No
CLI-009714,CTR-009714,38,Barcelona,12,39.75,Teléfono,Premium,3875.66,4,7,2025-09-09,No
CLI-007771,CTR-007771,28,Sevilla,85,52.86,Web,Básico,2137.67,2,7,2019-08-28,No
CLI-007420,CTR-007420,31,Alicante,34,72.91,Aplicación,Estándar,2408.65,2,,2023-11-22,Sí
CLI-001592,CTR-001592,32,Alicante,35,71.57,Aplicación,Empresa,1504.33,3,6,2023-10-20,Sí
CLI-006449,CTR-006449,22,Málaga,7,73.88,Web,Básico,1765.83,4,5,2026-02-11,Sí
CLI-000070,CTR-000070,18,Zaragoza,40,61.13,Teléfono,Premium,,0,5,2023-05-12,Sí
CLI-006978,CTR-006978,43,Murcia,22,66.82,Web,Premium,3120.21,6,8,2024-11-13,Sí
CLI-004239,CTR-004239,55,Málaga,38,29.39,Tienda,Básico,3591.58,6,7,2023-07-06,Sí
CLI-008113,CTR-008113,53,Madrid,34,42.87,Web,Premium,2495.51,3,8,2023-11-11,No
CLI-003952,CTR-003952,18,Alicante,45,67.61,Tienda,Estándar,1472.61,4,2,2022-12-11,Sí
CLI-008018,CTR-008018,26,Zaragoza,13,29.54,Aplicación,Empresa,,6,4,2025-08-10,Sí
CLI-000813,CTR-000813,38,Barcelona,71,67.94,Tienda,Premium,2107.97,4,10,2020-10-27,No
CLI-002434,CTR-002434,21,Madrid,22,48.87,Teléfono,Estándar,1545.94,0,9,2024-11-21,No
CLI-003480,CTR-003480,29,Madrid,61,71.65,Web,Básico,,1,9,2021-08-21,No
CLI-000247,CTR-000247,43,Murcia,39,88.9,Web,Empresa,2947.85,6,,2023-06-23,Sí
CLI-001154,CTR-001154,38,Málaga,81,71.44,Teléfono,Empresa,1037.02,2,,2019-12-24,No
CLI-001441,CTR-001441,23,Barcelona,8,95.59,Teléfono,Estándar,2505,4,4,2026-01-07,Sí
CLI-000744,CTR-000744,37,Valencia,8,36.64,WEB,Premium,2307.51,7,8,2026-01-06,Sí
CLI-005518,CTR-005518,27,Barcelona,48,66.64,Tienda,Premium,2335.84,6,3,2022-09-06,Sí
CLI-005745,CTR-005745,34,Madrid,27,74.09,Teléfono,Estándar,2208.67,5,,2024-06-06,Sí
CLI-006616,CTR-006616,42,Madrid,74,54.82,Teléfono,Estándar,3000.5,3,9,2020-07-27,No
CLI-005636,CTR-005636,18,Madrid,41,77.97,Tienda,Empresa,2890.18,3,3,2023-04-12,Sí
CLI-006160,CTR-006160,43,Málaga,16,91.08,Web,Básico,3732.37,1,7,2025-05-28,No
CLI-006118,CTR-006118,50,Málaga,24,45.66,Tienda,Básico,4623.44,1,,2024-09-27,No
CLI-009489,CTR-009489,44,Valencia,33,40.13,Aplicación,Empresa,1858.46,8,7,2023-12-17,Sí
CLI-005565,CTR-005565,51,Madrid,64,56.89,Aplicación,Básico,2900.91,7,5,2021-05-10,No
CLI-000087,CTR-009937,54,Alicante,18,68.71,Web,Básico,1949.88,3,,2025-03-24,Sí
CLI-009076,CTR-009076,45,Málaga,20,49.68,Web,Empresa,1292.45,3,,2025-01-20,Sí
CLI-005324,CTR-005324,24,Madrid,46,52.32,Web,Estándar,2435.89,5,5,2022-11-17,Sí
CLI-003902,CTR-003902,42,Madrid,65,94,Aplicación,Estándar,2690.99,3,,2021-04-01,No
CLI-009643,CTR-009643,46,Murcia,40,70.2,Tienda,Empresa,,0,8,2023-05-04,Sí
CLI-003737,CTR-003737,51,Madrid,39,58.37,Web,Premium,3373.86,2,8,2023-06-20,No
CLI-001753,CTR-001753,47,Madrid,60,84.6,Tienda,Premium,3535.09,1,,2021-09-06,No
CLI-000060,CTR-009910,52,Sevilla,73,41.7,Aplicación,Básico,3327.1,2,6,2020-08-12,No
CLI-009757,CTR-009757,55,Barcelona,54,77.04,Tienda,Estándar,2980.46,0,,2022-03-12,No
CLI-008390,CTR-008390,37,Madrid,52,61.51,Aplicación,Empresa,,1,5,2022-05-09,No
CLI-000435,CTR-000435,51,Valencia,90,93.93,Teléfono,Empresa,1965.82,3,7,2019-03-19,No
CLI-001326,CTR-001326,45,Madrid,30,80.57,Web,Estándar,2405.63,4,5,2024-03-09,Sí
CLI-009674,CTR-009674,46,Valencia,85,49.4,Web,Estándar,750,6,8,2019-08-25,No
CLI-003203,CTR-003203,57,Madrid,6,86.73,Aplicación,Estándar,2456.22,4,8,2026-03-26,No
CLI-004273,CTR-004273,45,Barcelona,43,62.6,Tienda,Estándar,2809.61,4,9,2023-02-12,No
CLI-003135,CTR-003135,37,Barcelona,39,64.63,Aplicación,Estándar,2008.37,8,,2023-06-16,Sí
CLI-001375,CTR-001375,46,Sevilla,44,76.88,Web,Estándar,2025.79,4,,2023-01-06,Sí
CLI-002856,CTR-002856,56,Murcia,38,61.52,Teléfono,Estándar,1846.74,3,6,2023-07-24,Sí
CLI-002196,CTR-002196,51,Sevilla,18,48.89,Teléfono,Estándar,1652.66,6,,2025-03-25,Sí
CLI-006221,CTR-006221,53,Valencia,33,9.9,,Básico,3160.11,2,9,2023-12-24,No
CLI-004149,CTR-004149,44,Valencia,13,43.75,WEB,Básico,1570.37,3,,2025-08-15,No
CLI-007692,CTR-007692,20,Barcelona,38,71.6,Tienda,Estándar,3213.68,2,6,2023-07-03,No
CLI-006148,CTR-006148,23,Valencia,10,58.05,Web,Estándar,1975.76,3,,2025-11-06,Sí
CLI-002098,CTR-002098,25,Madrid,42,68.26,Aplicación,Básico,1524.99,5,,2023-03-14,Sí
CLI-008351,CTR-008351,50,Madrid,1,74.3,Web,Estándar,,6,2,2026-08-01,Sí
CLI-005311,CTR-005311,18,Sevilla,37,78.31,Web,Estándar,2527.17,4,,2023-08-26,Sí
CLI-006027,CTR-006027,62,Valencia,73,74.15,Tienda,Estándar,2959.14,0,7,2020-08-23,No
CLI-006972,CTR-006972,65,Barcelona,45,79.18,Web,Básico,,1,,2022-12-14,No
CLI-001936,CTR-001936,49,Murcia,48,72.83,Web,Empresa,2767.6,3,3,2022-09-06,Sí
CLI-001769,CTR-001769,44,Alicante,85,34.22,Web,Básico,2154.72,0,,2019-08-25,No
CLI-007919,CTR-007919,25,Murcia,46,80.6,Aplicación,Estándar,1958.51,0,6,2022-11-08,Sí
CLI-000305,CTR-000305,44,Valencia,40,38.42,Teléfono,Premium,,2,,2023-05-09,No
CLI-004286,CTR-004286,32,Málaga,38,78.79,Tienda,Básico,2725.73,1,,2023-07-22,Sí
CLI-006504,CTR-006504,51,Zaragoza,47,80.15,Web,Premium,2134.4,3,5,2022-10-19,Sí
CLI-002572,CTR-002572,52,Sevilla,33,75.86,Web,Empresa,2599.96,7,6,2023-12-02,Sí
CLI-008533,CTR-008533,41,Sevilla,36,50.42,Tienda,Estándar,3483.77,4,,2023-09-21,No
CLI-000097,CTR-009947,25,Madrid,34,15.93,Teléfono,Premium,,5,,2023-11-03,No
CLI-009169,CTR-009169,23,Murcia,31,54.63,Tienda,Estándar,1762.61,2,,2024-02-05,Sí
CLI-006177,CTR-006177,70,Málaga,76,63.06,Web,Estándar,2437.18,4,,2020-05-22,No
CLI-005874,CTR-005874,45,Madrid,71,93.38,Tienda,Básico,,2,9,2020-10-18,No
CLI-004165,CTR-004165,31,Murcia,30,58.09,Web,Básico,1835.49,3,,2024-03-09,No
CLI-005906,CTR-005906,49,Sevilla,56,47.72,web,Básico,3236.65,1,9,2022-01-10,No
CLI-002776,CTR-002776,49,Sevilla,76,39.03,Web,Estándar,3007.32,3,,2020-05-28,No
CLI-001776,CTR-001776,30,Sevilla,15,45.45,Teléfono,Estándar,,5,,2025-06-16,Sí
CLI-007283,CTR-007283,57,Madrid,20,52.26,Teléfono,Estándar,2020.45,3,8,2025-01-02,No
CLI-007416,CTR-007416,31,Málaga,15,46.42,Teléfono,Básico,1693.56,0,,2025-06-04,No
CLI-003390,CTR-003390,31,Valencia,67,72.89,Web,Estándar,3711.04,4,,2021-02-16,No
CLI-005451,CTR-005451,37,Madrid,5,74.53,Aplicación,Premium,3986.93,2,7,2026-04-14,Sí
CLI-004335,CTR-004335,25,Murcia,2,44.87,Tienda,Básico,2221.69,4,6,2026-07-09,Sí
CLI-004260,CTR-004260,47,Murcia,20,9.9,Tienda,Empresa,3337.79,2,,2025-01-15,No
CLI-002752,CTR-002752,36,Madrid,7,90.89,Tienda,Básico,2708.58,4,5,2026-02-12,Sí
CLI-006108,CTR-006108,31,Valencia,2,47.17,Teléfono,Básico,,4,4,2026-07-14,Sí
CLI-009607,CTR-009607,49,Madrid,57,17.75,Web,Básico,4172.2,1,,2021-12-11,No
CLI-000118,CTR-000118,39,Valencia,6,76.23,Tienda,Básico,4238.21,2,,2026-03-14,No
CLI-006964,CTR-006964,54,Alicante,22,67.1,Teléfono,Básico,,5,8,2024-11-27,No
CLI-006636,CTR-006636,39,Alicante,33,57.5,Teléfono,Empresa,1486.87,1,6,2023-12-12,No
CLI-008767,CTR-008767,47,Sevilla,74,28.92,Web,Premium,1723.66,1,6,2020-07-21,No
CLI-008392,CTR-008392,36,Valencia,54,61.1,,Básico,3137.57,0,8,2022-03-27,No
CLI-004938,CTR-004938,43,Barcelona,38,63.54,Teléfono,Empresa,1278.66,4,7,2023-07-04,Sí
CLI-001714,CTR-001714,31,Madrid,50,35.47,Tienda,Premium,3313.45,2,,2022-07-03,No
CLI-004518,CTR-004518,25,Barcelona,68,69.99,,Estándar,2623.22,1,6,2021-01-02,No
CLI-007072,CTR-007072,18,Madrid,42,85.55,Web,Estándar,,6,,2023-03-02,Sí
CLI-000233,CTR-000233,65,Valencia,80,53.06,Aplicación,Estándar,2985.7,5,4,2020-01-21,No
CLI-009350,CTR-009350,43,Murcia,37,99.06,Teléfono,Básico,,4,,2023-08-19,Sí
CLI-002966,CTR-002966,42,Valencia,40,51.58,Teléfono,Estándar,2447.18,3,9,2023-05-03,No
CLI-001498,CTR-001498,42,Madrid,5,87.05,Web,Básico,2547.16,6,4,2026-04-12,Sí
CLI-008347,CTR-008347,29,Valencia,38,64.98,Tienda,Básico,2508.8,2,6,2023-07-13,No
CLI-009737,CTR-009737,53,Alicante,15,85.66,Tienda,Básico,3203.51,6,6,2025-06-12,Sí
CLI-006540,CTR-006540,48,Valencia,20,43.09,Tienda,Estándar,3592.92,2,8,2025-01-26,No
CLI-004970,CTR-004970,21,Barcelona,42,108.3,Web,Estándar,,5,8,2023-03-21,Sí
CLI-003661,CTR-003661,45,Sevilla,27,51.37,Tienda,Premium,1860.56,8,7,2024-06-27,Sí
CLI-000031,CTR-000031,39,Murcia,37,113.51,Teléfono,Premium,2396.96,0,,2023-08-21,No
CLI-004696,CTR-004696,48,Valencia,10,48.05,Tienda,Estándar,,0,8,2025-11-10,No
CLI-001830,CTR-001830,40,Barcelona,23,67.66,Web,Básico,1209.25,2,7,2024-10-28,No
CLI-007102,CTR-007102,61,Valencia,86,38.32,Tienda,Básico,2871.85,2,,2019-07-18,No
CLI-008857,CTR-008857,48,Valencia,13,95.44,Web,Estándar,3358.74,1,5,2025-08-14,Sí
CLI-008399,CTR-008399,50,Sevilla,31,90.09,Web,Estándar,2084.8,2,9,2024-02-05,No
CLI-000460,CTR-000460,47,Madrid,79,74.48,Tienda,Estándar,2029.96,1,8,2020-02-23,No
CLI-009139,CTR-009139,49,Madrid,40,63.1,Tienda,Estándar,,3,4,2023-05-26,No
CLI-008801,CTR-008801,29,Alicante,38,81.08,Web,Básico,3184.38,3,,2023-07-02,Sí
CLI-004671,CTR-004671,35,Alicante,8,69.29,Aplicación,Premium,2078.24,3,6,2026-01-27,Sí
CLI-004698,CTR-004698,39,Valencia,86,39.91,Web,Básico,1976.76,1,7,2019-07-23,No
CLI-001708,CTR-001708,54,Alicante,9,90.45,Web,Estándar,3274.5,1,5,2025-12-15,No
CLI-002655,CTR-002655,64,Barcelona,69,12.96,Web,Premium,2614.5,3,9,2020-12-03,No
CLI-005276,CTR-005276,28,Sevilla,42,90.14,Teléfono,Básico,,6,7,2023-03-13,Sí
CLI-003889,CTR-003889,58,Barcelona,19,65.92,Teléfono,Premium,1016.14,3,9,2025-02-28,No
CLI-007327,CTR-007327,59,Zaragoza,56,59.82,Web,Estándar,1979.17,3,,2022-01-04,No
CLI-003354,CTR-003354,37,Madrid,10,56.6,Aplicación,Premium,1825.81,3,,2025-11-09,Sí
CLI-000170,CTR-000170,33,Barcelona,82,20.65,Aplicación,Estándar,3974.09,2,,2019-11-20,No
CLI-005511,CTR-005511,39,Zaragoza,62,34.36,Web,Estándar,,3,9,2021-07-28,No
CLI-005603,CTR-005603,60,Barcelona,15,60.26,Tienda,Estándar,,7,5,2025-06-11,Sí
CLI-009668,CTR-009668,53,Madrid,48,101.78,Aplicación,Básico,2192.05,4,5,2022-09-10,Sí
CLI-009732,CTR-009732,32,Barcelona,41,74.63,Tienda,Básico,3682.24,0,,2023-04-11,No
CLI-003453,CTR-003453,69,Sevilla,90,88.9,Tienda,Estándar,3113.65,0,10,2019-03-25,No
CLI-000033,CTR-000033,43,Madrid,52,55.4,WEB,Empresa,4345.31,3,7,2022-05-20,No
CLI-006752,CTR-006752,35,Barcelona,61,72.23,Teléfono,Premium,1696.44,1,,2021-08-28,No
CLI-002377,CTR-002377,65,Alicante,75,87.24,Web,Estándar,2433.15,0,,2020-06-21,No
CLI-003707,CTR-003707,47,Valencia,48,74.82,Web,Estándar,3045.55,4,6,2022-09-08,No
CLI-007537,CTR-007537,42,Zaragoza,61,80.08,Web,Estándar,1715.14,1,,2021-08-02,No
CLI-008843,CTR-008843,50,Zaragoza,33,33.31,Tienda,Premium,,3,5,2023-12-02,Sí
CLI-005474,CTR-005474,44,Málaga,32,78.86,Aplicación,Estándar,1852.89,0,,2024-01-27,No
CLI-007236,CTR-007236,57,Zaragoza,38,32.88,Web,Estándar,3364.6,0,,2023-07-08,No
CLI-005047,CTR-005047,49,Barcelona,89,47.17,Tienda,Estándar,2420.81,0,9,2019-04-09,No
CLI-008708,CTR-008708,43,Madrid,9,51.88,Aplicación,Estándar,,4,3,2025-12-17,Sí
CLI-002521,CTR-002521,27,Madrid,92,43.84,Tienda,Empresa,2879.81,0,7,2019-01-01,No
CLI-002518,CTR-002518,44,Barcelona,82,56.08,Aplicación,Estándar,,1,6,2019-11-17,No
CLI-000358,CTR-000358,23,Alicante,40,24.84,Teléfono,Básico,2460.35,5,5,2023-05-11,Sí
CLI-005627,CTR-005627,29,Madrid,87,29.77,Web,Básico,947.91,2,7,2019-06-10,No
CLI-002469,CTR-002469,43,Murcia,30,56.36,Teléfono,Empresa,3570.57,2,7,2024-03-12,No
CLI-006379,CTR-006379,36,Madrid,7,81.96,Tienda,Básico,3934.25,2,,2026-02-17,Sí
CLI-004753,CTR-004753,37,Barcelona,62,43.65,Tienda,Básico,2720.97,2,8,2021-07-04,No
CLI-001998,CTR-001998,37,Alicante,28,28.06,Web,Estándar,2595.2,3,3,2024-05-17,Sí
CLI-003134,CTR-003134,37,Barcelona,56,62.18,Web,Estándar,,5,8,2022-01-16,No
CLI-008586,CTR-008586,48,Madrid,68,58.13,Tienda,Premium,1878.58,3,7,2021-01-27,No
CLI-009459,CTR-009459,45,Barcelona,78,25.37,web,Estándar,2814.29,4,7,2020-03-10,No
CLI-007281,CTR-007281,58,Madrid,66,20.77,Teléfono,Premium,2765.86,0,9,2021-03-12,No
CLI-004415,CTR-004415,44,Valencia,3,74.5,web,Empresa,3434.98,5,,2026-06-12,Sí
CLI-005422,CTR-005422,45,Sevilla,13,68.35,Web,Estándar,3757.36,4,,2025-08-19,No
CLI-006211,CTR-006211,42,Alicante,71,97.26,Tienda,Estándar,3897.78,2,9,2020-10-13,No
CLI-006425,CTR-006425,36,Zaragoza,11,65.58,Web,Básico,2879.59,4,,2025-10-25,Sí
CLI-002330,CTR-002330,36,Valencia,48,55.83,Web,Premium,2175.88,2,6,2022-09-12,Sí
CLI-006665,CTR-006665,39,Alicante,28,65.79,Tienda,Básico,2685.51,4,,2024-05-13,No
CLI-007510,CTR-007510,35,Madrid,72,64.44,Web,Premium,1173.16,2,8,2020-09-05,No
CLI-001777,CTR-001777,42,Madrid,10,70.67,Web,Básico,2880.21,1,6,2025-11-15,No
CLI-007843,CTR-007843,40,Murcia,8,34.76,Tienda,Empresa,2328.44,1,9,2026-01-09,No
CLI-001195,CTR-001195,35,Madrid,21,27.29,Web,Empresa,3770.86,3,8,2024-12-18,No
CLI-009580,CTR-009580,43,Madrid,36,60.27,Teléfono,Básico,2781.19,3,6,2023-09-07,No
CLI-004426,CTR-004426,31,Madrid,17,79.37,Web,Estándar,2937.02,3,5,2025-04-06,Sí
CLI-003179,CTR-003179,30,Barcelona,18,70.51,WEB,Premium,3904.58,6,4,2025-03-20,Sí
CLI-002683,CTR-002683,34,Valencia,63,13.9,Web,Empresa,2030.19,2,10,2021-06-22,No
CLI-000100,CTR-000100,47,Madrid,46,83.43,Teléfono,Estándar,1422.27,0,7,2022-11-20,Sí
CLI-000321,CTR-000321,51,Barcelona,12,72.15,Aplicación,Estándar,2284.62,3,,2025-09-14,Sí
CLI-005134,CTR-005134,22,Valencia,12,78.75,Teléfono,Estándar,,6,5,2025-09-12,Sí
CLI-007940,CTR-007940,49,Zaragoza,30,68.71,Web,Empresa,2414.27,0,8,2024-03-21,No
CLI-008675,CTR-008675,35,Madrid,83,54.63,Teléfono,Básico,2263,4,5,2019-10-27,No
CLI-007106,CTR-007106,34,Madrid,1,39.55,Aplicación,Estándar,4868.94,4,4,2026-08-12,Sí
CLI-000800,CTR-000800,40,Alicante,68,54.39,Tienda,Estándar,2730.04,3,8,2021-01-23,No
CLI-004860,CTR-004860,47,Málaga,16,71.51,Web,Estándar,3805.42,4,4,2025-05-28,No
CLI-006850,CTR-006850,41,Zaragoza,78,49.65,web,Premium,3467.97,6,8,2020-03-18,No
CLI-005438,CTR-005438,34,Málaga,88,45.19,Aplicación,Básico,2698.51,1,10,2019-05-26,No
CLI-007547,CTR-007547,59,Sevilla,51,72.06,Tienda,Básico,2595.45,0,,2022-06-21,No
CLI-008404,CTR-008404,56,Zaragoza,58,68.29,Web,Estándar,2862.77,2,,2021-11-06,No
CLI-005702,CTR-005702,40,Madrid,68,87.57,Tienda,Premium,3316.42,5,8,2021-01-11,No
CLI-003712,CTR-003712,38,Zaragoza,37,32.17,Web,Básico,,2,,2023-08-06,No
CLI-002858,CTR-002858,34,Barcelona,68,65.14,Web,Premium,4262.38,2,9,2021-01-16,No
CLI-008327,CTR-008327,48,Alicante,35,60.75,Web,Empresa,1749.05,3,5,2023-10-12,Sí
CLI-009687,CTR-009687,35,Valencia,44,53.96,Tienda,Estándar,4092.75,5,9,2023-01-02,No
CLI-004787,CTR-004787,35,Murcia,61,80.71,Aplicación,Empresa,3089.22,4,5,2021-08-10,No
CLI-003406,CTR-003406,52,Barcelona,96,18.73,Tienda,Estándar,2561.47,1,10,2018-09-04,No
CLI-001111,CTR-001111,48,Murcia,71,64.3,Tienda,Estándar,3236.96,3,,2020-10-16,No
CLI-006912,CTR-006912,38,Madrid,95,77.52,Tienda,Básico,,5,9,2018-10-02,No
CLI-003992,CTR-003992,60,Valencia,92,41.13,Tienda,Premium,2286.63,0,,2019-01-02,No
CLI-006121,CTR-006121,48,Barcelona,61,76.49,Tienda,Empresa,3146.96,1,8,2021-08-04,No
CLI-007969,CTR-007969,46,Barcelona,43,75.73,Web,Estándar,3994.25,3,7,2023-02-04,Sí
CLI-000918,CTR-000918,21,Barcelona,6,75.75,Aplicación,Empresa,,3,,2026-03-09,Sí
CLI-002096,CTR-002096,41,Madrid,41,39.53,WEB,Premium,2498.18,6,7,2023-04-23,No
CLI-006859,CTR-006859,48,Valencia,37,63.62,Tienda,Empresa,,4,,2023-08-02,Sí
CLI-006138,CTR-006138,45,Zaragoza,21,37.88,Web,Estándar,,1,8,2024-12-15,No
CLI-009059,CTR-009059,36,Madrid,19,50.65,Web,Premium,1998.59,1,,2025-02-21,No
CLI-008810,CTR-008810,43,Málaga,7,80.78,Web,Estándar,,3,,2026-02-11,Sí
CLI-007944,CTR-007944,43,Málaga,78,92.82,Teléfono,Básico,1683.56,0,6,2020-03-04,No
CLI-006660,CTR-006660,18,Sevilla,88,96.96,Tienda,Empresa,2567.82,1,8,2019-05-17,No
CLI-003970,CTR-003970,31,Zaragoza,46,40.26,Web,Básico,1611.68,0,7,2022-11-05,No
CLI-001206,CTR-001206,18,Sevilla,33,66.45,Tienda,Premium,3247.11,5,5,2023-12-11,Sí
CLI-002049,CTR-002049,51,Barcelona,53,84.75,Teléfono,Premium,2455.7,4,8,2022-04-28,No
CLI-002482,CTR-002482,52,Madrid,19,69.91,Aplicación,Básico,,3,6,2025-02-09,Sí
CLI-003020,CTR-003020,26,Valencia,31,74.74,Aplicación,Básico,1385.33,4,6,2024-02-22,Sí
CLI-004307,CTR-004307,41,Madrid,14,82.88,Web,Estándar,,4,8,2025-07-26,Sí
CLI-003047,CTR-003047,28,Madrid,71,78.53,Web,Estándar,1687.33,1,9,2020-10-15,No
CLI-003668,CTR-003668,64,Valencia,20,66.45,Aplicación,Básico,2157.11,4,8,2025-01-27,No
CLI-007539,CTR-007539,35,Zaragoza,95,73.16,Teléfono,Premium,3017.46,0,,2018-10-13,No
CLI-004904,CTR-004904,26,Madrid,93,55.7,Tienda,Premium,2046.15,1,8,2018-12-15,No
CLI-003093,CTR-003093,32,Sevilla,43,74.74,Tienda,Básico,2197.4,3,7,2023-02-19,Sí
CLI-003374,CTR-003374,48,Barcelona,23,63.13,Tienda,Básico,1190.52,5,7,2024-10-05,Sí
CLI-007612,CTR-007612,35,Barcelona,35,70.3,Web,Premium,2840.25,7,8,2023-10-03,Sí
CLI-004564,CTR-004564,39,Barcelona,31,48.08,Aplicación,Premium,3351.46,4,6,2024-02-04,No
CLI-001979,CTR-001979,45,Madrid,32,62.49,Web,Estándar,2201.9,3,3,2024-01-03,Sí
CLI-003610,CTR-003610,41,Málaga,19,131.56,Aplicación,Básico,1113.7,4,9,2025-02-17,Sí
CLI-008157,CTR-008157,42,Madrid,68,39.96,Web,Premium,3306.35,3,8,2021-01-03,No
CLI-007748,CTR-007748,60,Alicante,84,42.48,Web,Estándar,3424.44,4,9,2019-09-21,No
CLI-004118,CTR-004118,55,Alicante,9,73.4,Aplicación,Básico,2273.67,4,,2025-12-18,Sí
CLI-009380,CTR-009380,30,Valencia,45,37.23,Tienda,Empresa,,6,5,2022-12-03,No
CLI-008899,CTR-008899,45,Sevilla,47,12.89,Web,Empresa,,3,,2022-10-18,No
CLI-001320,CTR-001320,41,Madrid,59,75.07,Tienda,Básico,2822.18,0,8,2021-10-09,No
CLI-001955,CTR-001955,46,Barcelona,11,69.1,Tienda,Estándar,3446.73,2,,2025-10-19,No
CLI-008141,CTR-008141,24,Madrid,8,59.32,Tienda,Básico,3083.69,2,,2026-01-18,Sí
CLI-004740,CTR-004740,39,Valencia,45,86.47,Web,Estándar,1787.05,5,,2022-12-16,Sí
CLI-001839,CTR-001839,50,Barcelona,96,38.4,Teléfono,Estándar,3212.08,2,,2018-09-16,No
CLI-003059,CTR-003059,50,Valencia,62,81.2,Teléfono,Básico,,0,,2021-07-16,No
CLI-008216,CTR-008216,18,Madrid,40,68.85,Web,Estándar,1007.53,3,,2023-05-02,Sí
CLI-000079,CTR-009929,50,Valencia,36,35.25,Web,Empresa,3050.18,3,,2023-09-22,No
CLI-008608,CTR-008608,41,Málaga,24,76.82,Tienda,Básico,1406.18,1,5,2024-09-14,Sí
CLI-004197,CTR-004197,63,Valencia,79,77.08,Web,Básico,3257.67,1,9,2020-02-01,No
CLI-006542,CTR-006542,37,Zaragoza,16,55.51,Aplicación,Básico,750,3,5,2025-05-15,Sí
CLI-008789,CTR-008789,35,Madrid,23,65.08,Teléfono,Empresa,3158.01,1,,2024-10-10,No
CLI-000649,CTR-000649,37,Madrid,38,59.39,Web,Estándar,2163.59,5,6,2023-07-13,Sí
CLI-001063,CTR-001063,32,Málaga,96,67.76,Tienda,Estándar,2511.66,0,8,2018-09-28,No
CLI-006264,CTR-006264,32,Madrid,24,67.93,Web,Premium,3718.63,5,,2024-09-07,Sí
CLI-000415,CTR-000415,40,Madrid,40,46.17,Web,Estándar,4131.66,2,10,2023-05-28,No
CLI-009355,CTR-009355,39,Madrid,38,87.52,Tienda,Básico,2288.87,7,6,2023-07-22,Sí
CLI-008194,CTR-008194,34,Málaga,17,61.84,Tienda,Estándar,2382.13,4,6,2025-04-16,Sí
CLI-003351,CTR-003351,31,Valencia,71,60.47,Tienda,Básico,2204.04,0,7,2020-10-05,No
CLI-000081,CTR-009931,40,Madrid,43,68.4,Teléfono,Empresa,,4,9,2023-02-02,No
CLI-000713,CTR-000713,40,Sevilla,18,92.46,Aplicación,Estándar,3925.89,0,7,2025-03-08,No
CLI-005718,CTR-005718,25,Madrid,46,67.29,Aplicación,Básico,,3,,2022-11-06,Sí
CLI-009151,CTR-009151,31,Sevilla,20,36.32,Tienda,Empresa,2554.05,7,3,2025-01-09,Sí
CLI-002872,CTR-002872,51,Madrid,48,73.47,Tienda,Estándar,2548.36,0,,2022-09-20,No
CLI-008239,CTR-008239,32,Sevilla,89,51.9,Web,Estándar,1724.29,4,6,2019-04-18,No
CLI-001530,CTR-001530,34,Zaragoza,20,29.95,Aplicación,Estándar,2132.29,3,7,2025-01-17,No
CLI-000807,CTR-000807,26,Zaragoza,27,60.35,Tienda,Premium,,5,3,2024-06-13,Sí
CLI-006403,CTR-006403,38,Murcia,21,80.71,Web,Estándar,2022.1,7,,2024-12-03,Sí
CLI-001475,CTR-001475,26,Murcia,77,47.82,Tienda,Básico,1607.15,4,7,2020-04-03,No
CLI-004421,CTR-004421,46,Valencia,12,51.07,Teléfono,Estándar,2317.89,7,7,2025-09-09,Sí
CLI-007054,CTR-007054,51,Málaga,25,39.76,Web,Premium,,5,,2024-08-19,No
CLI-007879,CTR-007879,29,Sevilla,11,49.88,Aplicación,Estándar,1499.06,0,4,2025-10-15,Sí
CLI-007191,CTR-007191,33,Sevilla,24,57.13,Teléfono,Premium,,5,8,2024-09-07,Sí
CLI-007575,CTR-007575,40,Madrid,79,76.79,Teléfono,Premium,1833.97,0,5,2020-02-12,No
CLI-001681,CTR-001681,18,Valencia,25,91.65,Web,Básico,2698.27,5,,2024-08-26,No
CLI-003700,CTR-003700,24,Zaragoza,85,27.97,Teléfono,Estándar,3446.73,1,8,2019-08-13,No
CLI-007047,CTR-007047,20,Alicante,65,32.92,Tienda,Estándar,1913.01,3,7,2021-04-15,No
CLI-000053,CTR-000053,49,Barcelona,9,92.49,Teléfono,Empresa,1507.04,0,7,2025-12-11,No
CLI-002948,CTR-002948,43,Barcelona,20,34.66,Tienda,Empresa,,2,9,2025-01-15,No
CLI-003726,CTR-003726,40,Madrid,34,111.31,web,Premium,,7,5,2023-11-23,Sí
CLI-005913,CTR-005913,38,Madrid,14,78.53,Tienda,Básico,750,2,,2025-07-04,Sí
CLI-005684,CTR-005684,62,Murcia,48,74.68,Web,Estándar,1989.07,5,,2022-09-06,No
CLI-003778,CTR-003778,27,Sevilla,81,48.2,Teléfono,Estándar,2540.13,0,7,2019-12-07,No
CLI-008287,CTR-008287,54,Madrid,14,22.39,Tienda,Básico,,0,,2025-07-07,No
CLI-004505,CTR-004505,46,Zaragoza,18,40.9,Tienda,Estándar,2269.16,1,5,2025-03-04,Sí
CLI-002597,CTR-002597,33,Madrid,7,114.12,Web,Premium,2804.83,2,4,2026-02-18,Sí
CLI-005948,CTR-005948,66,Madrid,76,32.88,Teléfono,Estándar,3957.68,4,6,2020-05-04,No
CLI-002833,CTR-002833,42,Sevilla,30,80.13,Web,Premium,,0,7,2024-03-14,No
CLI-002679,CTR-002679,33,Valencia,21,22.55,Aplicación,Básico,2329.19,2,7,2024-12-10,No
CLI-006874,CTR-006874,47,Murcia,1,43.71,Web,Estándar,2852.57,6,8,2026-08-13,Sí
CLI-001267,CTR-001267,62,Murcia,49,51.9,Teléfono,Premium,1986.2,4,8,2022-08-23,No
CLI-004662,CTR-004662,49,Madrid,7,56.46,Tienda,Básico,3789.04,5,3,2026-02-01,Sí
CLI-001161,CTR-001161,53,Valencia,33,43.41,Teléfono,Premium,,6,5,2023-12-24,Sí
CLI-007220,CTR-007220,43,Alicante,15,102.71,Aplicación,Básico,3301.31,3,2,2025-06-07,Sí
CLI-003305,CTR-003305,52,Valencia,49,75.03,Web,Estándar,,2,8,2022-08-08,No
CLI-005519,CTR-005519,52,Málaga,59,55.93,Aplicación,Básico,2030.4,3,,2021-10-25,No
CLI-009378,CTR-009378,41,Málaga,7,88.97,Tienda,Estándar,3275.83,4,5,2026-02-19,Sí
CLI-008993,CTR-008993,50,Barcelona,73,30.13,Teléfono,Estándar,1864.79,2,,2020-08-22,No
CLI-003348,CTR-003348,37,Valencia,45,70.11,Web,Estándar,2570.14,0,8,2022-12-08,No
CLI-001611,CTR-001611,61,Sevilla,68,19.86,Web,Básico,1853.1,6,,2021-01-12,No
CLI-003462,CTR-003462,32,Barcelona,7,62.79,Web,Empresa,2729.66,0,7,2026-02-22,No
CLI-003329,CTR-003329,40,Málaga,30,76.78,Web,Empresa,4125.06,3,7,2024-03-05,No
CLI-009780,CTR-009780,28,Valencia,22,41.05,Web,Estándar,2529.5,1,,2024-11-10,No
CLI-007019,CTR-007019,40,Valencia,15,42.2,Web,Básico,2603.5,4,,2025-06-26,No
CLI-000733,CTR-000733,47,Madrid,65,41.91,Aplicación,Empresa,1699.06,0,8,2021-04-04,No
CLI-000018,CTR-000018,54,Madrid,72,29.69,Web,Básico,3136.24,5,,2020-09-06,No
CLI-004026,CTR-004026,54,Alicante,3,110.53,Web,Estándar,1275.63,6,3,2026-06-08,Sí
CLI-001628,CTR-001628,55,Barcelona,31,58.94,Web,Básico,2767.21,4,5,2024-02-10,Sí
CLI-009572,CTR-009572,37,Valencia,35,65.51,Web,Estándar,1822.65,4,6,2023-10-25,Sí
CLI-009608,CTR-009608,32,Murcia,43,9.9,Tienda,Básico,4159.61,7,,2023-02-04,Sí
CLI-008480,CTR-008480,59,Valencia,41,154.46,Teléfono,Estándar,,2,7,2023-04-28,No
CLI-007468,CTR-007468,37,Valencia,5,103.42,Tienda,Empresa,885.66,5,5,2026-04-07,Sí
CLI-001413,CTR-001413,18,Sevilla,13,66.12,Web,Empresa,,4,,2025-08-21,Sí
CLI-009573,CTR-009573,57,Sevilla,37,70.71,Tienda,Básico,1840.79,3,6,2023-08-12,No
CLI-003323,CTR-003323,46,Valencia,87,54.01,Web,Premium,,0,7,2019-06-23,No
CLI-009697,CTR-009697,48,Murcia,95,64.4,Aplicación,Premium,2019.64,5,,2018-10-06,No
CLI-006642,CTR-006642,36,Murcia,46,30.26,Tienda,Premium,3771.61,1,,2022-11-25,No
CLI-000975,CTR-000975,43,Barcelona,20,35.77,Web,Estándar,,1,,2025-01-06,No
CLI-002931,CTR-002931,32,Sevilla,2,96.64,Teléfono,Empresa,2418.03,5,7,2026-07-03,Sí
CLI-001550,CTR-001550,38,Madrid,96,59.85,Aplicación,Básico,3525.86,5,5,2018-09-18,No
CLI-002170,CTR-002170,19,Sevilla,19,59.41,Teléfono,Premium,2149.2,3,,2025-02-16,Sí
CLI-008963,CTR-008963,57,Madrid,96,32.08,Teléfono,Empresa,2866.02,1,9,2018-09-24,No
CLI-001609,CTR-001609,42,Madrid,37,57.34,Tienda,Empresa,1530.73,5,7,2023-08-14,Sí
CLI-004520,CTR-004520,31,Madrid,30,66.79,Tienda,Estándar,1285.43,6,,2024-03-11,Sí
CLI-005639,CTR-005639,35,Barcelona,16,77.17,Aplicación,Básico,2146.2,3,5,2025-05-20,Sí
CLI-001717,CTR-001717,51,Madrid,33,76.3,Tienda,Estándar,,6,7,2023-12-19,Sí
CLI-002600,CTR-002600,19,Málaga,11,80.03,WEB,Básico,2935.19,3,4,2025-10-06,No
CLI-004930,CTR-004930,43,Madrid,11,47.23,Web,Básico,2522.81,4,,2025-10-26,No
CLI-006784,CTR-006784,34,Madrid,13,25.81,Aplicación,Básico,,0,7,2025-08-27,No
CLI-002105,CTR-002105,32,Barcelona,14,40.69,Web,Básico,3625.71,4,,2025-07-18,Sí
CLI-002534,CTR-002534,24,Sevilla,20,110.69,Teléfono,Básico,3219.81,7,8,2025-01-19,Sí
CLI-007053,CTR-007053,19,Barcelona,15,32.46,Web,Estándar,1897.08,3,,2025-06-06,Sí
CLI-001759,CTR-001759,33,Málaga,61,82.63,Teléfono,Estándar,2115.64,2,7,2021-08-09,No
CLI-006262,CTR-006262,33,Alicante,35,64.5,Aplicación,Estándar,2473.75,3,2,2023-10-06,Sí
CLI-004375,CTR-004375,29,Barcelona,14,80.79,Web,Premium,2477.13,4,6,2025-07-17,Sí
CLI-002244,CTR-002244,48,Sevilla,36,67.23,Web,Estándar,1594.84,4,7,2023-09-23,Sí
CLI-006017,CTR-006017,60,Barcelona,10,85.85,Teléfono,Básico,2525.9,3,6,2025-11-21,Sí
CLI-004649,CTR-004649,52,Valencia,47,58.28,Web,Estándar,2141.61,5,5,2022-10-18,Sí
CLI-008031,CTR-008031,45,Málaga,14,67.73,Teléfono,Básico,1237.9,4,,2025-07-08,Sí
CLI-004185,CTR-004185,47,Murcia,23,70.38,Tienda,Básico,3859.8,0,,2024-10-12,Sí
CLI-000602,CTR-000602,56,Barcelona,81,38.85,Teléfono,Estándar,1155.64,1,8,2019-12-25,No
CLI-001323,CTR-001323,21,Madrid,60,116.73,Tienda,Básico,1860.51,4,7,2021-09-21,No
CLI-005220,CTR-005220,46,Valencia,41,57.71,,Empresa,2136.96,0,8,2023-04-24,No
CLI-005424,CTR-005424,35,Valencia,17,88.24,Teléfono,Estándar,,8,,2025-04-25,Sí
CLI-005392,CTR-005392,47,Madrid,72,58.05,Tienda,Estándar,3723.6,0,9,2020-09-12,No
CLI-000586,CTR-000586,53,Málaga,21,73.08,Tienda,Básico,1294.07,5,10,2024-12-16,No
CLI-009641,CTR-009641,36,Madrid,65,53.66,Teléfono,Premium,1424.51,1,8,2021-04-12,No
CLI-006281,CTR-006281,30,Barcelona,2,69.79,Teléfono,Básico,2415.57,4,,2026-07-10,Sí
CLI-006645,CTR-006645,51,Sevilla,41,76.82,Tienda,Premium,860.85,1,,2023-04-13,No
CLI-000174,CTR-000174,42,Madrid,32,59.81,Web,Premium,2021.93,6,4,2024-01-04,Sí
CLI-006570,CTR-006570,40,Madrid,15,68.72,Tienda,Premium,4118.73,1,5,2025-06-27,Sí
CLI-001254,CTR-001254,43,Sevilla,78,33.91,Web,Estándar,2941.4,3,7,2020-03-19,No
CLI-006537,CTR-006537,63,Sevilla,19,72.01,Tienda,Estándar,2815.71,7,,2025-02-14,Sí
CLI-004543,CTR-004543,36,Madrid,19,72.66,Teléfono,Estándar,3007.34,3,4,2025-02-21,Sí
CLI-009144,CTR-009144,33,Alicante,16,78.29,Teléfono,Estándar,2175.27,0,9,2025-05-21,No
CLI-001606,CTR-001606,41,Murcia,32,66.38,Web,Premium,1750.26,5,6,2024-01-12,Sí
CLI-004691,CTR-004691,39,Zaragoza,12,68.08,WEB,Premium,2196.02,8,,2025-09-14,Sí
CLI-009107,CTR-009107,50,Madrid,25,43.42,Aplicación,Empresa,2538.61,0,9,2024-08-07,No
CLI-009709,CTR-009709,57,Valencia,28,65.55,Web,Básico,,2,,2024-05-12,No
CLI-000033,CTR-000033,43,Madrid,52,55.4,WEB,Empresa,4345.31,3,7,2022-05-20,No
CLI-000024,CTR-009874,20,Barcelona,43,44.82,Web,Premium,1267.72,4,,2023-02-22,Sí
CLI-007454,CTR-007454,48,Madrid,1,74.67,Web,Estándar,1196.84,5,4,2026-08-08,Sí
CLI-005600,CTR-005600,35,Murcia,27,55.15,Aplicación,Básico,2220.72,5,5,2024-06-22,Sí
CLI-002225,CTR-002225,41,Murcia,44,52.28,Aplicación,Premium,3105.73,2,8,2023-01-11,No
CLI-001085,CTR-001085,26,Málaga,6,63.47,Web,Estándar,1639.69,6,8,2026-03-19,Sí
CLI-005185,CTR-005185,48,Barcelona,12,70.81,Tienda,Empresa,1786.58,6,,2025-09-23,Sí
CLI-002146,CTR-002146,36,Madrid,33,64.69,Tienda,Básico,2800.37,2,5,2023-12-06,Sí
CLI-002104,CTR-002104,69,Madrid,20,61.52,Teléfono,Estándar,1745.54,4,,2025-01-07,Sí
CLI-000996,CTR-000996,30,Sevilla,39,40.71,Tienda,Estándar,839.06,4,,2023-06-24,Sí
CLI-001331,CTR-001331,43,Sevilla,10,63.72,Web,Básico,2101.66,5,4,2025-11-12,Sí
CLI-000595,CTR-000595,35,Alicante,13,45.41,Web,Estándar,750,3,,2025-08-27,Sí
CLI-000192,CTR-000192,44,Alicante,67,46.54,Web,Premium,1338.17,1,,2021-02-02,No
CLI-005538,CTR-005538,60,Barcelona,89,68.13,Web,Estándar,2569.99,2,,2019-04-09,No
CLI-002695,CTR-002695,18,Madrid,12,144.59,Aplicación,Básico,13273.41,1,7,2025-09-07,No
CLI-006218,CTR-006218,51,Madrid,52,50.2,Tienda,Básico,3308.43,3,6,2022-05-27,No
CLI-004187,CTR-004187,25,Alicante,54,36.15,Aplicación,Básico,2168.11,4,7,2022-03-11,No
CLI-003222,CTR-003222,33,Alicante,81,48.32,WEB,Estándar,3329.63,2,7,2019-12-28,No
CLI-009621,CTR-009621,44,Madrid,26,52.89,Teléfono,Estándar,750,4,,2024-07-03,Sí
CLI-003169,CTR-003169,39,Sevilla,15,45.87,Teléfono,Premium,3955.22,1,7,2025-06-24,No
CLI-004933,CTR-004933,63,Zaragoza,9,49.67,Teléfono,Premium,,0,,2025-12-11,No
CLI-005808,CTR-005808,45,Murcia,10,20.17,Aplicación,Estándar,2386.47,1,,2025-11-27,No
CLI-005352,CTR-005352,26,Sevilla,17,49.74,Tienda,Estándar,,0,7,2025-04-09,No
CLI-003197,CTR-003197,38,Valencia,7,15.1,Tienda,Básico,2208.46,3,8,2026-02-09,No
CLI-005727,CTR-005727,66,Alicante,35,73.23,Web,Estándar,,2,4,2023-10-06,Sí
CLI-001281,CTR-001281,46,Zaragoza,13,86.42,Web,Estándar,2810.42,3,6,2025-08-16,Sí
CLI-007767,CTR-007767,52,Sevilla,72,78.71,Web,Básico,,3,,2020-09-18,No
CLI-005467,CTR-005467,21,Valencia,32,77.22,Web,Estándar,2199.55,5,,2024-01-13,Sí
CLI-005074,CTR-005074,38,Zaragoza,79,67.17,Aplicación,Estándar,,5,,2020-02-20,No
CLI-000892,CTR-000892,34,Barcelona,10,62.11,Tienda,Estándar,3420.86,0,7,2025-11-07,No
CLI-006970,CTR-006970,54,Madrid,9,82.29,Tienda,Premium,2319.92,7,7,2025-12-13,Sí
CLI-005022,CTR-005022,32,Barcelona,46,62.92,Web,Empresa,1337.93,4,5,2022-11-28,Sí
CLI-004485,CTR-004485,36,Madrid,15,59.79,Web,Estándar,3800.42,0,,2025-06-15,No
CLI-005610,CTR-005610,34,Sevilla,15,77.25,Tienda,Estándar,2551.81,4,6,2025-06-27,Sí
CLI-001602,CTR-001602,54,Alicante,79,9.9,Web,Estándar,3479.87,4,6,2020-02-02,No
CLI-000080,CTR-000080,40,Valencia,22,73.26,Teléfono,Premium,2471.56,1,10,2024-11-20,No
CLI-005963,CTR-005963,49,Barcelona,57,36.44,Web,Básico,3348.24,2,,2021-12-23,No
CLI-003223,CTR-003223,18,Madrid,47,93.66,Web,Premium,,4,3,2022-10-09,Sí
CLI-005297,CTR-005297,50,Madrid,18,90.7,Tienda,Básico,2669.46,3,,2025-03-17,Sí
CLI-008719,CTR-008719,36,Alicante,6,88.29,Tienda,Estándar,2562.52,4,7,2026-03-26,Sí
CLI-007463,CTR-007463,38,Alicante,28,77.21,web,Básico,2917.29,2,,2024-05-04,No
CLI-001685,CTR-001685,47,Zaragoza,22,55.79,Web,Empresa,1685.38,0,8,2024-11-25,No
CLI-003965,CTR-003965,28,Alicante,56,57.47,Teléfono,Básico,3898.36,0,7,2022-01-16,No
CLI-007161,CTR-007161,31,Barcelona,23,64.88,Tienda,Premium,1612.25,7,,2024-10-28,Sí
CLI-007193,CTR-007193,50,Sevilla,39,69.65,Web,Estándar,2063.91,5,6,2023-06-21,Sí
CLI-009834,CTR-009834,55,Madrid,85,63.3,Teléfono,Estándar,2666.28,2,8,2019-08-09,No
CLI-001956,CTR-001956,49,Madrid,21,40.98,Web,Estándar,2693.14,3,,2024-12-09,Sí
CLI-008142,CTR-008142,24,Murcia,21,49.25,Tienda,Premium,3683.11,7,5,2024-12-20,Sí
CLI-007426,CTR-007426,27,Barcelona,10,98.28,Web,Estándar,3752.36,6,2,2025-11-10,Sí
CLI-000116,CTR-000116,36,Madrid,11,62.54,Web,Estándar,2141.31,6,8,2025-10-03,Sí
CLI-008504,CTR-008504,58,Valencia,5,13.6,Teléfono,Estándar,,6,5,2026-04-18,Sí
CLI-007864,CTR-007864,24,Madrid,15,57.62,web,Básico,3446.92,5,,2025-06-14,Sí
CLI-002710,CTR-002710,18,Murcia,33,63.42,Tienda,Estándar,877.61,7,,2023-12-04,Sí
CLI-003126,CTR-003126,50,Murcia,91,66.87,Tienda,Básico,1424.67,3,,2019-02-06,No
CLI-007844,CTR-007844,39,Barcelona,17,95.88,Web,Empresa,1779.23,1,4,2025-04-05,Sí
CLI-002163,CTR-002163,44,Málaga,7,76.53,Tienda,Premium,2228.02,6,6,2026-02-20,Sí
CLI-004655,CTR-004655,54,Málaga,24,40.88,Web,Estándar,3143.95,2,7,2024-09-10,No
CLI-003164,CTR-003164,44,Zaragoza,65,23.53,Tienda,Estándar,2882.42,2,7,2021-04-25,No
CLI-007266,CTR-007266,39,Murcia,82,58.96,Web,Premium,2812.5,2,5,2019-11-14,No
CLI-006256,CTR-006256,18,Málaga,23,77.53,Teléfono,Empresa,,3,,2024-10-11,No
CLI-007252,CTR-007252,40,Sevilla,42,36.02,web,Estándar,3279.19,5,,2023-03-08,Sí
CLI-006168,CTR-006168,24,Madrid,16,77.87,Tienda,Estándar,,5,4,2025-05-12,Sí
CLI-001459,CTR-001459,56,Valencia,10,66.54,Web,Básico,3439.73,6,5,2025-11-01,Sí
CLI-004633,CTR-004633,18,Barcelona,30,74.51,Aplicación,Básico,1961.04,5,9,2024-03-01,Sí
CLI-004344,CTR-004344,47,Alicante,33,44.82,Web,Básico,2681.62,1,,2023-12-18,No
CLI-009115,CTR-009115,39,Madrid,22,59.85,Web,Empresa,3595.66,0,,2024-11-02,No
CLI-006251,CTR-006251,43,Zaragoza,29,35.04,Tienda,Básico,2846.28,3,5,2024-04-04,Sí
CLI-002388,CTR-002388,59,Madrid,-9,21.57,Web,Estándar,,0,8,2019-12-24,No
CLI-002387,CTR-002387,39,Sevilla,25,77.32,WEB,Empresa,3303.5,6,3,2024-08-20,Sí
CLI-000424,CTR-000424,45,Valencia,47,90.89,Web,Básico,,2,7,2022-10-14,No
CLI-006217,CTR-006217,39,Barcelona,32,63.58,Web,Estándar,,3,4,2024-01-05,Sí
CLI-008754,CTR-008754,52,Barcelona,77,81.53,Aplicación,Estándar,2668.52,4,6,2020-04-28,No
CLI-002500,CTR-002500,26,Barcelona,7,89.71,Web,Premium,2616.13,6,,2026-02-13,Sí
CLI-003512,CTR-003512,30,Madrid,67,76.99,Web,Estándar,1362.28,1,7,2021-02-07,No
CLI-007779,CTR-007779,66,Valencia,75,63.15,Tienda,Estándar,2341,1,8,2020-06-24,No
CLI-004979,CTR-004979,59,Madrid,10,80.17,Teléfono,Básico,1880.98,5,4,2025-11-01,Sí
CLI-004674,CTR-004674,48,Málaga,30,48.55,Teléfono,Estándar,2365.65,5,,2024-03-08,No
CLI-009559,CTR-009559,18,Valencia,32,82.54,Web,Premium,1037.92,4,5,2024-01-07,Sí
CLI-009208,CTR-009208,61,Alicante,20,72.43,Teléfono,Estándar,2373.8,0,8,2025-01-25,No
CLI-002681,CTR-002681,46,Barcelona,12,57,Web,Empresa,2574.72,5,5,2025-09-13,Sí
CLI-007093,CTR-007093,52,Málaga,20,48.44,Aplicación,Estándar,1875.78,2,8,2025-01-11,No
CLI-003859,CTR-003859,60,Barcelona,8,66.05,Teléfono,Básico,,5,4,2026-01-04,Sí
CLI-003802,CTR-003802,41,Madrid,29,31.03,Web,Premium,1203.33,3,2,2024-04-08,Sí
CLI-007061,CTR-007061,50,Málaga,24,68.45,Web,Premium,3283,1,9,2024-09-24,No
CLI-000109,CTR-000109,35,Zaragoza,33,53.75,Web,Empresa,1488.29,3,,2023-12-25,Sí
CLI-003440,CTR-003440,36,Valencia,4,55.63,Web,Estándar,2932.53,3,4,2026-05-17,Sí
CLI-007385,CTR-007385,47,Zaragoza,32,80.61,Teléfono,Estándar,,6,7,2024-01-27,Sí
CLI-004121,CTR-004121,18,Madrid,24,63.95,Aplicación,Premium,,3,,2024-09-23,Sí
CLI-001000,CTR-001000,30,Barcelona,62,52.1,Tienda,Básico,,3,,2021-07-20,No
CLI-004398,CTR-004398,38,Valencia,79,63.93,Tienda,Básico,2113.47,1,,2020-02-27,No
CLI-006392,CTR-006392,51,Valencia,73,30.03,Teléfono,Básico,1856.62,3,7,2020-08-26,No
CLI-009824,CTR-009824,47,Barcelona,24,66.82,Tienda,Estándar,,6,9,2024-09-23,No
CLI-005509,CTR-005509,37,Barcelona,86,84,Teléfono,Premium,1591.37,1,,2019-07-03,No
CLI-007836,CTR-007836,35,Murcia,19,33.37,Teléfono,Premium,2903.96,0,8,2025-02-09,No
CLI-001143,CTR-001143,51,Barcelona,47,62.63,Aplicación,Básico,2868.28,2,7,2022-10-20,No
CLI-006534,CTR-006534,37,Madrid,6,117.72,Tienda,Estándar,2796.03,3,,2026-03-26,Sí
CLI-008423,CTR-008423,61,Málaga,96,44.89,web,Básico,2388.99,2,6,2018-09-15,No
CLI-008148,CTR-008148,71,Alicante,58,48.4,Aplicación,Básico,4618.11,2,7,2021-11-27,No
CLI-002922,CTR-002922,35,Sevilla,13,73.74,Tienda,Estándar,3068.62,3,,2025-08-18,No
CLI-006440,CTR-006440,65,Madrid,10,57.27,Tienda,Estándar,2765.41,3,8,2025-11-15,No
CLI-007602,CTR-007602,42,Valencia,30,49.82,Teléfono,Premium,3279.96,3,,2024-03-16,No
CLI-009615,CTR-009615,58,Barcelona,61,35.15,Teléfono,Premium,2007.4,2,10,2021-08-23,No
CLI-000269,CTR-000269,48,Valencia,23,109.5,Web,Premium,,6,5,2024-10-23,Sí
CLI-004703,CTR-004703,52,Barcelona,17,103.9,Tienda,Básico,,2,,2025-04-08,No
CLI-006983,CTR-006983,33,Barcelona,80,53.46,Web,Premium,,4,,2020-01-10,No
CLI-004126,CTR-004126,27,Barcelona,17,85.58,Web,Básico,1344.31,4,,2025-04-14,Sí
CLI-005533,CTR-005533,52,Barcelona,27,52,WEB,Premium,1667.58,2,9,2024-06-23,No
CLI-008315,CTR-008315,47,Valencia,31,88.37,Aplicación,Básico,1453.17,3,7,2024-02-17,Sí
CLI-001906,CTR-001906,58,Barcelona,43,72,Web,Estándar,1854.98,3,8,2023-02-20,No
CLI-002802,CTR-002802,41,Sevilla,10,62.93,Web,Empresa,2023.23,3,6,2025-11-25,Sí
CLI-006523,CTR-006523,28,Madrid,89,76.49,Tienda,Estándar,3776.02,2,,2019-04-02,No
CLI-009091,CTR-009091,28,Valencia,40,23.75,web,Premium,,5,6,2023-05-20,No
CLI-008482,CTR-008482,54,Murcia,14,75.98,Web,Básico,1929.74,2,7,2025-07-24,No
CLI-008466,CTR-008466,45,Valencia,23,69.49,Aplicación,Básico,2531.73,4,5,2024-10-14,No
CLI-004781,CTR-004781,36,Valencia,2,34.78,Tienda,Básico,1829.34,5,6,2026-07-08,Sí
CLI-009062,CTR-009062,35,Murcia,24,26.04,Web,Básico,2385.41,5,,2024-09-25,Sí
CLI-007294,CTR-007294,45,Málaga,29,37.31,Aplicación,Premium,1533.7,0,8,2024-04-21,No
CLI-006646,CTR-006646,39,Alicante,95,68.71,Web,Empresa,3555.32,2,9,2018-10-15,No
CLI-001706,CTR-001706,47,Valencia,79,62.37,Tienda,Estándar,,0,6,2020-02-23,No
CLI-001344,CTR-001344,59,Madrid,30,83.54,Tienda,Básico,4130.45,2,6,2024-03-14,No
CLI-005933,CTR-005933,64,Murcia,6,63.47,Aplicación,Estándar,,3,8,2026-03-05,No
CLI-000426,CTR-000426,37,Madrid,48,61.3,Tienda,Estándar,1980.96,2,,2022-09-28,Sí
CLI-000004,CTR-009854,50,Madrid,44,47.39,Teléfono,Básico,3505.92,1,9,2023-01-06,No
CLI-008989,CTR-008989,49,Madrid,24,73.93,Web,Premium,2048.71,1,8,2024-09-09,No
CLI-007923,CTR-007923,42,Valencia,49,52.01,Web,Básico,2958.69,6,8,2022-08-08,No
CLI-003337,CTR-003337,34,Madrid,29,110.5,Teléfono,Premium,,1,,2024-04-18,No
CLI-005608,CTR-005608,30,Alicante,76,28.95,Web,Premium,2879.63,0,,2020-05-11,No
CLI-008864,CTR-008864,26,Valencia,12,47.59,Web,Premium,,5,,2025-09-17,Sí
CLI-000720,CTR-000720,27,Madrid,44,81.07,Aplicación,Premium,1913.77,0,7,2023-01-01,No
CLI-003432,CTR-003432,46,Zaragoza,8,74.8,Web,Básico,1131.18,2,,2026-01-10,Sí
CLI-004868,CTR-004868,69,Barcelona,44,71.55,Teléfono,Básico,1240.65,3,9,2023-01-19,No
CLI-000061,CTR-009911,44,Murcia,13,61.88,Teléfono,Estándar,,6,6,2025-08-03,No
CLI-005739,CTR-005739,38,Valencia,37,99.13,Aplicación,Premium,2538.68,2,7,2023-08-05,Sí
CLI-008986,CTR-008986,22,Málaga,2,83.77,Web,Premium,1861.46,4,,2026-07-04,Sí
CLI-007774,CTR-007774,35,Sevilla,79,27.2,Aplicación,Básico,3177.13,2,,2020-02-07,No
CLI-001458,CTR-001458,45,Zaragoza,73,54.46,Teléfono,Estándar,,3,,2020-08-16,No
CLI-008138,CTR-008138,22,Sevilla,82,73.62,Tienda,Empresa,1971.79,3,,2019-11-14,No
CLI-004902,CTR-004902,66,Madrid,77,71.89,web,Estándar,1610.63,5,9,2020-04-10,No
CLI-001588,CTR-001588,31,Sevilla,44,73.79,Web,Estándar,1203.59,6,,2023-01-16,Sí
CLI-007120,CTR-007120,41,Málaga,32,58.94,Web,Premium,2169.95,1,,2024-01-25,No
CLI-002269,CTR-002269,54,Barcelona,33,72.04,Tienda,Estándar,2185.7,2,,2023-12-27,Sí
CLI-006072,CTR-006072,38,Barcelona,14,24.01,Aplicación,Básico,3013.68,0,,2025-07-08,No
CLI-007952,CTR-007952,53,Madrid,16,82.8,Web,Estándar,3522.48,0,8,2025-05-16,No
CLI-007464,CTR-007464,37,Barcelona,18,67.79,Web,Básico,2449.71,5,4,2025-03-26,Sí
CLI-002070,CTR-002070,48,Alicante,43,94.54,Web,Estándar,2158.73,5,5,2023-02-04,Sí
CLI-009823,CTR-009823,44,Madrid,33,88.67,Aplicación,Premium,,4,7,2023-12-15,Sí
CLI-002160,CTR-002160,42,Málaga,46,86.49,Teléfono,Estándar,2498.3,1,8,2022-11-05,No
CLI-003024,CTR-003024,39,Sevilla,81,42.03,Teléfono,Estándar,3021.03,4,8,2019-12-16,No
CLI-000019,CTR-009869,67,Murcia,89,69.93,WEB,Empresa,1991.72,4,,2019-04-11,No
CLI-004773,CTR-004773,48,Murcia,31,96.46,Tienda,Estándar,2146.09,2,5,2024-02-08,Sí
CLI-005643,CTR-005643,48,Madrid,42,93.91,Aplicación,Empresa,2505.97,1,5,2023-03-24,Sí
CLI-008832,CTR-008832,53,Málaga,50,46.67,Teléfono,Premium,3791.52,3,,2022-07-28,No
CLI-007374,CTR-007374,18,Barcelona,48,74.22,Web,Premium,,6,,2022-09-19,Sí
CLI-003229,CTR-003229,38,Alicante,13,88.41,WEB,Básico,3292.7,4,7,2025-08-01,Sí
CLI-006763,CTR-006763,43,Madrid,71,94.73,Tienda,Empresa,2395.02,2,,2020-10-16,No
CLI-004117,CTR-004117,45,Barcelona,35,28.05,Web,Estándar,2251.06,3,5,2023-10-02,Sí
CLI-007077,CTR-007077,51,Sevilla,73,57.65,Web,Básico,,0,9,2020-08-15,No
CLI-005453,CTR-005453,54,Valencia,63,29.1,Teléfono,Estándar,1714.07,0,9,2021-06-18,No
CLI-000669,CTR-000669,49,Alicante,60,74.72,Web,Premium,3465.98,0,7,2021-09-14,No
CLI-006460,CTR-006460,44,Málaga,42,85.99,Tienda,Estándar,750,6,4,2023-03-03,Sí
CLI-003103,CTR-003103,81,Madrid,55,40.62,Web,Premium,,2,9,2022-02-03,No
CLI-008337,CTR-008337,38,Valencia,34,33.11,Web,Premium,2597.89,1,4,2023-11-15,Sí
CLI-004792,CTR-004792,46,Alicante,34,64.97,Aplicación,Estándar,,5,,2023-11-06,Sí
CLI-009569,CTR-009569,36,Málaga,94,57.48,Web,Estándar,,4,8,2018-11-04,No
CLI-002255,CTR-002255,32,Sevilla,2,80.01,Web,Básico,,5,8,2026-07-25,Sí
CLI-001843,CTR-001843,18,Barcelona,37,41.57,Teléfono,Básico,1663.17,2,,2023-08-15,No
CLI-005129,CTR-005129,54,Málaga,45,68.47,Tienda,Premium,1910.79,7,5,2022-12-18,Sí
CLI-008472,CTR-008472,40,Madrid,94,58.92,Web,Básico,3529.21,0,,2018-11-05,No
CLI-004022,CTR-004022,27,Madrid,31,51.08,Tienda,Básico,1405.79,0,7,2024-02-09,No
CLI-000777,CTR-000777,65,Zaragoza,60,79.05,Web,Básico,3939.72,0,8,2021-09-02,No
CLI-008421,CTR-008421,42,Madrid,6,95.44,Tienda,Estándar,2597.72,2,4,2026-03-16,Sí
CLI-005363,CTR-005363,25,Madrid,71,43.02,Web,Premium,2706.47,1,7,2020-10-07,No
CLI-008491,CTR-008491,46,Alicante,5,85.11,Aplicación,Básico,1709.03,3,7,2026-04-11,Sí
CLI-004018,CTR-004018,40,Murcia,89,46.39,WEB,Premium,3394.26,0,,2019-04-25,No
CLI-007422,CTR-007422,51,Málaga,61,36.29,Web,Básico,3549.7,1,7,2021-08-27,No
CLI-002440,CTR-002440,41,Málaga,26,92.46,Web,Estándar,1978.05,3,5,2024-07-11,Sí
CLI-008821,CTR-008821,38,Valencia,95,115.08,Web,Empresa,3526.83,0,,2018-10-08,No
CLI-008023,CTR-008023,55,Valencia,68,57.21,Teléfono,Estándar,1433.27,0,,2021-01-27,No
CLI-002690,CTR-002690,63,Murcia,47,60.73,Tienda,Estándar,2754.59,0,6,2022-10-11,No
CLI-009218,CTR-009218,25,Alicante,10,53.6,Web,Básico,1704.62,1,4,2025-11-21,Sí
CLI-009475,CTR-009475,52,Murcia,9,70.07,Teléfono,Estándar,,2,5,2025-12-15,No
CLI-006338,CTR-006338,37,Barcelona,39,52.45,Teléfono,Premium,,3,,2023-06-11,Sí
CLI-003713,CTR-003713,34,Barcelona,25,51.89,Tienda,Básico,3134.83,4,,2024-08-26,No
CLI-008587,CTR-008587,46,Murcia,76,31.25,Teléfono,Básico,3116.78,2,6,2020-05-28,No
CLI-002436,CTR-002436,58,Madrid,8,125.54,Web,Premium,2856.07,3,5,2026-01-22,Sí
CLI-009195,CTR-009195,21,Valencia,23,44.39,Teléfono,Premium,1032.57,2,6,2024-10-27,Sí
CLI-002638,CTR-002638,51,Barcelona,21,42.48,Web,Estándar,,2,8,2024-12-02,Sí
CLI-000542,CTR-000542,50,Murcia,73,28.94,Teléfono,Básico,3191.26,2,7,2020-08-01,No
CLI-003745,CTR-003745,51,Alicante,1,36.39,Tienda,Básico,1663.79,4,,2026-08-10,Sí
CLI-003087,CTR-003087,54,Murcia,41,105.63,Tienda,Premium,1544.19,9,5,2023-04-05,Sí
CLI-006544,CTR-006544,39,Valencia,14,86.34,Aplicación,Premium,3227.42,3,7,2025-07-13,Sí
CLI-001306,CTR-001306,47,Barcelona,44,62.72,Tienda,Básico,3066.17,4,7,2023-01-28,No
CLI-007983,CTR-007983,31,Madrid,33,78.62,Aplicación,Estándar,,4,7,2023-12-21,No
CLI-009570,CTR-009570,53,Barcelona,32,60.07,WEB,Estándar,2274.79,7,8,2024-01-06,No
CLI-005306,CTR-005306,42,Barcelona,14,67.96,Tienda,Estándar,3139.96,5,5,2025-07-20,Sí
CLI-009395,CTR-009395,32,Barcelona,4,50.1,Web,Premium,3366.51,6,5,2026-05-08,Sí
CLI-009585,CTR-009585,51,Sevilla,72,61,Teléfono,Estándar,,0,8,2020-09-23,No
CLI-006840,CTR-006840,23,Valencia,74,49.26,WEB,Premium,,0,6,2020-07-03,No
CLI-004003,CTR-004003,53,Valencia,77,35.5,Aplicación,Premium,1540.62,0,8,2020-04-10,No
CLI-004749,CTR-004749,37,Murcia,41,47.62,Aplicación,Estándar,2864.7,6,4,2023-04-09,Sí
CLI-005560,CTR-005560,36,Sevilla,14,97.21,web,Básico,2154.65,2,5,2025-07-14,Sí
CLI-005260,CTR-005260,25,Sevilla,6,92.09,Teléfono,Estándar,2170.5,0,8,2026-03-10,No
CLI-006247,CTR-006247,46,Sevilla,14,56.57,Aplicación,Premium,2534.07,6,6,2025-07-17,Sí
CLI-007737,CTR-007737,20,Madrid,94,41.72,Web,Premium,3289.07,3,7,2018-11-10,No
CLI-001491,CTR-001491,53,Valencia,12,77.56,Aplicación,Estándar,2809.77,2,,2025-09-06,Sí
CLI-001917,CTR-001917,55,Madrid,78,56.8,Web,Estándar,,3,4,2020-03-23,No
CLI-006916,CTR-006916,44,Zaragoza,61,33.44,Aplicación,Estándar,2258.47,1,8,2021-08-15,No
CLI-007318,CTR-007318,39,Barcelona,14,68.34,Web,Empresa,1277.06,6,,2025-07-06,Sí
CLI-007688,CTR-007688,47,Barcelona,55,40.49,Web,Básico,2748.89,4,10,2022-02-21,No
CLI-002917,CTR-002917,50,Alicante,10,68.22,Web,Empresa,3963.19,2,,2025-11-07,No
CLI-002139,CTR-002139,53,Barcelona,28,81.22,Web,Básico,2504.21,6,,2024-05-03,Sí
CLI-001949,CTR-001949,45,Málaga,36,92.64,Teléfono,Empresa,3752.12,5,,2023-09-20,No
CLI-000981,CTR-000981,32,Madrid,50,47.19,Tienda,Premium,2924.38,0,6,2022-07-14,No
CLI-000224,CTR-000224,52,Sevilla,80,74.85,Teléfono,Estándar,3550.39,2,,2020-01-06,No
CLI-002838,CTR-002838,34,Málaga,22,30.53,Tienda,Estándar,3048.91,4,10,2024-11-25,No
CLI-004498,CTR-004498,35,Málaga,37,72.77,Tienda,Estándar,3134.57,3,4,2023-08-15,Sí
CLI-004565,CTR-004565,23,Valencia,10,52.87,Teléfono,Premium,1265.28,6,8,2025-11-28,Sí
CLI-008605,CTR-008605,63,Madrid,74,34.52,Tienda,Estándar,,3,,2020-07-11,No
CLI-008640,CTR-008640,50,Barcelona,16,96.2,Web,Estándar,,1,,2025-05-20,No
CLI-005679,CTR-005679,24,Madrid,41,109.84,Web,Estándar,1311.96,5,4,2023-04-15,Sí
CLI-003800,CTR-003800,63,Alicante,21,61.75,Tienda,Básico,2460.85,1,7,2024-12-28,No
CLI-000764,CTR-000764,43,Valencia,54,57.81,Aplicación,Empresa,2614.21,1,7,2022-03-27,No
CLI-001316,CTR-001316,48,Barcelona,94,84.09,Tienda,Empresa,3489.33,4,4,2018-11-27,No
CLI-007542,CTR-007542,45,Madrid,31,49.12,Web,Premium,2012.83,5,4,2024-02-14,Sí
CLI-007409,CTR-007409,64,Madrid,54,30.15,Tienda,Premium,1909.61,2,9,2022-03-27,No
CLI-001352,CTR-001352,44,Madrid,20,88.12,Web,Empresa,4368.23,3,6,2025-01-22,Sí
CLI-008735,CTR-008735,30,Barcelona,90,57.16,Aplicación,Básico,,3,,2019-03-06,No
CLI-005850,CTR-005850,76,Madrid,94,65.52,Aplicación,Premium,,3,9,2018-11-19,No
CLI-008128,CTR-008128,28,Madrid,13,83.59,Tienda,Premium,,1,7,2025-08-01,No
CLI-004906,CTR-004906,42,Barcelona,27,92.48,Teléfono,Premium,3796.66,2,6,2024-06-14,Sí
CLI-007371,CTR-007371,51,Madrid,27,50.48,Tienda,Estándar,3626.75,6,8,2024-06-23,No
CLI-009748,CTR-009748,50,Zaragoza,17,210.74,Teléfono,Básico,2250,1,5,2025-04-07,No
CLI-001931,CTR-001931,51,Valencia,82,55.46,Web,Estándar,2447.71,4,,2019-11-20,No
CLI-005161,CTR-005161,18,Madrid,33,85.67,Web,Básico,1234.63,6,,2023-12-09,Sí
CLI-003573,CTR-003573,62,Málaga,46,57.88,web,Premium,1579.3,1,6,2022-11-19,No
CLI-000931,CTR-000931,44,Sevilla,31,70.29,Aplicación,Estándar,2049.87,0,,2024-02-03,No
CLI-006801,CTR-006801,33,Murcia,88,61.83,Web,Básico,,2,6,2019-05-06,No
CLI-000097,CTR-000097,35,Barcelona,29,51.1,Web,Estándar,3141.02,1,,2024-04-20,Sí
CLI-000631,CTR-000631,37,Barcelona,84,54.67,Teléfono,Básico,,4,5,2019-09-28,No
CLI-008530,CTR-008530,44,Madrid,68,82.63,Tienda,Estándar,1986.41,0,6,2021-01-01,No
CLI-002555,CTR-002555,39,Zaragoza,16,130.09,Teléfono,Premium,2865.24,1,4,2025-05-11,Sí
CLI-005801,CTR-005801,18,Sevilla,6,53.98,Tienda,Estándar,1817.02,5,5,2026-03-01,Sí
CLI-004289,CTR-004289,34,Barcelona,17,103.01,Aplicación,Premium,2385.67,7,3,2025-04-16,Sí
CLI-009340,CTR-009340,21,Málaga,35,61,Teléfono,Premium,,2,9,2023-10-18,No
CLI-008246,CTR-008246,49,Valencia,30,35.98,Teléfono,Estándar,1419.6,2,,2024-03-22,No
CLI-008307,CTR-008307,29,Málaga,36,78.16,Tienda,Empresa,3135.7,0,10,2023-09-03,No
CLI-006213,CTR-006213,27,Zaragoza,18,73.69,Web,Premium,1284.13,5,,2025-03-08,Sí
CLI-002835,CTR-002835,46,Valencia,81,73.93,Tienda,Básico,,2,7,2019-12-09,No
CLI-004376,CTR-004376,18,Alicante,19,73.85,Tienda,Estándar,1267.07,0,4,2025-02-03,Sí
CLI-009424,CTR-009424,57,Sevilla,82,74.65,Aplicación,Premium,3283.88,0,,2019-11-23,No
CLI-005006,CTR-005006,55,Madrid,53,87.43,Tienda,Premium,3455.94,0,8,2022-04-28,No
CLI-006183,CTR-006183,41,Zaragoza,23,56.43,Web,Estándar,2899.1,2,7,2024-10-05,Sí
CLI-005905,CTR-005905,53,Zaragoza,27,73.77,Tienda,Estándar,2957.69,6,7,2024-06-08,No
CLI-002832,CTR-002832,39,Barcelona,38,51.26,WEB,Estándar,2870.48,5,5,2023-07-03,Sí
CLI-006104,CTR-006104,20,Sevilla,8,104.2,Teléfono,Estándar,2334.92,5,6,2026-01-05,Sí
CLI-004670,CTR-004670,43,Sevilla,1,69.41,Web,Premium,750,5,6,2026-08-15,Sí
CLI-009830,CTR-009830,47,Barcelona,48,98.32,Tienda,Estándar,2508.53,1,,2022-09-21,No
CLI-005694,CTR-005694,48,Barcelona,8,83.25,Web,Premium,2343.67,4,5,2026-01-24,Sí
CLI-007656,CTR-007656,26,Madrid,68,22.35,WEB,Básico,1501.23,0,,2021-01-09,No
CLI-000768,CTR-000768,47,Málaga,33,57.34,Teléfono,Básico,,3,,2023-12-19,No
CLI-005825,CTR-005825,24,Madrid,24,47.88,Tienda,Básico,1842.53,3,7,2024-09-06,No
CLI-009399,CTR-009399,26,Málaga,11,88.67,Tienda,Empresa,1449.25,3,,2025-10-15,Sí
CLI-004820,CTR-004820,26,Zaragoza,42,68.84,Web,Básico,,2,10,2023-03-02,No
CLI-009106,CTR-009106,56,Barcelona,49,34.12,Teléfono,Estándar,,3,8,2022-08-04,No
CLI-006502,CTR-006502,46,Valencia,64,56.72,Tienda,Estándar,4188.66,0,9,2021-05-08,No
CLI-007297,CTR-007297,54,Barcelona,66,89.82,Tienda,Estándar,2216.65,2,,2021-03-15,No
CLI-000556,CTR-000556,32,Madrid,12,81.61,Web,Estándar,1780.26,5,8,2025-09-12,Sí
CLI-006986,CTR-006986,56,Madrid,5,26.21,Teléfono,Premium,1912.35,4,,2026-04-10,Sí
CLI-006111,CTR-006111,21,Murcia,17,84.08,Aplicación,Empresa,1455.74,5,4,2025-04-01,Sí
CLI-003985,CTR-003985,29,Madrid,78,33.66,Web,Estándar,3303.63,2,8,2020-03-09,No
CLI-003765,CTR-003765,39,Barcelona,40,178.08,Tienda,Estándar,2359.08,3,7,2023-05-27,No
CLI-007822,CTR-007822,22,Alicante,2,67.54,Tienda,Premium,,6,6,2026-07-03,Sí
CLI-002429,CTR-002429,44,Zaragoza,56,46.31,Teléfono,Estándar,,0,6,2022-01-15,No
CLI-002512,CTR-002512,39,Madrid,29,67.92,Tienda,Premium,3132.95,4,,2024-04-03,Sí
CLI-009602,CTR-009602,18,Murcia,53,62.68,Tienda,Estándar,2571.29,3,,2022-04-21,No
CLI-006305,CTR-006305,39,Barcelona,62,88.02,Tienda,Básico,2157.47,1,7,2021-07-12,No
CLI-003515,CTR-003515,51,Alicante,76,44.11,Aplicación,Básico,750,1,4,2020-05-05,No
CLI-003710,CTR-003710,41,Barcelona,24,73.32,Aplicación,Empresa,750,3,5,2024-09-21,Sí
CLI-006035,CTR-006035,41,Madrid,77,47.72,Teléfono,Premium,2688.09,0,6,2020-04-24,No
CLI-007132,CTR-007132,40,Zaragoza,27,74.55,Tienda,Básico,1966.28,4,6,2024-06-18,Sí
CLI-000270,CTR-000270,39,Zaragoza,92,47.15,Web,Premium,2861.13,3,7,2019-01-19,No
CLI-007070,CTR-007070,52,Madrid,80,45.74,Tienda,Estándar,2578.34,4,9,2020-01-02,No
CLI-000941,CTR-000941,26,Sevilla,38,50.02,Tienda,Estándar,4307.57,1,,2023-07-20,No
CLI-004201,CTR-004201,71,Alicante,27,60.6,web,Estándar,2361.16,0,7,2024-06-17,No
CLI-001201,CTR-001201,41,Madrid,42,29.56,Web,Estándar,,4,8,2023-03-14,No
CLI-006966,CTR-006966,49,Málaga,39,73.75,Aplicación,Estándar,1836.33,7,3,2023-06-11,Sí
CLI-008975,CTR-008975,43,Málaga,46,42.44,Teléfono,Empresa,4059.04,3,7,2022-11-09,No
CLI-004851,CTR-004851,48,Valencia,86,36.41,Web,Estándar,2238.17,1,8,2019-07-26,No
CLI-006377,CTR-006377,31,Alicante,36,79.82,Tienda,Premium,2506.12,0,8,2023-09-22,No
CLI-001875,CTR-001875,34,Madrid,5,14.98,Tienda,Básico,2076.77,7,,2026-04-17,Sí
CLI-009661,CTR-009661,34,Zaragoza,11,35.26,Teléfono,Estándar,2694.22,0,7,2025-10-06,No
CLI-001824,CTR-001824,18,Valencia,13,67.94,Web,Estándar,1251.14,4,5,2025-08-12,Sí
CLI-003810,CTR-003810,30,Valencia,10,49.43,Web,Estándar,2394.69,6,7,2025-11-19,Sí
CLI-005112,CTR-005112,50,Murcia,75,71.33,Teléfono,Básico,4247.24,1,6,2020-06-25,No
CLI-009818,CTR-009818,55,Valencia,29,67.5,Tienda,Empresa,2543.15,2,6,2024-04-24,No
CLI-004276,CTR-004276,63,Madrid,79,79.12,Aplicación,Premium,2752.32,0,8,2020-02-24,No
CLI-009483,CTR-009483,31,Zaragoza,88,34.51,Web,Premium,,2,7,2019-05-28,No
CLI-009384,CTR-009384,43,Murcia,17,75.46,,Básico,2659.83,4,7,2025-04-02,No
CLI-002608,CTR-002608,57,Madrid,13,52.72,Web,Premium,1782.18,5,5,2025-08-21,Sí
CLI-005038,CTR-005038,47,Barcelona,52,103.37,Web,Estándar,3076.14,0,9,2022-05-05,No
CLI-005302,CTR-005302,31,Murcia,28,70.2,Web,Estándar,3336.41,0,6,2024-05-21,No
CLI-009512,CTR-009512,54,Barcelona,12,52.74,Web,Estándar,1042.01,7,,2025-09-07,Sí
CLI-008387,CTR-008387,32,Madrid,28,60.51,Aplicación,Estándar,2046.18,4,5,2024-05-06,Sí
CLI-000703,CTR-000703,44,Alicante,11,43.56,Web,Estándar,2867.76,4,5,2025-10-16,Sí
CLI-009510,CTR-009510,34,Madrid,15,52.14,Web,Estándar,1222.12,3,8,2025-06-06,No
CLI-007653,CTR-007653,34,Zaragoza,4,60.77,Teléfono,Básico,933.53,5,,2026-05-26,Sí
CLI-003770,CTR-003770,53,Murcia,25,75.55,Web,Estándar,,1,,2024-08-01,No
CLI-007509,CTR-007509,36,Málaga,61,36.95,Aplicación,Estándar,2955.26,3,10,2021-08-21,No
CLI-000332,CTR-000332,50,Valencia,81,53.11,Aplicación,Básico,2759.07,1,8,2019-12-21,No
CLI-007005,CTR-007005,18,Madrid,45,98.41,Tienda,Básico,2147.28,5,8,2022-12-12,Sí
CLI-004229,CTR-004229,43,Madrid,58,75.99,Teléfono,Premium,1194.22,1,8,2021-11-13,No
CLI-007489,CTR-007489,34,Valencia,12,100.51,Aplicación,Premium,3876.39,5,5,2025-09-23,Sí
CLI-006882,CTR-006882,50,Barcelona,45,84.25,Tienda,Estándar,2043.45,4,3,2022-12-02,Sí
CLI-001642,CTR-001642,42,Madrid,17,57.72,Teléfono,Estándar,3152.27,4,7,2025-04-14,No
CLI-006886,CTR-006886,50,Murcia,30,84.1,Aplicación,Estándar,1432.46,5,4,2024-03-15,Sí
CLI-002663,CTR-002663,48,Sevilla,34,51.94,Web,Estándar,,4,4,2023-11-05,Sí
CLI-009422,CTR-009422,46,Valencia,19,92.76,Tienda,Premium,898.11,6,5,2025-02-07,Sí
CLI-001365,CTR-001365,30,Valencia,75,35.99,Aplicación,Básico,3255.39,1,,2020-06-08,No
CLI-007022,CTR-007022,41,Barcelona,30,45.56,WEB,Estándar,,3,,2024-03-04,Sí
CLI-005178,CTR-005178,35,Madrid,78,63.87,Web,Estándar,2128.65,2,8,2020-03-23,No
CLI-002811,CTR-002811,57,Barcelona,24,61.85,Web,Estándar,965.27,5,4,2024-09-22,Sí
CLI-003021,CTR-003021,24,Madrid,25,138.2,Tienda,Premium,,5,,2024-08-13,Sí
CLI-003146,CTR-003146,18,Barcelona,17,78,Web,Básico,2481.26,4,5,2025-04-21,Sí
CLI-004490,CTR-004490,18,Zaragoza,15,38.34,Web,Empresa,1827.44,1,5,2025-06-08,Sí
CLI-004609,CTR-004609,50,Barcelona,71,73.86,Web,Estándar,3013.47,1,8,2020-10-28,No
CLI-004226,CTR-004226,26,Murcia,17,58.23,Teléfono,Premium,,3,,2025-04-26,No
CLI-009541,CTR-009541,51,Murcia,4,78.01,Web,Estándar,750,6,6,2026-05-02,Sí
CLI-006579,CTR-006579,26,Valencia,30,69.04,Web,Estándar,,6,,2024-03-22,Sí
CLI-000351,CTR-000351,42,Madrid,53,18.19,Web,Estándar,2692.02,4,7,2022-04-22,No
CLI-008146,CTR-008146,52,Barcelona,70,97.31,Tienda,Básico,2506.35,3,6,2020-11-09,No
CLI-006424,CTR-006424,43,Madrid,12,51.39,Web,Premium,3108.75,2,9,2025-09-28,No
CLI-007456,CTR-007456,43,Murcia,8,71.3,Teléfono,Estándar,750,4,4,2026-01-23,Sí
CLI-007870,CTR-007870,34,Madrid,1,63.51,Web,Premium,2489.41,3,5,2026-08-11,Sí
CLI-003711,CTR-003711,59,Barcelona,6,27.18,Web,Básico,2321.09,1,6,2026-03-05,No
CLI-003696,CTR-003696,44,Valencia,92,92.67,Teléfono,Estándar,3994.59,1,,2019-01-26,No
CLI-008584,CTR-008584,18,Murcia,21,37.51,Aplicación,Básico,928.19,6,7,2024-12-21,Sí
CLI-009364,CTR-009364,53,Madrid,79,92.03,Web,Premium,3051.46,1,9,2020-02-25,No
CLI-008870,CTR-008870,32,Valencia,57,27.22,Web,Básico,,0,9,2021-12-26,No
CLI-001934,CTR-001934,36,Murcia,24,63.64,Web,Estándar,2585.85,4,9,2024-09-13,No
CLI-000847,CTR-000847,37,Madrid,63,42.44,Web,Estándar,,5,7,2021-06-20,No
CLI-007549,CTR-007549,30,Madrid,34,86.5,Teléfono,Estándar,2159.03,6,7,2023-11-14,Sí
CLI-003746,CTR-003746,38,Barcelona,45,60.23,Tienda,Básico,1804.61,6,,2022-12-16,No
CLI-007328,CTR-007328,21,Málaga,6,67.6,Web,Estándar,2677.84,6,,2026-03-23,Sí
CLI-003173,CTR-003173,50,Barcelona,18,34.71,Web,Premium,1016.8,2,8,2025-03-04,No
CLI-000236,CTR-000236,27,Madrid,95,33.06,Tienda,Premium,,4,,2018-10-17,No
CLI-002713,CTR-002713,33,Barcelona,58,26.37,Tienda,Premium,3560.49,2,6,2021-11-01,No
CLI-001079,CTR-001079,45,Sevilla,79,78.23,web,Estándar,2748.88,5,9,2020-02-09,No
CLI-005197,CTR-005197,49,Sevilla,38,31.57,Web,Básico,2421.07,3,7,2023-07-24,No
CLI-008591,CTR-008591,43,Barcelona,43,58.25,Web,Premium,2354.88,7,9,2023-02-04,Sí
CLI-005286,CTR-005286,43,Sevilla,55,55.17,Web,Premium,3819.7,3,8,2022-02-17,No
CLI-007736,CTR-007736,42,Barcelona,81,89.66,Aplicación,Básico,4121.96,2,7,2019-12-06,No
CLI-004342,CTR-004342,34,Sevilla,77,54.84,Tienda,Estándar,2372.06,1,8,2020-04-06,No
CLI-007290,CTR-007290,35,Barcelona,32,69.54,Web,Premium,,3,8,2024-01-03,No
CLI-002274,CTR-002274,58,Málaga,61,30.87,Web,Estándar,750,1,,2021-08-09,No
CLI-009329,CTR-009329,20,Alicante,28,85.88,Web,Premium,4013.27,3,8,2024-05-17,No
CLI-004148,CTR-004148,39,Málaga,22,81.94,Tienda,Básico,1411.58,1,4,2024-11-13,Sí
CLI-006282,CTR-006282,48,Alicante,43,55.31,Tienda,Básico,2746.37,7,4,2023-02-09,Sí
CLI-006081,CTR-006081,26,Murcia,15,31.27,Web,Estándar,2124.38,3,,2025-06-11,Sí
CLI-008184,CTR-008184,39,Málaga,89,63.46,Teléfono,Estándar,2815.86,3,8,2019-04-03,No
CLI-002819,CTR-002819,36,Barcelona,87,54.43,Teléfono,Básico,,4,7,2019-06-09,No
CLI-002523,CTR-002523,44,Barcelona,6,36.85,Aplicación,Estándar,,4,7,2026-03-16,No
CLI-001970,CTR-001970,45,Sevilla,56,71.59,Tienda,Premium,,4,,2022-01-03,No
CLI-005700,CTR-005700,38,Murcia,28,31.36,Tienda,Básico,2851.28,8,3,2024-05-08,Sí
CLI-004722,CTR-004722,39,Zaragoza,80,53.14,Teléfono,Estándar,1944.85,0,,2020-01-05,No
CLI-007755,CTR-007755,34,Valencia,91,86.86,Teléfono,Estándar,,0,7,2019-02-22,No
CLI-006990,CTR-006990,48,Sevilla,39,71.09,Teléfono,Premium,2862.62,6,5,2023-06-01,Sí
CLI-006728,CTR-006728,43,Barcelona,52,55.57,Teléfono,Estándar,2595.09,0,7,2022-05-14,No
CLI-003650,CTR-003650,30,Valencia,33,76.12,Teléfono,Básico,1964.79,2,6,2023-12-18,No
CLI-004360,CTR-004360,39,Málaga,23,74.03,Web,Estándar,3096.63,5,6,2024-10-05,No
CLI-001613,CTR-001613,30,Málaga,28,26.22,Teléfono,Estándar,2460.72,0,,2024-05-14,No
CLI-001575,CTR-001575,63,Madrid,14,41.62,Aplicación,Básico,2897.08,2,10,2025-07-18,No
CLI-009017,CTR-009017,41,Alicante,33,65.52,Aplicación,Estándar,2238.71,8,6,2023-12-26,Sí
CLI-003885,CTR-003885,57,Alicante,40,76.57,Tienda,Premium,2866.01,3,4,2023-05-24,Sí
CLI-007171,CTR-007171,44,Madrid,25,96.58,Teléfono,Premium,3520.58,1,6,2024-08-09,No
CLI-006924,CTR-006924,21,Barcelona,47,75.05,Tienda,Premium,750,4,6,2022-10-28,Sí
CLI-006444,CTR-006444,48,Valencia,29,66.34,Tienda,Estándar,4246.41,1,,2024-04-22,No
CLI-005734,CTR-005734,48,Sevilla,1,60.59,Teléfono,Básico,1150.22,5,5,2026-08-23,Sí
CLI-001170,CTR-001170,51,Murcia,29,36.4,Teléfono,Premium,3040.44,3,9,2024-04-15,No
CLI-007129,CTR-007129,26,Valencia,17,57.84,Web,Premium,,2,,2025-04-06,No
CLI-004862,CTR-004862,22,Barcelona,36,70.11,Teléfono,Estándar,,3,3,2023-09-21,Sí
CLI-001845,CTR-001845,35,Madrid,21,78.92,Web,Estándar,2685.14,3,3,2024-12-09,Sí
CLI-005248,CTR-005248,24,Madrid,42,41.3,Web,Estándar,3623.84,5,,2023-03-25,Sí
CLI-005931,CTR-005931,52,Sevilla,15,74.05,Aplicación,Estándar,2344.1,2,9,2025-06-24,No
CLI-003857,CTR-003857,18,Zaragoza,8,65.98,Web,Estándar,3617.53,3,,2026-01-24,Sí
CLI-003286,CTR-003286,38,Zaragoza,46,66.87,Aplicación,Premium,2112.17,3,7,2022-11-13,Sí
CLI-002657,CTR-002657,35,Barcelona,81,71.86,Teléfono,Básico,3678.94,2,7,2019-12-02,No
CLI-006548,CTR-006548,64,Madrid,28,66.84,Aplicación,Estándar,2562.26,2,5,2024-05-08,No
CLI-001977,CTR-001977,25,Alicante,11,59.49,Aplicación,Estándar,3481.87,4,4,2025-10-20,Sí
CLI-002783,CTR-002783,33,Murcia,12,32.33,Web,Estándar,1010.12,3,,2025-09-28,No
CLI-001835,CTR-001835,51,Madrid,29,80.25,Web,Premium,2987.09,3,7,2024-04-10,No
CLI-000710,CTR-000710,31,Barcelona,46,24.36,Tienda,Básico,,0,10,2022-11-17,No
CLI-000992,CTR-000992,35,Barcelona,15,41.27,Aplicación,Estándar,3120.98,2,7,2025-06-09,No
CLI-002230,CTR-002230,42,Madrid,47,82.58,Web,Estándar,2311.06,3,,2022-10-16,No
CLI-000824,CTR-000824,59,Barcelona,6,55.76,Web,Empresa,2329.4,0,7,2026-03-22,No
CLI-003562,CTR-003562,42,Valencia,43,37.91,Tienda,Premium,1288.76,3,6,2023-02-02,No
CLI-001019,CTR-001019,39,Madrid,20,72.05,Web,Estándar,2115.11,5,5,2025-01-08,Sí
CLI-006809,CTR-006809,42,Barcelona,45,86.9,Web,Estándar,2165.24,5,3,2022-12-03,Sí
CLI-002894,CTR-002894,38,Sevilla,82,66.31,Teléfono,Premium,1755.99,4,8,2019-11-06,No
CLI-008013,CTR-008013,34,Madrid,24,43.72,Aplicación,Estándar,3695.45,0,9,2024-09-23,No
CLI-008642,CTR-008642,43,Madrid,18,55.09,Tienda,Premium,2252.96,6,9,2025-03-16,Sí
CLI-005926,CTR-005926,49,Barcelona,13,55.28,Web,Estándar,2327.31,2,6,2025-08-05,Sí
CLI-006198,CTR-006198,28,Barcelona,53,36.42,Web,Premium,2693.65,0,,2022-04-14,No
CLI-002957,CTR-002957,36,Sevilla,64,28.73,Teléfono,Básico,2468.17,0,5,2021-05-02,No
CLI-002542,CTR-002542,66,Madrid,4,88.55,Web,Empresa,2348.68,3,5,2026-05-25,Sí
CLI-009168,CTR-009168,44,Madrid,2,79.2,Web,Estándar,1590.72,8,,2026-07-06,Sí
CLI-006608,CTR-006608,57,Madrid,40,31.95,Web,Básico,3541.82,0,,2023-05-20,No
CLI-006109,CTR-006109,60,Málaga,45,73.83,Web,Básico,3467.82,1,,2022-12-11,No
CLI-009267,CTR-009267,43,Zaragoza,48,34.66,Tienda,Estándar,1350.3,5,,2022-09-22,Sí
CLI-004240,CTR-004240,27,Málaga,43,51.87,Aplicación,Básico,3123.99,2,7,2023-02-18,No
CLI-002153,CTR-002153,41,Sevilla,35,9.9,WEB,Premium,1238.19,2,8,2023-10-27,No
CLI-008902,CTR-008902,64,Barcelona,36,35.84,Teléfono,Premium,3708.9,4,6,2023-09-21,No
CLI-000003,CTR-000003,51,Barcelona,37,65.71,Web,Básico,3110.42,7,5,2023-08-11,Sí
CLI-004363,CTR-004363,49,Barcelona,71,91.46,Web,Empresa,3482.45,0,7,2020-10-12,No
CLI-002703,CTR-002703,57,Madrid,61,72.55,Web,Estándar,3091.52,3,6,2021-08-01,No
CLI-009711,CTR-009711,37,Zaragoza,42,96.08,Aplicación,Estándar,1769.81,4,7,2023-03-09,Sí
CLI-000366,CTR-000366,55,Madrid,25,41.29,Teléfono,Empresa,1824.45,4,8,2024-08-21,No
CLI-007389,CTR-007389,54,Valencia,48,83.34,Web,Básico,1158.09,6,6,2022-09-25,Sí
CLI-003585,CTR-003585,54,Barcelona,20,73.67,Web,Premium,3147.48,4,5,2025-01-02,No
CLI-008943,CTR-008943,49,Málaga,65,35.13,Aplicación,Empresa,3433.19,3,7,2021-04-08,No
CLI-007354,CTR-007354,24,Valencia,29,67.92,Tienda,Estándar,3119.45,3,6,2024-04-18,Sí
CLI-009504,CTR-009504,50,Sevilla,65,29.26,Web,Empresa,2600.78,2,,2021-04-19,No
CLI-001105,CTR-001105,21,Murcia,35,76.76,Web,Estándar,2303.51,2,7,2023-10-01,No
CLI-006330,CTR-006330,56,Barcelona,45,74.08,Aplicación,Empresa,2125.38,3,,2022-12-07,Sí
CLI-006224,CTR-006224,46,Barcelona,37,49.88,Tienda,Básico,,3,,2023-08-03,Sí
CLI-006421,CTR-006421,30,Zaragoza,46,90.32,Web,Estándar,1943.22,0,5,2022-11-21,No
CLI-003196,CTR-003196,63,Valencia,14,80.11,Web,Básico,,4,7,2025-07-27,Sí
CLI-009214,CTR-009214,70,Murcia,81,109.59,Teléfono,Estándar,2672.43,3,6,2019-12-15,No
CLI-008740,CTR-008740,48,Murcia,13,73.77,Web,Premium,1047.12,5,6,2025-08-14,Sí
CLI-001045,CTR-001045,42,Madrid,9,60.26,Web,Básico,,2,,2025-12-13,No
CLI-004000,CTR-004000,26,Barcelona,45,51.85,Teléfono,Estándar,2179.84,4,5,2022-12-06,Sí
CLI-008706,CTR-008706,55,Barcelona,90,41.43,Web,Premium,3826.15,1,8,2019-03-12,No
CLI-004949,CTR-004949,55,Valencia,12,99.25,Tienda,Básico,1339.73,5,5,2025-09-20,Sí
CLI-001242,CTR-001242,29,Zaragoza,19,14.11,Aplicación,Premium,1487.61,2,7,2025-02-01,Sí
CLI-008940,CTR-008940,47,Murcia,30,65.32,Tienda,Premium,3451.31,5,7,2024-03-22,No
CLI-007780,CTR-007780,34,Madrid,24,69.54,Web,Estándar,3530.94,2,,2024-09-12,No
CLI-004908,CTR-004908,51,Valencia,32,76,Web,Estándar,2309.38,4,4,2024-01-24,Sí
CLI-001768,CTR-001768,24,Barcelona,53,84.05,Tienda,Empresa,2782.75,1,8,2022-04-01,No
CLI-008741,CTR-008741,44,Sevilla,38,74.72,Web,Empresa,2584.67,6,6,2023-07-28,Sí
CLI-000323,CTR-000323,45,Barcelona,30,88.96,Tienda,Estándar,3594.98,2,,2024-03-07,No
CLI-001007,CTR-001007,44,Zaragoza,12,47.07,Tienda,Empresa,2174.07,3,5,2025-09-14,Sí
CLI-006915,CTR-006915,32,Sevilla,13,75.87,Aplicación,Estándar,,6,4,2025-08-07,Sí
CLI-008501,CTR-008501,47,Madrid,14,105.02,Teléfono,Básico,1164.74,1,,2025-07-04,No
CLI-009265,CTR-009265,42,Valencia,17,68.7,Teléfono,Estándar,750,4,8,2025-04-19,Sí
CLI-002745,CTR-002745,32,Madrid,84,40.11,Aplicación,Premium,4413.35,1,,2019-09-12,No
CLI-002720,CTR-002720,44,Zaragoza,79,50.09,Aplicación,Básico,3631.36,2,,2020-02-03,No
CLI-009302,CTR-009302,34,Murcia,6,72.57,Tienda,Estándar,2962.6,1,7,2026-03-24,No
CLI-009828,CTR-009828,54,Málaga,68,68.4,Aplicación,Premium,2224.32,2,5,2021-01-21,No
CLI-006598,CTR-006598,31,Alicante,79,68.06,Teléfono,Básico,2861.94,3,10,2020-02-17,No
CLI-007175,CTR-007175,46,Barcelona,55,62.12,Tienda,Estándar,,2,,2022-02-21,No
CLI-000588,CTR-000588,24,Barcelona,7,53.46,WEB,Empresa,3617.14,2,8,2026-02-14,No
CLI-008566,CTR-008566,41,Zaragoza,93,65.33,Tienda,Empresa,,2,5,2018-12-09,No
CLI-006136,CTR-006136,41,Málaga,35,86.26,Web,Básico,1551.57,1,4,2023-10-17,Sí
CLI-008011,CTR-008011,32,Madrid,39,67.91,Web,Empresa,2660.27,0,8,2023-06-06,No
CLI-002794,CTR-002794,26,Zaragoza,20,68.56,Tienda,Básico,,3,,2025-01-11,No
CLI-007873,CTR-007873,49,Madrid,13,55.24,Web,Premium,981.81,2,9,2025-08-08,No
CLI-002060,CTR-002060,40,Málaga,38,30.11,Web,Básico,2773.55,5,5,2023-07-14,Sí
CLI-004735,CTR-004735,44,Madrid,17,75.67,Web,Básico,750,5,4,2025-04-23,Sí
CLI-003086,CTR-003086,48,Barcelona,71,49.57,Web,Estándar,3102.06,1,7,2020-10-22,No
CLI-000766,CTR-000766,39,Alicante,76,74.61,Web,Básico,2374.31,1,6,2020-05-11,No
CLI-004020,CTR-004020,38,Málaga,20,50.58,Web,Empresa,2093.31,3,5,2025-01-12,Sí
CLI-004476,CTR-004476,38,Barcelona,45,9.9,Aplicación,Básico,2503.32,1,,2022-12-16,No
CLI-000663,CTR-000663,42,Madrid,2,66.37,Aplicación,Premium,1185.24,4,5,2026-07-10,Sí
CLI-006171,CTR-006171,63,Madrid,45,29.42,Web,Premium,1982.62,0,9,2022-12-26,No
CLI-006788,CTR-006788,30,Madrid,92,90.58,Web,Básico,1223.4,3,7,2019-01-14,No
CLI-002009,CTR-002009,35,Barcelona,23,40.23,Aplicación,Empresa,2349.22,3,9,2024-10-24,No
CLI-008067,CTR-008067,39,Barcelona,79,81.05,Tienda,Estándar,3647.92,3,8,2020-02-08,No
CLI-005713,CTR-005713,33,Sevilla,25,64.76,web,Básico,3303.59,3,,2024-08-22,Sí
CLI-003365,CTR-003365,51,Madrid,68,13.4,Web,Empresa,2656.04,0,6,2021-01-15,No
CLI-002503,CTR-002503,34,Sevilla,30,78.5,Web,Premium,2095.02,3,,2024-03-16,Sí
CLI-006257,CTR-006257,32,Barcelona,24,63.14,Web,Premium,2281.11,0,7,2024-09-24,No
CLI-006643,CTR-006643,38,Málaga,5,59.72,Teléfono,Empresa,1118.47,5,,2026-04-06,Sí
CLI-009752,CTR-009752,47,Valencia,85,64.85,Aplicación,Estándar,3525.66,2,7,2019-08-27,No
CLI-007981,CTR-007981,18,Alicante,36,80.38,Aplicación,Básico,2568.46,5,,2023-09-01,Sí
CLI-003641,CTR-003641,31,Zaragoza,62,82.89,Web,Estándar,3376.53,1,,2021-07-07,No
CLI-007872,CTR-007872,35,Valencia,40,68.75,Tienda,Básico,1387.95,4,,2023-05-21,Sí
CLI-001603,CTR-001603,34,Barcelona,18,65.9,Tienda,Estándar,2553.38,5,5,2025-03-14,Sí
CLI-007763,CTR-007763,47,Málaga,22,50.1,Tienda,Empresa,2584.06,4,9,2024-11-23,No
CLI-008583,CTR-008583,49,Madrid,17,93.57,Web,Premium,2366.43,0,8,2025-04-14,No
CLI-001861,CTR-001861,54,Murcia,44,55.21,web,Estándar,2280.48,2,7,2023-01-04,No
CLI-005803,CTR-005803,67,Madrid,6,68.78,Tienda,Estándar,2515.38,5,6,2026-03-26,No
CLI-007215,CTR-007215,47,Madrid,39,57.01,Teléfono,Básico,1921.22,4,,2023-06-28,Sí
CLI-004797,CTR-004797,54,Alicante,79,33.96,Tienda,Estándar,2827.83,3,8,2020-02-17,No
CLI-009698,CTR-009698,23,Barcelona,86,83.74,Aplicación,Básico,1831.61,3,8,2019-07-12,No
CLI-005136,CTR-005136,43,Valencia,49,70.25,Web,Premium,2673.13,0,10,2022-08-25,No
CLI-003558,CTR-003558,18,Barcelona,36,43.29,Tienda,Estándar,,3,,2023-09-23,No
CLI-004718,CTR-004718,40,Valencia,27,58.53,Web,Básico,,5,5,2024-06-13,Sí
CLI-001108,CTR-001108,18,Barcelona,11,89.75,Aplicación,Empresa,,5,,2025-10-14,Sí
CLI-006165,CTR-006165,38,Madrid,25,79.81,Aplicación,Premium,3550.21,2,6,2024-08-11,No
CLI-006806,CTR-006806,33,Barcelona,12,44.82,Web,Empresa,3399.51,0,7,2025-09-24,No
CLI-003552,CTR-003552,47,Madrid,25,64.8,Aplicación,Estándar,1414.02,5,3,2024-08-04,Sí
CLI-000091,CTR-009941,18,Barcelona,35,19.61,Tienda,Premium,2289.87,6,3,2023-10-07,Sí
CLI-009509,CTR-009509,48,Valencia,20,55.83,Tienda,Básico,2949.05,3,6,2025-01-01,No
CLI-000505,CTR-000505,28,Alicante,44,65.46,WEB,Estándar,2154.26,3,3,2023-01-20,Sí
CLI-006895,CTR-006895,18,Sevilla,32,57.69,Tienda,Estándar,1554.6,3,8,2024-01-16,Sí
CLI-004461,CTR-004461,18,Madrid,6,63.05,Web,Estándar,,2,,2026-03-06,No
CLI-003288,CTR-003288,57,Alicante,88,36.77,Web,Premium,2904.28,3,5,2019-05-04,No
CLI-004112,CTR-004112,35,Valencia,21,91.04,Web,Premium,1148.39,4,,2024-12-10,Sí
CLI-001524,CTR-001524,18,Madrid,74,76.91,Web,Estándar,2793.59,1,7,2020-07-12,No
CLI-005602,CTR-005602,42,Málaga,36,32.81,WEB,Básico,2856.92,0,6,2023-09-16,No
CLI-002286,CTR-002286,42,Madrid,4,96.3,Tienda,Empresa,,5,,2026-05-18,Sí
CLI-000400,CTR-000400,57,Murcia,15,68.23,Tienda,Estándar,3140.31,5,8,2025-06-27,No
CLI-003505,CTR-003505,55,Murcia,79,77.8,Tienda,Premium,3523.61,3,8,2020-02-26,No
CLI-005554,CTR-005554,49,Málaga,57,86.77,Aplicación,Estándar,3686,1,9,2021-12-10,No
CLI-007840,CTR-007840,54,Sevilla,26,68.89,Web,Estándar,2168.8,0,6,2024-07-25,Sí
CLI-000984,CTR-000984,35,Sevilla,19,55.12,Teléfono,Básico,1428.51,3,,2025-02-08,No
CLI-007820,CTR-007820,45,Málaga,54,74.99,Web,Básico,1116.25,3,8,2022-03-02,No
CLI-007359,CTR-007359,63,Zaragoza,60,63.9,Teléfono,Básico,1945.46,0,,2021-09-11,No
CLI-001435,CTR-001435,30,Barcelona,36,40.02,Web,Premium,2033.58,4,8,2023-09-12,No
CLI-007974,CTR-007974,48,Madrid,61,26.39,Teléfono,Premium,1998.6,1,,2021-08-10,No
CLI-005659,CTR-005659,62,Barcelona,25,60.76,Aplicación,Premium,750,6,3,2024-08-14,Sí
CLI-005249,CTR-005249,42,Sevilla,77,76.54,Web,Premium,,1,,2020-04-22,No
CLI-007881,CTR-007881,45,Madrid,75,64.41,Tienda,Básico,1970.33,0,10,2020-06-27,No
CLI-003772,CTR-003772,59,Barcelona,56,98.23,Aplicación,Estándar,2752.72,1,8,2022-01-14,No
CLI-000997,CTR-000997,46,Barcelona,11,72.83,Aplicación,Premium,2569.35,4,,2025-10-25,Sí
CLI-006809,CTR-006809,42,Barcelona,45,86.9,Web,Estándar,2165.24,5,3,2022-12-03,Sí
CLI-006275,CTR-006275,22,Madrid,50,70.38,Aplicación,Estándar,1840.15,2,8,2022-07-08,No
CLI-006965,CTR-006965,49,Zaragoza,20,93.23,Web,Premium,1749.08,3,8,2025-01-12,Sí
CLI-009530,CTR-009530,42,Barcelona,91,39.36,Tienda,Básico,2517.2,2,7,2019-02-10,No
CLI-000003,CTR-009853,33,Barcelona,34,32.21,Tienda,Estándar,2407.08,0,9,2023-11-13,No
CLI-002925,CTR-002925,39,Madrid,29,18.46,Web,Estándar,1877.04,2,5,2024-04-16,Sí
CLI-005025,CTR-005025,45,Barcelona,11,68.78,Web,Estándar,4837.54,0,8,2025-10-08,No
CLI-005953,CTR-005953,33,Zaragoza,94,25.27,Tienda,Estándar,3368.42,5,7,2018-11-07,No
CLI-000601,CTR-000601,50,Madrid,18,70.4,Tienda,Básico,2987.58,5,8,2025-03-01,Sí
CLI-003601,CTR-003601,60,Madrid,11,75.06,Tienda,Premium,2694.29,6,,2025-10-26,Sí
CLI-000030,CTR-009880,42,Madrid,37,220.29,Teléfono,Empresa,3385.23,4,7,2023-08-07,Sí
CLI-009494,CTR-009494,48,Madrid,9,40.56,Tienda,Básico,,4,7,2025-12-17,No
CLI-005777,CTR-005777,29,Barcelona,15,65.58,Tienda,Estándar,1097.64,4,6,2025-06-19,Sí
CLI-008052,CTR-008052,54,Murcia,26,87.83,Aplicación,Básico,3105.97,0,7,2024-07-24,No
CLI-002210,CTR-002210,43,Madrid,23,48.23,Web,Básico,2145.1,0,9,2024-10-01,No
CLI-001951,CTR-001951,52,Murcia,93,19.37,Aplicación,Básico,2256.02,1,7,2018-12-07,No
CLI-005066,CTR-005066,49,Barcelona,11,61.66,Web,Estándar,1966.18,7,3,2025-10-26,Sí
CLI-009492,CTR-009492,26,Sevilla,10,64.27,Web,Empresa,3170.11,3,,2025-11-15,No
CLI-009466,CTR-009466,24,Valencia,15,56.98,Aplicación,Estándar,,7,5,2025-06-05,Sí
CLI-007679,CTR-007679,41,Barcelona,7,57.91,Web,Estándar,4659.69,1,8,2026-02-12,No
CLI-001486,CTR-001486,31,Barcelona,45,60.03,Web,Estándar,2173.59,6,6,2022-12-22,Sí
CLI-009467,CTR-009467,44,Valencia,79,77.35,Aplicación,Estándar,,2,8,2020-02-12,No
CLI-003162,CTR-003162,50,Madrid,74,75.06,Aplicación,Estándar,2760.31,2,,2020-07-19,No
CLI-006792,CTR-006792,42,Murcia,24,69.94,Web,Básico,2183.59,8,4,2024-09-18,Sí
CLI-001081,CTR-001081,44,Zaragoza,10,54.42,Tienda,Estándar,3106.54,1,6,2025-11-06,No
CLI-009170,CTR-009170,76,Valencia,22,38.01,Aplicación,Estándar,1669.26,0,8,2024-11-25,No
CLI-005207,CTR-005207,49,Málaga,5,88.93,Web,Empresa,2805.39,3,3,2026-04-16,Sí
CLI-001434,CTR-001434,39,Sevilla,86,52.03,Web,Básico,2993.53,2,10,2019-07-25,No
CLI-005785,CTR-005785,52,Zaragoza,55,22.25,Tienda,Básico,3661.88,1,7,2022-02-21,No
CLI-000609,CTR-000609,27,Alicante,19,49.95,Web,Empresa,2294.26,5,,2025-02-08,No
CLI-000422,CTR-000422,60,Málaga,36,48.06,Teléfono,Premium,,0,,2023-09-28,No
CLI-007926,CTR-007926,57,Zaragoza,35,73.85,Teléfono,Básico,1771.1,3,6,2023-10-14,Sí
CLI-002118,CTR-002118,39,Madrid,62,47.41,Teléfono,Estándar,2147.02,3,,2021-07-04,No
CLI-002038,CTR-002038,38,Madrid,38,49.57,Aplicación,Empresa,1957.2,2,6,2023-07-22,Sí
CLI-006327,CTR-006327,55,Madrid,28,38.36,Web,Premium,3245.1,4,7,2024-05-20,No
CLI-008776,CTR-008776,36,Murcia,31,32.55,Web,Estándar,2358.02,3,10,2024-02-04,No
CLI-008322,CTR-008322,47,Zaragoza,50,61.07,Teléfono,Estándar,,2,,2022-07-05,No
CLI-008027,CTR-008027,63,Murcia,9,28.58,Aplicación,Estándar,,4,,2025-12-26,Sí
CLI-005871,CTR-005871,40,Madrid,81,46.81,Teléfono,Básico,2856.71,1,9,2019-12-02,No
CLI-003170,CTR-003170,39,Murcia,28,100.95,Aplicación,Estándar,3095.24,4,6,2024-05-22,Sí
CLI-007725,CTR-007725,48,Zaragoza,19,92.06,Teléfono,Estándar,2211.84,5,,2025-02-25,Sí
CLI-006698,CTR-006698,24,Madrid,11,38.22,,Premium,902.9,0,,2025-10-05,No
CLI-006130,CTR-006130,18,Barcelona,96,22.19,Aplicación,Estándar,1550.25,0,7,2018-09-18,No
CLI-004352,CTR-004352,41,Madrid,13,15.29,Tienda,Básico,2644.08,5,,2025-08-16,Sí
CLI-002212,CTR-002212,37,Zaragoza,20,52.31,Tienda,Estándar,,1,,2025-01-19,No
CLI-007620,CTR-007620,29,Murcia,6,78.91,web,Estándar,2016.37,1,7,2026-03-26,No
CLI-000662,CTR-000662,41,Barcelona,67,62.18,Teléfono,Estándar,1768.9,3,8,2021-02-06,No
CLI-000138,CTR-000138,42,Madrid,8,40.58,Teléfono,Premium,1774.28,3,7,2026-01-17,No
CLI-007000,CTR-007000,33,Valencia,17,47.04,Tienda,Premium,1723.76,3,,2025-04-21,Sí
CLI-009368,CTR-009368,57,Madrid,20,33.16,Web,Estándar,3261.42,3,,2025-01-12,No
CLI-006635,CTR-006635,40,Barcelona,61,42.62,Teléfono,Estándar,,3,,2021-08-04,No
CLI-000724,CTR-000724,21,Valencia,57,84.24,Tienda,Básico,2459.05,3,7,2021-12-15,No
CLI-008030,CTR-008030,39,Murcia,72,48.68,Teléfono,Premium,,2,7,2020-09-22,No
CLI-002623,CTR-002623,40,Murcia,17,68.31,Web,Premium,750,0,7,2025-04-05,No
CLI-008086,CTR-008086,27,Málaga,6,54.02,Aplicación,Estándar,,5,,2026-03-08,Sí
CLI-002593,CTR-002593,59,Barcelona,80,38.65,WEB,Premium,2673.03,4,8,2020-01-06,No
CLI-001152,CTR-001152,43,Alicante,73,45.74,Web,Estándar,3403.38,3,8,2020-08-27,No
CLI-003181,CTR-003181,39,Barcelona,75,72.24,Tienda,Básico,,2,,2020-06-15,No
CLI-002192,CTR-002192,48,Valencia,24,104.37,Web,Básico,3814.49,9,,2024-09-03,Sí
CLI-001131,CTR-001131,64,Sevilla,61,33.27,Web,Premium,2393.22,3,,2021-08-16,No
CLI-001265,CTR-001265,38,Sevilla,93,21.46,Tienda,Estándar,3369.42,1,10,2018-12-23,No
CLI-009088,CTR-009088,62,Madrid,15,46.88,Web,Estándar,2671.03,6,9,2025-06-22,No
CLI-000082,CTR-009932,38,Barcelona,8,60.56,Web,Básico,2733.65,5,8,2026-01-22,No
CLI-008770,CTR-008770,47,Valencia,6,93.51,Aplicación,Estándar,2325.48,3,6,2026-03-16,No
CLI-001974,CTR-001974,28,Málaga,69,85.12,Web,Básico,3034.64,0,9,2020-12-13,No
CLI-009142,CTR-009142,65,Murcia,16,44.48,Teléfono,Premium,2946.09,2,,2025-05-02,No
CLI-002103,CTR-002103,25,Barcelona,29,66.95,Teléfono,Básico,,5,6,2024-04-28,Sí
CLI-007889,CTR-007889,25,Zaragoza,34,89.57,Tienda,Básico,3347.04,4,5,2023-11-25,Sí
CLI-003372,CTR-003372,61,Murcia,62,57.96,Web,Premium,2167.18,6,9,2021-07-18,No
CLI-007609,CTR-007609,38,Barcelona,23,57.92,Web,Premium,2872.12,8,6,2024-10-06,Sí
CLI-002766,CTR-002766,44,Zaragoza,2,74.78,Tienda,Estándar,1572.3,4,6,2026-07-08,Sí
CLI-000049,CTR-000049,40,Alicante,48,52.56,Teléfono,Estándar,,3,,2022-09-02,Sí
CLI-009723,CTR-009723,24,Valencia,66,57.84,Teléfono,Estándar,3118.42,4,7,2021-03-13,No
CLI-002983,CTR-002983,48,Madrid,23,63.34,Tienda,Premium,3007.31,2,,2024-10-23,Sí
CLI-005704,CTR-005704,45,Madrid,27,50.46,Web,Premium,1752.1,3,,2024-06-21,Sí
CLI-004384,CTR-004384,40,Barcelona,28,83.47,Tienda,Empresa,,1,9,2024-05-19,Sí
CLI-006851,CTR-006851,44,Murcia,4,39.3,Aplicación,Estándar,2691.39,5,5,2026-05-06,Sí
CLI-009132,CTR-009132,48,Valencia,78,81.46,Web,Estándar,1686.7,5,,2020-03-03,No
CLI-007814,CTR-007814,30,Málaga,38,61.45,Tienda,Básico,,6,4,2023-07-12,Sí
CLI-004991,CTR-004991,31,Valencia,20,76.87,Teléfono,Estándar,1500.01,7,,2025-01-01,Sí
CLI-004228,CTR-004228,62,Alicante,49,74.23,WEB,Básico,,0,8,2022-08-10,No
CLI-004737,CTR-004737,22,Alicante,66,29.75,Aplicación,Estándar,2420.15,0,8,2021-03-02,No
CLI-008757,CTR-008757,19,Barcelona,88,75.79,Web,Básico,4104.83,2,,2019-05-21,No
CLI-001387,CTR-001387,41,Alicante,95,60.77,Aplicación,Premium,2805.13,2,,2018-10-13,No
CLI-006607,CTR-006607,34,Barcelona,92,68.67,Teléfono,Premium,895.6,5,6,2019-01-07,No
CLI-006451,CTR-006451,60,Sevilla,48,87.13,Aplicación,Premium,2247.25,5,7,2022-09-07,Sí
CLI-003827,CTR-003827,48,Valencia,17,86.12,Web,Estándar,1612.19,7,4,2025-04-19,Sí
CLI-003644,CTR-003644,48,Madrid,45,65.89,Tienda,Básico,,3,7,2022-12-14,No
CLI-007704,CTR-007704,38,Madrid,47,72.86,Web,Básico,3003.16,0,,2022-10-16,No
CLI-004734,CTR-004734,52,Madrid,74,40.05,Tienda,Premium,2588.54,2,8,2020-07-17,No
CLI-009700,CTR-009700,53,Barcelona,43,93.43,Web,Estándar,2741.8,2,8,2023-02-28,No
CLI-007691,CTR-007691,27,Alicante,50,64.54,Web,Premium,3130.94,4,7,2022-07-11,No
CLI-003665,CTR-003665,48,Málaga,79,82.45,Aplicación,Estándar,,1,7,2020-02-01,No
CLI-002591,CTR-002591,50,Valencia,43,97.85,Web,Estándar,3068.25,1,10,2023-02-28,No
CLI-005169,CTR-005169,32,Barcelona,10,76.68,Web,Estándar,2446.72,4,6,2025-11-17,Sí
CLI-002754,CTR-002754,22,Murcia,80,88.8,Web,Premium,,1,,2020-01-07,No
CLI-001747,CTR-001747,39,Valencia,32,89.08,Web,Estándar,750,7,6,2024-01-05,Sí
CLI-004108,CTR-004108,41,Málaga,28,31.14,Web,Básico,,6,6,2024-05-09,No
CLI-005096,CTR-005096,46,Barcelona,55,21.36,Web,Estándar,3306.99,0,8,2022-02-25,No
CLI-004391,CTR-004391,50,Valencia,15,56.95,Web,Premium,2459.18,2,,2025-06-07,No
CLI-003998,CTR-003998,52,Valencia,76,56.44,Web,Estándar,2253.4,0,9,2020-05-12,No
CLI-008929,CTR-008929,34,Valencia,89,84.04,Web,Estándar,,0,8,2019-04-24,No
CLI-005656,CTR-005656,52,Zaragoza,30,48.69,web,Básico,,3,6,2024-03-14,No
CLI-000862,CTR-000862,43,Barcelona,6,101.65,Web,Básico,1896.79,5,,2026-03-10,Sí
CLI-000220,CTR-000220,28,Barcelona,28,77.81,Web,Básico,4502.54,2,7,2024-05-05,No
CLI-003202,CTR-003202,33,Barcelona,6,25.13,Tienda,Empresa,2811.81,4,3,2026-03-25,Sí
CLI-003738,CTR-003738,22,Sevilla,22,53.82,Teléfono,Premium,4238.74,5,,2024-11-02,No
CLI-000243,CTR-000243,34,Valencia,31,107.7,WEB,Empresa,3369.36,2,3,2024-02-14,Sí
CLI-003186,CTR-003186,37,Sevilla,18,72.17,Web,Premium,3312.66,1,,2025-03-09,Sí
CLI-001255,CTR-001255,41,Madrid,50,30.47,WEB,Estándar,2301.05,1,,2022-07-11,No
CLI-002109,CTR-002109,32,Sevilla,10,65.71,Tienda,Premium,2637.92,7,6,2025-11-10,Sí
CLI-001490,CTR-001490,56,Sevilla,71,58.64,Aplicación,Básico,3009.78,3,8,2020-10-20,No
CLI-008430,CTR-008430,34,Madrid,19,63.68,Aplicación,Estándar,,2,,2025-02-17,Sí
CLI-000613,CTR-000613,59,Madrid,46,56.15,Aplicación,Estándar,1932.82,4,5,2022-11-06,Sí
CLI-003753,CTR-003753,30,Málaga,18,85.19,Tienda,Básico,,5,,2025-03-04,No
CLI-009421,CTR-009421,33,Barcelona,10,56.85,Teléfono,Empresa,3128.96,3,,2025-11-14,No
CLI-003725,CTR-003725,62,Barcelona,11,89.99,Tienda,Estándar,3238.97,2,5,2025-10-25,No
CLI-004510,CTR-004510,34,Barcelona,55,80.53,Tienda,Empresa,,2,6,2022-02-10,No
CLI-009213,CTR-009213,42,Madrid,28,89.85,Teléfono,Estándar,1038.4,4,6,2024-05-09,Sí
CLI-003881,CTR-003881,37,Valencia,38,27.98,Web,Estándar,,7,5,2023-07-24,Sí
CLI-005109,CTR-005109,70,Barcelona,8,44.75,web,Estándar,3431.84,2,9,2026-01-08,No
CLI-008277,CTR-008277,44,Murcia,91,59.09,Tienda,Premium,2285.64,0,6,2019-02-25,No
CLI-006067,CTR-006067,41,Madrid,21,72.22,Tienda,Premium,3017.34,2,7,2024-12-10,No
CLI-001526,CTR-001526,32,Valencia,27,84.26,Aplicación,Empresa,1101.73,2,4,2024-06-20,Sí
CLI-000884,CTR-000884,48,Valencia,51,81.53,Tienda,Estándar,3623.83,3,6,2022-06-11,No
CLI-000185,CTR-000185,27,Murcia,13,65.04,Teléfono,Básico,1961.4,6,4,2025-08-11,Sí
CLI-000036,CTR-000036,42,Málaga,19,69.37,Web,Empresa,750,0,6,2025-02-07,No
CLI-009803,CTR-009803,41,Murcia,10,79.96,Web,Estándar,2507.16,4,,2025-11-15,Sí
CLI-003727,CTR-003727,54,Barcelona,19,107.11,Aplicación,Premium,2135.67,3,,2025-02-11,Sí
CLI-008855,CTR-008855,66,Zaragoza,39,78.7,Teléfono,Empresa,2390.64,1,7,2023-06-02,No
CLI-009405,CTR-009405,26,Madrid,15,61.82,Web,Estándar,2268.45,5,,2025-06-03,Sí
CLI-003625,CTR-003625,49,Madrid,24,41.04,Web,Básico,2744.29,2,7,2024-09-09,No
CLI-004806,CTR-004806,25,Barcelona,63,49.58,Web,Básico,2577.41,2,10,2021-06-07,No
CLI-006884,CTR-006884,44,Zaragoza,28,62.93,Web,Estándar,1713.13,3,8,2024-05-04,Sí
CLI-008130,CTR-008130,42,Málaga,40,46.62,Web,Básico,,3,3,2023-05-24,Sí
CLI-001032,CTR-001032,44,Madrid,59,53.85,Tienda,Estándar,3192.28,1,10,2021-10-08,No
CLI-008029,CTR-008029,30,Barcelona,1,100.1,Teléfono,Estándar,951.52,6,,2026-08-19,Sí
CLI-005151,CTR-005151,36,Barcelona,43,53.69,Tienda,Estándar,,5,5,2023-02-03,Sí
CLI-003105,CTR-003105,46,Alicante,37,44.06,Tienda,Básico,4423.23,2,8,2023-08-05,No
CLI-003583,CTR-003583,37,Barcelona,15,49.48,Web,Básico,,6,7,2025-06-10,Sí
CLI-002499,CTR-002499,30,Murcia,65,43.36,Web,Estándar,3351.66,2,6,2021-04-22,No
CLI-008107,CTR-008107,50,Barcelona,37,27.84,Tienda,Estándar,2415.56,4,8,2023-08-17,No
CLI-005436,CTR-005436,46,Valencia,65,57.21,Web,Empresa,2653.92,1,6,2021-04-04,No
CLI-001474,CTR-001474,18,Madrid,34,80.68,Web,Estándar,,5,10,2023-11-12,No
CLI-000241,CTR-000241,27,Madrid,12,57.93,Web,Estándar,3378.21,5,8,2025-09-21,No
CLI-009431,CTR-009431,44,Madrid,22,57.62,Web,Estándar,2132.58,4,8,2024-11-20,No
CLI-003941,CTR-003941,53,Sevilla,25,62.38,Web,Premium,3396.48,0,,2024-08-12,No
CLI-009675,CTR-009675,40,Barcelona,50,47.86,Teléfono,Premium,2302.07,1,,2022-07-03,No
CLI-000987,CTR-000987,56,Sevilla,76,61.11,Teléfono,Estándar,1452.47,4,8,2020-05-24,No
CLI-006689,CTR-006689,43,Madrid,41,73.46,Tienda,Estándar,2938.28,0,8,2023-04-19,No
CLI-007877,CTR-007877,18,Zaragoza,41,72.85,Teléfono,Premium,,3,4,2023-04-28,Sí
CLI-005145,CTR-005145,51,Madrid,27,83.11,Web,Estándar,3299.3,1,8,2024-06-02,No
CLI-007898,CTR-007898,34,Madrid,89,65.11,Teléfono,Básico,2975.73,0,,2019-04-27,No
CLI-009528,CTR-009528,34,Madrid,58,88.17,Teléfono,Premium,4028.42,4,10,2021-11-22,No
CLI-007136,CTR-007136,44,Barcelona,46,63.05,Tienda,Estándar,1912.35,4,8,2022-11-25,No
CLI-004877,CTR-004877,49,Murcia,83,55.25,Tienda,Premium,2236.85,0,9,2019-10-02,No
CLI-002337,CTR-002337,48,Madrid,70,87.45,Web,Premium,2844.46,2,,2020-11-15,No
CLI-007685,CTR-007685,35,Madrid,77,42.47,Teléfono,Básico,1886.61,0,6,2020-04-24,No
CLI-007117,CTR-007117,53,Zaragoza,51,71.16,,Estándar,2776.67,0,,2022-06-19,No
CLI-001038,CTR-001038,37,Valencia,47,80.4,Teléfono,Básico,2224.03,4,,2022-10-08,No
CLI-005725,CTR-005725,56,Málaga,37,67.46,Web,Empresa,4199.01,0,,2023-08-02,No
CLI-006860,CTR-006860,49,Madrid,94,37.64,Web,Premium,4624.52,3,,2018-11-17,No
CLI-004041,CTR-004041,33,Barcelona,26,77.44,Tienda,Estándar,1836.32,4,5,2024-07-05,Sí
CLI-007447,CTR-007447,54,Murcia,44,67.65,Web,Básico,2657.54,9,6,2023-01-05,Sí
CLI-003929,CTR-003929,48,Barcelona,54,56.84,Tienda,Premium,1882.53,0,,2022-03-10,No
CLI-009023,CTR-009023,39,Madrid,77,99.86,Teléfono,Básico,2631.88,3,,2020-04-21,No
CLI-000666,CTR-000666,55,Madrid,84,37.4,Teléfono,Premium,3301.2,3,10,2019-09-07,No
CLI-001876,CTR-001876,58,Madrid,24,37.21,Teléfono,Empresa,3245.06,3,,2024-09-28,No
CLI-008781,CTR-008781,38,Málaga,90,76.9,WEB,Básico,3396.65,5,6,2019-03-16,No
CLI-009162,CTR-009162,61,Málaga,32,68.94,Tienda,Básico,1901.04,2,7,2024-01-08,No
CLI-002929,CTR-002929,47,Valencia,8,77.51,Aplicación,Estándar,2978.29,3,,2026-01-20,No
CLI-009653,CTR-009653,60,Sevilla,24,39.7,Teléfono,Básico,1396.56,4,,2024-09-01,No
CLI-007241,CTR-007241,38,Málaga,60,17.27,Tienda,Estándar,1567.52,2,7,2021-09-11,No
CLI-004900,CTR-004900,50,Barcelona,54,55.77,Web,Básico,2104.72,2,,2022-03-06,No
CLI-005268,CTR-005268,39,Alicante,24,59.83,WEB,Estándar,1907.75,5,2,2024-09-10,Sí
CLI-001439,CTR-001439,45,Sevilla,90,42.08,web,Estándar,,1,,2019-03-12,No
CLI-001337,CTR-001337,43,Madrid,95,39.57,Web,Premium,4020.75,1,10,2018-10-13,No
CLI-008600,CTR-008600,18,Murcia,42,38.02,Web,Empresa,1971.29,6,3,2023-03-18,Sí
CLI-008437,CTR-008437,52,Sevilla,40,44.8,Tienda,Básico,2300,2,8,2023-05-12,No
CLI-004960,CTR-004960,43,Barcelona,54,43.74,Web,Básico,880.08,1,,2022-03-11,No
CLI-003909,CTR-003909,54,Sevilla,48,58.89,web,Premium,2642.34,6,,2022-09-21,Sí
CLI-003578,CTR-003578,25,Barcelona,13,55.04,Tienda,Estándar,2383.56,2,,2025-08-13,No
CLI-009312,CTR-009312,47,Barcelona,38,70.23,Web,Estándar,2579.18,5,5,2023-07-12,Sí
CLI-007048,CTR-007048,30,Alicante,60,65.83,Web,Básico,,0,7,2021-09-09,No
CLI-001640,CTR-001640,43,Madrid,38,75.34,,Estándar,2512.97,0,7,2023-07-21,No
CLI-000938,CTR-000938,42,Barcelona,30,39.79,Aplicación,Premium,3589.23,3,,2024-03-10,No
CLI-006041,CTR-006041,41,Madrid,13,86.07,WEB,Premium,,2,9,2025-08-22,No
CLI-006841,CTR-006841,20,Valencia,21,65.62,Web,Premium,2194.5,1,6,2024-12-05,No
CLI-005131,CTR-005131,76,Murcia,61,36.19,Tienda,Estándar,2237.71,0,6,2021-08-26,No
CLI-001825,CTR-001825,40,Zaragoza,83,75.58,Tienda,Premium,2526.63,1,,2019-10-09,No
CLI-001094,CTR-001094,40,Zaragoza,27,51.39,Web,Premium,1603.39,6,,2024-06-07,Sí
CLI-001421,CTR-001421,53,Barcelona,58,37.05,Teléfono,Premium,3234.95,4,7,2021-11-01,No
CLI-005501,CTR-005501,46,Barcelona,21,68.98,Web,Empresa,2085.22,2,,2024-12-16,No
CLI-009582,CTR-009582,46,Barcelona,87,31.38,Tienda,Básico,3132.02,0,7,2019-06-11,No
CLI-007369,CTR-007369,35,Barcelona,21,21.71,Teléfono,Estándar,1210.74,7,,2024-12-03,Sí
CLI-004644,CTR-004644,47,Murcia,64,70.87,Web,Empresa,1442.78,3,6,2021-05-03,No
CLI-007007,CTR-007007,42,Málaga,27,57.96,Web,Premium,2736.74,3,6,2024-06-06,No
CLI-001675,CTR-001675,29,Barcelona,22,81.21,Teléfono,Estándar,,4,7,2024-11-14,Sí
CLI-009060,CTR-009060,44,Sevilla,8,67.47,Teléfono,Básico,3103.92,0,5,2026-01-27,No
CLI-007163,CTR-007163,46,Madrid,57,40.02,Aplicación,Básico,,0,10,2021-12-05,No
CLI-006751,CTR-006751,52,Barcelona,28,65.88,Web,Estándar,1676.33,1,,2024-05-20,Sí
CLI-004615,CTR-004615,43,Madrid,9,59.49,Teléfono,Premium,1679.35,4,9,2025-12-05,Sí
CLI-006216,CTR-006216,40,Alicante,93,53.27,Web,Premium,1770.89,2,,2018-12-16,No
CLI-003301,CTR-003301,52,Barcelona,15,32.74,Teléfono,Premium,2656.25,0,8,2025-06-26,No
CLI-007098,CTR-007098,36,Barcelona,84,42.44,WEB,Premium,3514.26,0,,2019-09-24,No
CLI-009599,CTR-009599,51,Barcelona,29,47.84,Web,Premium,3187.03,0,10,2024-04-10,No
CLI-005488,CTR-005488,37,Alicante,78,74.51,Aplicación,Premium,2890.17,2,5,2020-03-02,No
CLI-003284,CTR-003284,52,Murcia,47,37.41,,Estándar,1754.94,1,7,2022-10-28,No
CLI-006835,CTR-006835,45,Murcia,43,76.17,Teléfono,Empresa,2920.39,1,8,2023-02-04,No
CLI-006047,CTR-006047,40,Madrid,27,60.73,Teléfono,Estándar,4207.28,5,,2024-06-19,No
CLI-004614,CTR-004614,37,Madrid,35,59.87,Aplicación,Estándar,1731.66,4,,2023-10-20,Sí
CLI-002221,CTR-002221,62,Barcelona,96,74.97,web,Estándar,3186.76,5,6,2018-09-27,No
CLI-007303,CTR-007303,21,Barcelona,39,37.14,Web,Premium,1629.37,1,8,2023-06-02,No
CLI-000354,CTR-000354,36,Sevilla,88,37.38,Teléfono,Básico,2847.53,0,6,2019-05-20,No
CLI-004848,CTR-004848,52,Barcelona,59,78.07,web,Empresa,2328.75,1,7,2021-10-04,No
CLI-007021,CTR-007021,50,Barcelona,53,84.47,Tienda,Empresa,,0,9,2022-04-22,No
CLI-007233,CTR-007233,20,Barcelona,33,74.85,Teléfono,Premium,,2,6,2023-12-20,Sí
CLI-009016,CTR-009016,22,Murcia,9,74.47,Tienda,Estándar,1268.04,5,4,2025-12-11,Sí
CLI-004321,CTR-004321,50,Madrid,34,31.76,Tienda,Básico,2193.18,5,4,2023-11-10,No
CLI-001765,CTR-001765,34,Madrid,24,92.37,Web,Premium,2037.33,2,5,2024-09-18,Sí
CLI-008166,CTR-008166,46,Valencia,82,52.57,Web,Estándar,2924.08,3,7,2019-11-19,No
CLI-003102,CTR-003102,56,Valencia,41,79.46,Teléfono,Básico,4153.47,0,8,2023-04-08,No
CLI-002126,CTR-002126,35,Madrid,29,95.85,web,Estándar,3219.54,2,7,2024-04-03,No
CLI-005240,CTR-005240,56,Sevilla,38,51.36,Tienda,Estándar,2513.5,3,6,2023-07-18,Sí
CLI-004572,CTR-004572,20,Barcelona,32,62.8,Web,Premium,3933.53,1,10,2024-01-28,No
CLI-008913,CTR-008913,51,Madrid,33,62.55,Web,Premium,,7,8,2023-12-13,Sí
CLI-001215,CTR-001215,49,Alicante,33,54.54,Teléfono,Básico,2737.37,4,4,2023-12-08,Sí
CLI-006103,CTR-006103,43,Barcelona,64,53.24,Tienda,Premium,2460.3,2,8,2021-05-14,No
CLI-004958,CTR-004958,34,Barcelona,67,59.39,WEB,Estándar,2004.76,5,8,2021-02-26,No
CLI-006988,CTR-006988,37,Zaragoza,31,72.97,Teléfono,Empresa,,4,,2024-02-04,Sí
CLI-008572,CTR-008572,39,Alicante,32,42.27,Web,Básico,2150.08,1,8,2024-01-12,No
CLI-008206,CTR-008206,38,Madrid,95,357.7,Web,Empresa,10532.88,3,6,2018-10-02,No
CLI-001996,CTR-001996,33,Sevilla,57,41.97,Teléfono,Básico,2379.47,1,8,2021-12-13,No
CLI-004215,CTR-004215,32,Málaga,76,68.61,Web,Premium,,3,,2020-05-21,No
CLI-005086,CTR-005086,60,Málaga,8,65.81,Aplicación,Premium,,1,6,2026-01-15,No
CLI-003741,CTR-003741,45,Valencia,43,57.94,Tienda,Empresa,1774.85,6,,2023-02-09,Sí
CLI-000186,CTR-000186,48,Madrid,33,70.4,Tienda,Básico,,2,6,2023-12-24,No
CLI-003194,CTR-003194,18,Barcelona,2,29.98,web,Básico,2148.18,5,,2026-07-19,Sí
CLI-008458,CTR-008458,52,Málaga,8,83.06,Web,Estándar,750,3,4,2026-01-11,Sí
CLI-002890,CTR-002890,18,Zaragoza,13,55.03,Web,Estándar,1442.89,3,6,2025-08-03,Sí
CLI-002673,CTR-002673,43,Barcelona,19,63.43,Tienda,Básico,1884.14,3,4,2025-02-15,Sí
CLI-005829,CTR-005829,42,Madrid,76,22.67,Web,Básico,2393.25,1,,2020-05-12,No
CLI-003520,CTR-003520,49,Madrid,34,67.2,Tienda,Empresa,3161.49,2,,2023-11-09,No
CLI-006782,CTR-006782,28,Zaragoza,7,65.98,Tienda,Básico,,6,5,2026-02-16,Sí
CLI-004246,CTR-004246,18,Sevilla,43,87.84,Tienda,Estándar,,4,6,2023-02-27,Sí
CLI-008681,CTR-008681,56,Alicante,40,41.26,Web,Estándar,2487.65,3,6,2023-05-22,No
CLI-003041,CTR-003041,18,Alicante,36,60.6,Aplicación,Empresa,1928.04,3,4,2023-09-03,Sí
CLI-000562,CTR-000562,21,Barcelona,46,63.45,Web,Premium,2990.48,3,3,2022-11-26,Sí
CLI-006906,CTR-006906,40,Barcelona,15,94.88,Aplicación,Básico,,4,5,2025-06-07,Sí
CLI-000810,CTR-000810,57,Madrid,20,43.37,Tienda,Básico,,1,,2025-01-10,No
CLI-003056,CTR-003056,37,Barcelona,32,46.18,Tienda,Empresa,2437.47,0,9,2024-01-01,No
CLI-006738,CTR-006738,43,Madrid,34,48.56,Web,Premium,2646.65,4,,2023-11-03,Sí
CLI-001210,CTR-001210,39,Valencia,84,65.66,Web,Empresa,3089.91,3,10,2019-09-04,No
CLI-009090,CTR-009090,50,Barcelona,57,52.07,Aplicación,Básico,,1,10,2021-12-22,No
CLI-002806,CTR-002806,48,Zaragoza,3,104.39,Web,Estándar,2260.73,0,3,2026-06-18,Sí
CLI-003537,CTR-003537,50,Sevilla,29,23.75,Web,Básico,,5,8,2024-04-26,No
CLI-000349,CTR-000349,39,Alicante,56,72.73,Tienda,Premium,,3,7,2022-01-27,No
CLI-004245,CTR-004245,39,Valencia,45,28.21,web,Premium,2174.65,3,7,2022-12-18,No
CLI-008481,CTR-008481,64,Barcelona,30,48.06,Aplicación,Básico,,6,,2024-03-02,Sí
CLI-003532,CTR-003532,26,Valencia,28,84.93,Aplicación,Empresa,,3,2,2024-05-12,No
CLI-000899,CTR-000899,39,Valencia,72,82.32,Tienda,Premium,2871.52,0,6,2020-09-14,No
CLI-001902,CTR-001902,30,Madrid,47,78.26,Tienda,Premium,1458.06,1,9,2022-10-02,No
CLI-005726,CTR-005726,53,Madrid,64,76.37,Web,Estándar,2950.55,3,6,2021-05-18,No
CLI-005676,CTR-005676,46,Valencia,38,71,Web,Premium,,3,9,2023-07-13,No
CLI-005605,CTR-005605,22,Barcelona,19,65.57,Teléfono,Estándar,1133.14,0,,2025-02-24,No
CLI-008816,CTR-008816,42,Málaga,52,18.66,Tienda,Básico,3888.4,4,8,2022-05-02,No
CLI-008134,CTR-008134,62,Zaragoza,41,11.41,Web,Premium,,6,8,2023-04-12,No
CLI-008684,CTR-008684,49,Barcelona,18,49.52,Web,Estándar,3534.4,5,4,2025-03-22,Sí
CLI-002634,CTR-002634,43,Zaragoza,43,72.12,Tienda,Estándar,1891.51,6,5,2023-02-09,Sí
CLI-002693,CTR-002693,43,Madrid,31,69.02,Web,Estándar,2441.26,3,8,2024-02-11,No
CLI-003982,CTR-003982,37,Alicante,53,36.96,Tienda,Premium,,6,5,2022-04-27,No
CLI-007115,CTR-007115,18,Barcelona,10,47.27,Aplicación,Premium,3166.73,1,8,2025-11-11,No
CLI-005771,CTR-005771,66,Alicante,34,67.25,web,Estándar,2185.64,0,,2023-11-26,No
CLI-002029,CTR-002029,34,Valencia,92,21.57,Tienda,Básico,3294.76,1,7,2019-01-19,No
CLI-005701,CTR-005701,38,Barcelona,8,88.89,Tienda,Básico,1995.18,4,5,2026-01-26,Sí
CLI-005965,CTR-005965,33,Valencia,20,117.59,Aplicación,Premium,,5,5,2025-01-27,Sí
CLI-001202,CTR-001202,61,Barcelona,39,15.46,Aplicación,Básico,3334.01,7,6,2023-06-02,No
CLI-003275,CTR-003275,23,Málaga,13,102.78,Tienda,Básico,3144.02,4,4,2025-08-16,Sí
CLI-005015,CTR-005015,42,Barcelona,9,28.43,Web,Premium,3067.01,1,5,2025-12-01,No
CLI-007404,CTR-007404,18,Valencia,95,36.48,Tienda,Básico,,2,,2018-10-28,No
CLI-008923,CTR-008923,32,Sevilla,90,50.55,Teléfono,Básico,1793.59,3,9,2019-03-20,No
CLI-005956,CTR-005956,36,Barcelona,1,282.56,Web,Estándar,2357.04,4,2,2026-08-26,Sí
CLI-009551,CTR-009551,27,Sevilla,35,85.07,Web,Empresa,1025.07,3,,2023-10-18,No
CLI-003342,CTR-003342,45,Valencia,90,57.85,Tienda,Estándar,,2,9,2019-03-17,No
CLI-008068,CTR-008068,35,Valencia,49,45.96,,Estándar,2778.51,2,5,2022-08-04,No
CLI-007647,CTR-007647,40,Alicante,11,45.86,Tienda,Estándar,,2,6,2025-10-04,No
CLI-003443,CTR-003443,30,Valencia,34,84.61,Teléfono,Básico,,5,,2023-11-03,Sí
CLI-000489,CTR-000489,57,Alicante,18,44.01,Tienda,Estándar,2842.93,2,4,2025-03-12,Sí
CLI-000467,CTR-000467,34,Zaragoza,65,36.73,Web,Empresa,1414.44,3,,2021-04-17,No
CLI-001051,CTR-001051,42,Zaragoza,37,67.86,Web,Premium,2996.23,3,,2023-08-17,No
CLI-003915,CTR-003915,47,Alicante,83,72.76,Tienda,Básico,2240.06,1,7,2019-10-06,No
CLI-008908,CTR-008908,45,Madrid,81,36.08,Tienda,Estándar,2533.38,0,,2019-12-04,No
CLI-006426,CTR-006426,31,Alicante,65,68.48,Web,Estándar,,5,9,2021-04-24,No
CLI-004115,CTR-004115,45,Madrid,19,40.07,Teléfono,Estándar,2117.72,1,8,2025-02-04,No
CLI-005183,CTR-005183,37,Madrid,69,96.95,Teléfono,Estándar,3154.82,0,7,2020-12-15,No
CLI-003250,CTR-003250,54,Zaragoza,43,48.31,web,Premium,,2,2,2023-02-18,No
CLI-007887,CTR-007887,39,Madrid,59,60.43,Teléfono,Básico,2481.08,0,9,2021-10-10,No
CLI-006742,CTR-006742,46,Murcia,19,60.43,Tienda,Estándar,2892.86,3,,2025-02-26,No
CLI-007268,CTR-007268,49,Barcelona,81,50.24,Tienda,Estándar,2773.28,0,9,2019-12-12,No
CLI-007738,CTR-007738,34,Madrid,84,11.63,Teléfono,Básico,1672.65,3,5,2019-09-06,No
CLI-006775,CTR-006775,18,Murcia,11,79.19,Aplicación,Empresa,3892.48,3,8,2025-10-04,Sí
CLI-000600,CTR-000600,58,Barcelona,7,54.32,Web,Premium,3226.88,2,,2026-02-17,No
CLI-007107,CTR-007107,18,Barcelona,36,41.67,Tienda,Básico,2904.95,1,10,2023-09-08,No
CLI-002805,CTR-002805,60,Madrid,44,72.41,Aplicación,Básico,2433.09,3,6,2023-01-05,Sí
CLI-001327,CTR-001327,32,Murcia,69,60.71,Teléfono,Estándar,2841.18,4,7,2020-12-12,No
CLI-006455,CTR-006455,18,Valencia,15,114.94,Web,Premium,3466.26,2,4,2025-06-08,Sí
CLI-004896,CTR-004896,35,Valencia,20,76.89,Tienda,Premium,3686.76,0,,2025-01-14,No
CLI-001261,CTR-001261,29,Barcelona,25,46.64,Web,Básico,,1,6,2024-08-28,No
CLI-007272,CTR-007272,51,Alicante,13,59.81,Tienda,Premium,2884.84,2,6,2025-08-04,No
CLI-006212,CTR-006212,41,Madrid,25,64.63,Teléfono,Básico,1676.39,0,8,2024-08-15,No
CLI-005579,CTR-005579,40,Madrid,29,83.6,Web,Estándar,3293.06,4,,2024-04-23,Sí
CLI-003318,CTR-003318,35,Málaga,18,58.14,Tienda,Básico,3638.53,0,9,2025-03-13,No
CLI-000772,CTR-000772,47,Málaga,66,80.18,Teléfono,Estándar,1814.73,5,9,2021-03-10,No
CLI-005986,CTR-005986,49,Madrid,18,85.19,Teléfono,Estándar,2393.73,3,6,2025-03-14,Sí
CLI-003660,CTR-003660,64,Barcelona,91,33.53,Web,Premium,,4,6,2019-02-20,No
CLI-008169,CTR-008169,42,Madrid,34,86.65,Teléfono,Premium,2044.29,4,3,2023-11-11,Sí
CLI-007396,CTR-007396,44,Zaragoza,96,84.26,Tienda,Estándar,2778.15,1,8,2018-09-22,No
CLI-003879,CTR-003879,35,Barcelona,77,37.27,Web,Estándar,,5,8,2020-04-18,No
CLI-002471,CTR-002471,55,Murcia,16,74.9,Web,Básico,,2,6,2025-05-10,Sí
CLI-000954,CTR-000954,19,Zaragoza,20,96.42,Tienda,Empresa,771.88,5,6,2025-01-11,Sí
CLI-004037,CTR-004037,69,Valencia,96,27.77,Tienda,Estándar,2748.07,0,8,2018-09-20,No
CLI-005277,CTR-005277,52,Madrid,58,44.78,Aplicación,Premium,2324.61,3,,2021-11-19,No
CLI-000712,CTR-000712,26,Málaga,45,31.49,Web,Básico,2991.62,0,5,2022-12-25,No
CLI-007943,CTR-007943,31,Valencia,56,66.57,Teléfono,Premium,,1,8,2022-01-04,No
CLI-004295,CTR-004295,37,Madrid,7,39.58,Web,Básico,2165.76,3,,2026-02-18,Sí
CLI-001049,CTR-001049,54,Barcelona,22,59.79,Web,Estándar,2272.4,5,5,2024-11-12,Sí
CLI-005550,CTR-005550,46,Valencia,12,84.91,Web,Básico,750,5,,2025-09-01,Sí
CLI-003659,CTR-003659,47,Alicante,69,58.3,Web,Premium,3316.35,4,5,2020-12-21,No
CLI-003504,CTR-003504,75,Barcelona,47,65.26,Web,Estándar,3457.21,0,5,2022-10-03,No
CLI-002950,CTR-002950,42,Valencia,6,57.48,Teléfono,Básico,3075.27,3,8,2026-03-20,No
CLI-007833,CTR-007833,53,Barcelona,40,63.5,Aplicación,Básico,2230.69,3,7,2023-05-10,Sí
CLI-002004,CTR-002004,28,Madrid,6,58.03,Tienda,Premium,,4,,2026-03-06,Sí
CLI-005319,CTR-005319,39,Zaragoza,35,125.86,Teléfono,Estándar,,9,4,2023-10-02,Sí
CLI-007891,CTR-007891,18,Barcelona,54,39.81,Web,Premium,2381.01,4,4,2022-03-13,No
CLI-002533,CTR-002533,38,Barcelona,5,81.18,Tienda,Básico,3226.49,0,5,2026-04-03,Sí
CLI-008180,CTR-008180,51,Madrid,26,48.5,Web,Estándar,2208.68,2,5,2024-07-12,No
CLI-009051,CTR-009051,37,Madrid,91,73.51,Web,Empresa,,3,6,2019-02-22,No
CLI-008871,CTR-008871,21,Barcelona,38,62.05,Aplicación,Empresa,,3,5,2023-07-22,Sí
CLI-001682,CTR-001682,48,Murcia,87,63.36,Teléfono,Premium,3249.61,3,8,2019-06-09,No
CLI-001870,CTR-001870,53,Valencia,63,91.5,Tienda,Estándar,,3,8,2021-06-13,No
CLI-001258,CTR-001258,42,Murcia,20,98.69,WEB,Estándar,1970.71,2,10,2025-01-18,No
CLI-006371,CTR-006371,61,Madrid,47,24.23,Tienda,Premium,,4,5,2022-10-17,No
CLI-004559,CTR-004559,22,Barcelona,73,27.72,Web,Empresa,1348.96,2,8,2020-08-13,No
CLI-005057,CTR-005057,28,Málaga,15,55.5,Web,Básico,750,4,7,2025-06-10,No
CLI-006625,CTR-006625,59,Barcelona,23,85.52,Teléfono,Básico,,2,7,2024-10-25,No
CLI-003843,CTR-003843,18,Barcelona,48,53,Teléfono,Básico,2526.85,4,5,2022-09-11,No
CLI-004463,CTR-004463,43,Barcelona,31,68.42,Tienda,Estándar,,5,4,2024-02-10,Sí
CLI-002513,CTR-002513,54,Sevilla,49,21.98,Teléfono,Básico,2712.94,0,5,2022-08-26,No
CLI-005351,CTR-005351,40,Madrid,44,119.72,Web,Estándar,1548.16,4,6,2023-01-20,Sí
CLI-006666,CTR-006666,36,Madrid,2,65.27,Teléfono,Premium,2035.83,2,6,2026-07-04,Sí
CLI-001031,CTR-001031,44,Murcia,26,89.68,Teléfono,Premium,1510.82,1,6,2024-07-15,Sí
CLI-002084,CTR-002084,42,Madrid,30,43.67,Web,Premium,,7,7,2024-03-26,Sí
CLI-009418,CTR-009418,39,Barcelona,13,36.24,Aplicación,Básico,1858.33,5,4,2025-08-23,Sí
CLI-001869,CTR-001869,31,Valencia,94,66.33,Web,Básico,2454.47,3,5,2018-11-07,No
CLI-009811,CTR-009811,50,Murcia,55,71.76,Tienda,Estándar,2476.68,2,6,2022-02-04,No
CLI-006880,CTR-006880,58,Sevilla,30,52.28,Teléfono,Estándar,,6,6,2024-03-28,No
CLI-004219,CTR-004219,29,Málaga,34,50.44,Web,Empresa,1663.84,4,,2023-11-12,No
CLI-008211,CTR-008211,49,Málaga,44,20.94,Tienda,Estándar,2106.07,0,8,2023-01-21,No
CLI-007256,CTR-007256,120,Zaragoza,20,74.67,Tienda,Estándar,928.99,1,5,2025-01-01,No
CLI-006243,CTR-006243,40,Madrid,85,89.89,Teléfono,Básico,2962.07,0,,2019-08-22,No
CLI-007582,CTR-007582,30,Madrid,41,57.17,Teléfono,Premium,2088.26,4,4,2023-04-26,Sí
CLI-000668,CTR-000668,55,Barcelona,35,57.01,Tienda,Estándar,,3,,2023-10-03,Sí
CLI-000825,CTR-000825,27,Alicante,20,70.6,Tienda,Estándar,,2,8,2025-01-10,Sí
CLI-009152,CTR-009152,33,Murcia,36,61.59,Web,Estándar,,8,5,2023-09-03,Sí
CLI-006443,CTR-006443,38,Madrid,43,43.94,Web,Estándar,1533.28,1,6,2023-02-04,No
CLI-002468,CTR-002468,65,Murcia,6,73.57,Tienda,Estándar,,5,5,2026-03-11,Sí
CLI-007046,CTR-007046,45,Madrid,39,41.81,Aplicación,Básico,1857.84,7,6,2023-06-26,Sí
CLI-008022,CTR-008022,49,Valencia,5,82.41,Web,Básico,3098.07,0,4,2026-04-20,Sí
CLI-004441,CTR-004441,19,Madrid,23,87.71,Tienda,Básico,2941.51,5,,2024-10-22,Sí
CLI-004234,CTR-004234,52,Zaragoza,46,75.25,Web,Estándar,1798.73,0,,2022-11-17,No
CLI-001347,CTR-001347,50,Barcelona,51,33.64,Web,Estándar,,1,,2022-06-12,No
CLI-001398,CTR-001398,74,Alicante,95,98.75,Tienda,Premium,3855.23,3,9,2018-10-08,No
CLI-003077,CTR-003077,36,Madrid,82,63.93,Teléfono,Estándar,,4,8,2019-11-28,No
CLI-006420,CTR-006420,37,Valencia,55,47.72,Teléfono,Estándar,,3,,2022-02-22,No
CLI-007934,CTR-007934,44,Málaga,26,49.67,Web,Básico,3625.39,4,,2024-07-04,Sí
CLI-004163,CTR-004163,48,Valencia,63,32.44,Teléfono,Estándar,,1,,2021-06-09,No
CLI-001416,CTR-001416,22,Madrid,33,89.74,web,Premium,,0,3,2023-12-27,Sí
CLI-000962,CTR-000962,41,Barcelona,35,27.53,Tienda,Estándar,2136.1,6,,2023-10-13,Sí
CLI-002041,CTR-002041,47,Madrid,34,76.22,Aplicación,Premium,2408.57,6,,2023-11-02,Sí
CLI-004065,CTR-004065,59,Zaragoza,36,53.4,Web,Estándar,2616.74,3,5,2023-09-19,Sí
CLI-000630,CTR-000630,47,Madrid,19,56.65,Tienda,Estándar,2698.52,2,,2025-02-10,Sí
CLI-009058,CTR-009058,39,Barcelona,83,82.1,Web,Básico,1987.82,0,9,2019-10-19,No
CLI-007036,CTR-007036,40,Barcelona,37,59.28,Aplicación,Premium,3256.74,2,7,2023-08-15,No
CLI-001750,CTR-001750,51,Barcelona,24,41.69,Web,Premium,3554.78,6,4,2024-09-26,Sí
CLI-004035,CTR-004035,36,Málaga,37,70.41,web,Básico,2021.99,5,7,2023-08-08,Sí
CLI-008664,CTR-008664,42,Sevilla,6,96.19,Web,Premium,,1,,2026-03-21,No
CLI-004603,CTR-004603,51,Madrid,9,44.81,Tienda,Básico,2788.3,1,8,2025-12-24,No
CLI-007928,CTR-007928,39,Madrid,12,51.08,Tienda,Básico,,1,,2025-09-07,No
CLI-008247,CTR-008247,22,Málaga,55,82.32,Web,Premium,750,0,10,2022-02-14,No
CLI-001853,CTR-001853,45,Sevilla,10,18.53,Web,Estándar,,6,6,2025-11-14,Sí
CLI-004973,CTR-004973,61,Sevilla,77,72.67,Teléfono,Básico,2618.99,4,,2020-04-26,No
CLI-004080,CTR-004080,35,Valencia,46,88.6,Web,Estándar,3186.44,5,7,2022-11-22,Sí
CLI-006290,CTR-006290,35,Madrid,31,103.52,Web,Estándar,2424.11,0,7,2024-02-28,No
CLI-003630,CTR-003630,29,Barcelona,33,67.05,Aplicación,Estándar,3483.72,0,,2023-12-21,No
CLI-003928,CTR-003928,48,Valencia,94,47.52,Tienda,Premium,3024.9,7,,2018-11-09,No
CLI-005408,CTR-005408,33,Barcelona,73,76.34,Teléfono,Premium,,4,,2020-08-05,No
CLI-000998,CTR-000998,23,Valencia,35,41.79,Teléfono,Premium,1580.39,3,8,2023-10-05,Sí
CLI-007439,CTR-007439,43,Barcelona,68,96.76,Teléfono,Premium,1881.11,0,,2021-01-04,No
CLI-006345,CTR-006345,34,Sevilla,35,31.03,Web,Básico,,2,5,2023-10-04,No
CLI-003307,CTR-003307,48,Madrid,23,56.05,,Estándar,2780.72,1,,2024-10-13,No
CLI-000253,CTR-000253,29,Madrid,44,92.65,Aplicación,Empresa,2267.02,1,,2023-01-26,No
CLI-001373,CTR-001373,43,Valencia,69,83.48,Teléfono,Estándar,1853.08,0,7,2020-12-02,No
CLI-006717,CTR-006717,54,Barcelona,46,62.96,web,Premium,,4,7,2022-11-13,No
CLI-003811,CTR-003811,32,Barcelona,14,64.14,Web,Estándar,2011.86,5,,2025-07-15,Sí
CLI-003424,CTR-003424,56,Zaragoza,23,35.15,Tienda,Estándar,3143.43,1,,2024-10-16,No
CLI-008354,CTR-008354,49,Alicante,66,88.15,Web,Básico,2771.5,2,10,2021-03-24,No
CLI-005399,CTR-005399,34,Madrid,96,96.87,Teléfono,Básico,1778.29,3,4,2018-09-07,No
CLI-002095,CTR-002095,42,Madrid,11,77.36,Aplicación,Estándar,2740.24,4,7,2025-10-20,No
CLI-000572,CTR-000572,32,Barcelona,12,104.78,Web,Premium,3056.28,4,4,2025-09-27,Sí
CLI-001355,CTR-001355,45,Málaga,31,39.2,Tienda,Premium,2662.88,1,7,2024-02-28,No
CLI-001841,CTR-001841,33,Barcelona,35,90.81,Tienda,Básico,3917.33,1,9,2023-10-17,Sí
CLI-004274,CTR-004274,36,Sevilla,1,72.53,Web,Estándar,2938.39,8,6,2026-08-24,Sí
CLI-001775,CTR-001775,41,Madrid,45,100.48,Teléfono,Estándar,2356.28,2,,2022-12-17,Sí
CLI-001880,CTR-001880,45,Madrid,33,35.45,web,Premium,1715.22,6,6,2023-12-01,Sí
CLI-004174,CTR-004174,54,Valencia,64,47.42,Web,Básico,1866.49,4,6,2021-05-15,No
CLI-001535,CTR-001535,26,Madrid,72,62.96,Web,Premium,2003.1,1,,2020-09-25,No
CLI-000010,CTR-009860,26,Málaga,30,81.14,Tienda,Estándar,2319.68,4,5,2024-03-17,Sí
CLI-006116,CTR-006116,49,Alicante,86,65.28,Tienda,Premium,2262.26,0,10,2019-07-16,No
CLI-005229,CTR-005229,34,Zaragoza,1,66.56,Aplicación,Premium,1285.54,3,4,2026-08-12,Sí
CLI-000281,CTR-000281,43,Madrid,37,46.5,Tienda,Básico,3301.52,4,,2023-08-17,Sí
CLI-008260,CTR-008260,50,Valencia,64,41.9,Web,Básico,3199.68,4,10,2021-05-08,No
CLI-003369,CTR-003369,57,Barcelona,41,39.26,Teléfono,Premium,2784.19,4,4,2023-04-05,No
CLI-004349,CTR-004349,50,Madrid,75,71.5,Teléfono,Premium,2769.46,4,8,2020-06-13,No
CLI-003720,CTR-003720,32,Madrid,46,27.55,Teléfono,Premium,2370.69,6,8,2022-11-20,No
CLI-000693,CTR-000693,64,Málaga,11,63.37,Web,Premium,,1,,2025-10-03,No
CLI-008225,CTR-008225,37,Zaragoza,8,58.12,Web,Estándar,2303.57,6,4,2026-01-20,Sí
CLI-004004,CTR-004004,47,Zaragoza,33,65.18,Web,Premium,5048.19,0,6,2023-12-28,No
CLI-008231,CTR-008231,47,Sevilla,29,47.34,Web,Básico,2426.6,3,,2024-04-24,Sí
CLI-006727,CTR-006727,54,Murcia,61,78.39,Teléfono,Básico,1062.91,0,8,2021-08-14,No
CLI-008182,CTR-008182,28,Zaragoza,41,86.35,Web,Premium,2083.04,3,6,2023-04-05,Sí
CLI-003466,CTR-003466,45,Murcia,93,75.94,Teléfono,Estándar,3372.97,2,8,2018-12-06,No
CLI-000681,CTR-000681,45,Alicante,10,75.08,Aplicación,Estándar,,1,,2025-11-05,No
CLI-005947,CTR-005947,39,Valencia,26,61.01,Teléfono,Estándar,4124.26,5,,2024-07-20,No
CLI-006959,CTR-006959,40,Valencia,15,59.5,Teléfono,Premium,1064.68,0,6,2025-06-21,No
CLI-008415,CTR-008415,22,Madrid,35,75.58,Teléfono,Básico,750,3,7,2023-10-20,Sí
CLI-003444,CTR-003444,39,Barcelona,48,33,Aplicación,Estándar,3067.74,3,,2022-09-06,No
CLI-006559,CTR-006559,39,Madrid,76,101.68,Web,Premium,3237.67,2,6,2020-05-05,No
CLI-003099,CTR-003099,43,Madrid,29,54.06,Teléfono,Básico,2144.9,3,7,2024-04-02,No
CLI-003723,CTR-003723,40,Alicante,17,23.57,Web,Estándar,1721.39,5,8,2025-04-23,Sí
CLI-005053,CTR-005053,33,Barcelona,36,38.36,Web,Premium,2635.77,3,3,2023-09-13,Sí
CLI-000452,CTR-000452,28,Málaga,2,73.49,Teléfono,Básico,,5,4,2026-07-27,Sí
CLI-004445,CTR-004445,30,Madrid,82,9.9,Tienda,Básico,1336.35,1,7,2019-11-02,No
CLI-002205,CTR-002205,34,Sevilla,41,87.78,Tienda,Premium,3432.12,1,,2023-04-21,No
CLI-003476,CTR-003476,53,Sevilla,78,81.97,Web,Premium,2112.74,0,8,2020-03-23,No
CLI-007772,CTR-007772,31,Barcelona,41,24.74,Aplicación,Empresa,771.6,5,6,2023-04-20,Sí
CLI-005175,CTR-005175,43,Sevilla,8,93.2,Teléfono,Básico,2637.77,3,,2026-01-17,Sí
CLI-008149,CTR-008149,53,Barcelona,43,37.47,Web,Estándar,3558.62,1,8,2023-02-27,No
CLI-005107,CTR-005107,58,Zaragoza,72,41.19,Web,Premium,,2,8,2020-09-19,No
CLI-008728,CTR-008728,48,Madrid,1,84.39,Tienda,Premium,2840.41,3,,2026-08-13,Sí
CLI-003208,CTR-003208,49,Barcelona,67,47.78,Teléfono,Básico,2431.47,1,,2021-02-09,No
CLI-006246,CTR-006246,35,Barcelona,6,38.41,Tienda,Premium,3223.36,2,7,2026-03-18,No
CLI-004125,CTR-004125,37,Murcia,73,27.15,Teléfono,Estándar,3494.65,0,3,2020-08-25,No
CLI-002199,CTR-002199,56,Zaragoza,51,29.64,Aplicación,Empresa,2406.44,4,,2022-06-22,No
CLI-004588,CTR-004588,25,Málaga,8,77.63,WEB,Premium,2096.47,6,7,2026-01-15,Sí
CLI-006174,CTR-006174,23,Sevilla,14,81.95,Tienda,Premium,,5,5,2025-07-09,Sí
CLI-001873,CTR-001873,18,Madrid,94,45.87,Web,Premium,2522.83,2,7,2018-11-04,No
CLI-005394,CTR-005394,28,Madrid,40,52.99,Tienda,Básico,2546.45,5,,2023-05-10,Sí
CLI-009719,CTR-009719,44,Barcelona,29,26.35,Tienda,Básico,3517.09,5,6,2024-04-04,No
CLI-001234,CTR-001234,63,Madrid,11,47.97,Web,Estándar,3637.21,2,7,2025-10-01,No
CLI-007338,CTR-007338,21,Zaragoza,71,39.69,Teléfono,Estándar,2386.4,3,6,2020-10-10,No
CLI-002758,CTR-002758,49,Barcelona,37,68.68,WEB,Premium,3340.73,4,7,2023-08-09,No
CLI-006324,CTR-006324,50,Barcelona,3,64.49,Web,Básico,2894.6,4,6,2026-06-21,Sí
CLI-003451,CTR-003451,18,Sevilla,9,79.82,Web,Premium,3012.49,4,6,2025-12-03,Sí
CLI-006701,CTR-006701,35,Zaragoza,33,61.98,Aplicación,Estándar,2258.66,4,,2023-12-11,Sí
CLI-007541,CTR-007541,44,Málaga,65,69.13,Web,Estándar,2259.1,4,7,2021-04-09,No
CLI-000621,CTR-000621,50,Barcelona,20,79.65,,Básico,2344.88,1,8,2025-01-19,No
CLI-008021,CTR-008021,57,Alicante,39,58.51,Web,Estándar,1936.7,4,3,2023-06-02,Sí
CLI-007230,CTR-007230,36,Barcelona,8,49.09,Web,Básico,1591.2,6,7,2026-01-23,Sí
CLI-007103,CTR-007103,51,Barcelona,51,42.36,Tienda,Empresa,2890.68,1,6,2022-06-07,No
CLI-005872,CTR-005872,26,Málaga,5,37.88,Web,Estándar,1473.25,2,,2026-04-23,Sí
CLI-006470,CTR-006470,33,Valencia,33,51.96,Tienda,Empresa,2325.42,1,5,2023-12-11,No
CLI-002558,CTR-002558,46,Madrid,86,62.7,Aplicación,Básico,3657.12,3,8,2019-07-14,No
CLI-007462,CTR-007462,53,Alicante,37,60.78,Web,Estándar,2350.31,4,6,2023-08-14,No
CLI-002030,CTR-002030,21,Murcia,13,52,Tienda,Premium,1654.73,7,7,2025-08-25,Sí
CLI-008700,CTR-008700,32,Valencia,54,74.45,Web,Básico,2041,3,,2022-03-12,No
CLI-000122,CTR-000122,51,Madrid,43,76.64,Teléfono,Básico,3212.67,3,5,2023-02-19,Sí
CLI-009157,CTR-009157,52,Alicante,71,72.67,Web,Estándar,,2,,2020-10-16,No
CLI-009153,CTR-009153,65,Zaragoza,85,82.84,Web,Premium,1854.69,3,7,2019-08-04,No
CLI-001661,CTR-001661,31,Barcelona,17,48.64,Web,Estándar,3617.45,1,10,2025-04-16,No
CLI-008648,CTR-008648,46,Madrid,16,43.53,Tienda,Básico,1808.29,4,5,2025-05-28,Sí
CLI-006694,CTR-006694,43,Málaga,92,34.21,web,Básico,,1,8,2019-01-21,No
CLI-000276,CTR-000276,24,Barcelona,35,104.1,Aplicación,Premium,4802.85,5,6,2023-10-28,Sí
CLI-004481,CTR-004481,43,Barcelona,49,65.54,Web,Premium,,0,6,2022-08-01,No
CLI-005244,CTR-005244,37,Barcelona,94,69.12,Web,Estándar,2557.49,1,9,2018-11-17,No
CLI-005313,CTR-005313,47,Sevilla,32,60.81,WEB,Estándar,3261.71,2,10,2024-01-11,No
CLI-009317,CTR-009317,42,Madrid,37,68.47,Web,Estándar,2363.28,3,7,2023-08-20,No
CLI-002259,CTR-002259,18,Sevilla,16,48.62,Teléfono,Básico,2999.32,4,2,2025-05-09,Sí
CLI-009334,CTR-009334,38,Valencia,25,71.2,Tienda,Estándar,3986.11,6,6,2024-08-15,No
CLI-000058,CTR-009908,70,Sevilla,94,63.18,Teléfono,Premium,3691.76,0,7,2018-11-22,No
CLI-005521,CTR-005521,25,Madrid,55,58.34,WEB,Básico,2323.79,3,9,2022-02-27,No
CLI-004436,CTR-004436,44,Málaga,14,32.86,Aplicación,Básico,1445.98,2,,2025-07-05,Sí
CLI-004801,CTR-004801,39,Madrid,51,42.25,Web,Estándar,2867.59,2,,2022-06-09,No
CLI-001779,CTR-001779,41,Madrid,69,28.27,Teléfono,Empresa,2160.57,5,9,2020-12-11,No
CLI-008361,CTR-008361,47,Málaga,49,81.64,Aplicación,Básico,1940.61,2,6,2022-08-22,No
CLI-006958,CTR-006958,29,Zaragoza,28,31.95,Web,Estándar,3532.02,1,6,2024-05-15,No
CLI-006876,CTR-006876,41,Madrid,79,56.1,Teléfono,Empresa,2036.45,3,7,2020-02-22,No
CLI-008311,CTR-008311,66,Valencia,54,87.07,Teléfono,Estándar,4277.77,0,,2022-03-17,No
CLI-004129,CTR-004129,40,Sevilla,42,37.74,Teléfono,Básico,,3,6,2023-03-23,Sí
CLI-005845,CTR-005845,18,Madrid,18,79.24,Web,Estándar,2724.05,3,9,2025-03-18,No
CLI-003314,CTR-003314,49,Zaragoza,8,66.69,Tienda,Empresa,1794.26,0,,2026-01-16,No
CLI-009069,CTR-009069,51,Barcelona,39,99.13,Web,Básico,,3,5,2023-06-05,Sí
CLI-007428,CTR-007428,42,Madrid,43,47.4,Web,Básico,2341.71,6,6,2023-02-13,Sí
CLI-001798,CTR-001798,20,Madrid,48,44.95,web,Premium,750,5,5,2022-09-03,Sí
CLI-003213,CTR-003213,50,Málaga,45,37.48,Tienda,Estándar,2442.42,3,,2022-12-06,No
CLI-000640,CTR-000640,29,Barcelona,47,38.5,Web,Estándar,,3,,2022-10-01,No
CLI-008680,CTR-008680,40,Madrid,63,73.47,WEB,Básico,750,2,6,2021-06-27,No
CLI-008077,CTR-008077,57,Murcia,95,81.35,Teléfono,Básico,1691.25,3,6,2018-10-28,No
CLI-009673,CTR-009673,37,Valencia,26,55.09,Web,Estándar,3170.24,4,,2024-07-02,Sí
CLI-006286,CTR-006286,31,Málaga,47,45.65,Web,Premium,1406.36,4,6,2022-10-18,Sí
CLI-000674,CTR-000674,34,Málaga,68,57.24,Web,Básico,4032.31,0,7,2021-01-12,No
CLI-002912,CTR-002912,18,Valencia,31,70.5,Web,Estándar,2852.76,5,5,2024-02-08,Sí
CLI-002265,CTR-002265,37,Sevilla,29,50.51,Web,Premium,2950.8,1,6,2024-04-25,No
CLI-004827,CTR-004827,62,Madrid,96,66.92,Web,Estándar,2815.4,1,5,2018-09-15,No
CLI-006624,CTR-006624,39,Alicante,24,48.72,Web,Básico,2186.27,5,,2024-09-23,Sí
CLI-009235,CTR-009235,37,Murcia,8,92.23,Teléfono,Premium,750,5,4,2026-01-18,Sí
CLI-005606,CTR-005606,39,Madrid,40,67.66,Aplicación,Estándar,,3,,2023-05-12,No
CLI-000162,CTR-000162,18,Alicante,44,10.62,Tienda,Premium,,4,7,2023-01-09,Sí
CLI-009464,CTR-009464,37,Málaga,17,123.96,Web,Estándar,2417.15,2,,2025-04-18,No
CLI-006431,CTR-006431,52,Sevilla,83,86.61,Aplicación,Básico,2805.22,5,,2019-10-22,No
CLI-008869,CTR-008869,19,Alicante,17,57.79,Tienda,Estándar,3620.85,3,,2025-04-04,Sí
CLI-001467,CTR-001467,53,Murcia,5,93.92,Tienda,Empresa,3610.62,5,,2026-04-04,Sí
CLI-001477,CTR-001477,33,Murcia,26,97.14,Tienda,Básico,2090.72,5,6,2024-07-07,Sí
CLI-001324,CTR-001324,31,Alicante,27,67,Tienda,Estándar,1747.04,3,,2024-06-17,No
CLI-005234,CTR-005234,31,Barcelona,46,45.12,Web,Básico,3073.5,4,,2022-11-02,Sí
CLI-008350,CTR-008350,32,Madrid,42,17.15,Web,Básico,1010.53,2,,2023-03-06,No
CLI-006259,CTR-006259,53,Madrid,94,65.23,WEB,Premium,1872.86,2,10,2018-11-27,No
CLI-006197,CTR-006197,38,Zaragoza,24,59.19,Web,Premium,1662.74,5,,2024-09-13,Sí
CLI-001125,CTR-001125,30,Alicante,20,90.99,Web,Básico,1926.81,3,5,2025-01-07,Sí
CLI-004821,CTR-004821,27,Valencia,18,19.7,Tienda,Básico,1917.07,0,,2025-03-07,No
CLI-008715,CTR-008715,48,Murcia,81,63.53,Teléfono,Básico,,0,6,2019-12-20,No
CLI-001311,CTR-001311,57,Málaga,10,54.17,Web,Básico,3010.52,2,8,2025-11-21,No
CLI-009515,CTR-009515,35,Sevilla,2,96.45,web,Premium,1028.13,7,6,2026-07-18,Sí
CLI-005278,CTR-005278,34,Madrid,18,121.87,Aplicación,Estándar,,4,5,2025-03-23,Sí
CLI-001858,CTR-001858,48,Valencia,30,79.39,Web,Estándar,2143.4,4,4,2024-03-25,Sí
CLI-002314,CTR-002314,37,Madrid,40,48.02,Aplicación,Básico,,0,6,2023-05-27,No
CLI-003643,CTR-003643,53,Madrid,41,78.06,Web,Básico,1270.05,3,5,2023-04-04,Sí
CLI-000531,CTR-000531,42,Alicante,39,43.92,Web,Premium,2073.82,2,7,2023-06-08,No
CLI-000107,CTR-000107,44,Zaragoza,46,37.29,Web,Estándar,1873.61,3,,2022-11-20,No
CLI-001820,CTR-001820,45,Madrid,18,44.06,Tienda,Estándar,1970.98,5,6,2025-03-03,No
CLI-007809,CTR-007809,38,Madrid,48,73.35,Tienda,Básico,,4,8,2022-09-20,No
CLI-000043,CTR-009893,18,Madrid,75,51.58,Web,Básico,2331.49,1,9,2020-06-20,No
CLI-006934,CTR-006934,55,Valencia,94,53.78,Teléfono,Estándar,2746.45,0,,2018-11-17,No
CLI-004345,CTR-004345,50,Valencia,3,63.59,Web,Básico,1950.52,5,4,2026-06-16,Sí
CLI-007386,CTR-007386,69,Madrid,83,66.55,Tienda,Empresa,4311.94,0,7,2019-10-28,No
CLI-008962,CTR-008962,43,Valencia,40,42.05,Teléfono,Estándar,2233.32,1,,2023-05-06,No
CLI-006438,CTR-006438,55,Madrid,33,95.61,Aplicación,Estándar,2510.21,6,3,2023-12-26,Sí
CLI-000719,CTR-000719,50,Madrid,29,55.86,Web,Empresa,,6,5,2024-04-03,Sí
CLI-008845,CTR-008845,34,Sevilla,4,74.24,Web,Básico,1326.89,4,5,2026-05-27,Sí
CLI-002827,CTR-002827,36,Málaga,44,61.02,Teléfono,Básico,1667.27,5,,2023-01-27,Sí
CLI-004016,CTR-004016,19,Sevilla,7,91.26,Tienda,Premium,,8,,2026-02-03,Sí
CLI-000034,CTR-009884,26,Valencia,69,56.06,Tienda,Estándar,1499.9,4,5,2020-12-05,No
CLI-004400,CTR-004400,45,Murcia,12,42.3,Web,Empresa,2204.9,0,,2025-09-12,No
CLI-004824,CTR-004824,36,Madrid,16,37.87,,Empresa,,5,,2025-05-23,No
CLI-004780,CTR-004780,33,Murcia,1,36.66,WEB,Estándar,3858.99,7,,2026-08-12,Sí
CLI-004826,CTR-004826,45,Murcia,82,56.46,Tienda,Estándar,3193.74,1,6,2019-11-17,No
CLI-008910,CTR-008910,48,Madrid,55,27.17,Aplicación,Estándar,2904.49,3,7,2022-02-24,No
CLI-000294,CTR-000294,30,Valencia,49,70.68,Web,Básico,2425.67,0,10,2022-08-05,No
CLI-005824,CTR-005824,32,Valencia,8,57.79,Tienda,Estándar,2675.33,3,4,2026-01-02,Sí
CLI-007358,CTR-007358,49,Madrid,65,72.01,Aplicación,Básico,3841.78,2,7,2021-04-17,No
CLI-004418,CTR-004418,46,Málaga,31,67.7,Teléfono,Básico,955.86,5,5,2024-02-11,Sí
CLI-003766,CTR-003766,58,Barcelona,40,80.27,Tienda,Estándar,,3,7,2023-05-25,Sí
CLI-000065,CTR-009915,58,Madrid,6,89.19,Web,Básico,3208.49,0,5,2026-03-18,No
CLI-001354,CTR-001354,26,Sevilla,46,67.77,Web,Estándar,2308.24,4,4,2022-11-28,Sí
CLI-008610,CTR-008610,35,Barcelona,18,35.37,Web,Premium,,4,3,2025-03-11,Sí
CLI-009730,CTR-009730,41,Madrid,32,36.9,Web,Estándar,,4,6,2024-01-01,Sí
CLI-007154,CTR-007154,34,Madrid,36,55.59,web,Empresa,3369.28,0,7,2023-09-20,No
CLI-000005,CTR-000005,18,Madrid,13,63,Tienda,Estándar,1528.42,3,7,2025-08-12,Sí
CLI-002214,CTR-002214,51,Madrid,37,84.51,Web,Estándar,1701.17,5,5,2023-08-10,Sí
CLI-000341,CTR-000341,62,Zaragoza,54,58.48,Tienda,Premium,3289.08,4,9,2022-03-13,No
CLI-002438,CTR-002438,46,Madrid,52,70.23,Web,Empresa,2791.48,3,8,2022-05-09,No
CLI-009438,CTR-009438,28,Alicante,75,47.24,Tienda,Estándar,1477.21,2,6,2020-06-04,No
CLI-004210,CTR-004210,35,Madrid,1,46.92,WEB,Empresa,2146.07,1,8,2026-08-21,Sí
CLI-007377,CTR-007377,28,Madrid,22,41.73,Tienda,Básico,3762.4,5,5,2024-11-15,Sí
CLI-001430,CTR-001430,35,Málaga,32,98.4,Tienda,Estándar,2076.83,3,6,2024-01-08,Sí
CLI-004622,CTR-004622,31,Valencia,28,54.53,Web,Premium,,2,,2024-05-14,Sí
CLI-002005,CTR-002005,37,Madrid,44,76.05,Tienda,Estándar,1361,2,4,2023-01-12,Sí
CLI-001390,CTR-001390,47,Madrid,55,56.19,Aplicación,Estándar,2164.06,3,7,2022-02-25,No
CLI-001760,CTR-001760,50,Madrid,38,81.91,Web,Estándar,1512.42,3,8,2023-07-27,No
CLI-003534,CTR-003534,29,Barcelona,94,64.1,Web,Básico,2797.56,0,,2018-11-12,No
CLI-005182,CTR-005182,44,Barcelona,5,90.77,Web,Estándar,,4,6,2026-04-15,Sí
CLI-007174,CTR-007174,29,Barcelona,78,55.05,Web,Premium,1492.4,3,7,2020-03-10,No
CLI-002264,CTR-002264,23,Valencia,32,65.06,Teléfono,Estándar,2007.44,0,9,2024-01-02,No
CLI-004993,CTR-004993,33,Zaragoza,69,94.33,Tienda,Premium,,2,,2020-12-21,No
CLI-004499,CTR-004499,63,Madrid,79,55.26,Teléfono,Empresa,4051.13,1,9,2020-02-05,No
CLI-005721,CTR-005721,56,Sevilla,72,50.49,Teléfono,Empresa,2966.3,3,,2020-09-12,No
CLI-004621,CTR-004621,38,Barcelona,38,59.33,Web,Premium,1465.5,3,8,2023-07-04,Sí
CLI-004976,CTR-004976,58,Sevilla,31,39.18,Teléfono,Empresa,3465.52,0,5,2024-02-17,No
CLI-002325,CTR-002325,32,Málaga,77,36.4,Web,Empresa,,4,9,2020-04-04,No
CLI-001497,CTR-001497,37,Valencia,29,75.94,Teléfono,Premium,1620.72,0,8,2024-04-08,No
CLI-009423,CTR-009423,19,Madrid,26,78.47,Teléfono,Básico,1777.48,1,,2024-07-08,No
CLI-000690,CTR-000690,44,Málaga,7,65.3,Tienda,Estándar,2699,5,5,2026-02-12,No
CLI-001518,CTR-001518,36,Madrid,25,70.56,Teléfono,Estándar,,2,6,2024-08-05,Sí
CLI-005738,CTR-005738,47,Valencia,42,48.82,Web,Estándar,2558.29,4,5,2023-03-16,Sí
CLI-005100,CTR-005100,35,Valencia,77,50.74,Tienda,Premium,,1,8,2020-04-09,No
CLI-008001,CTR-008001,47,Madrid,32,64.87,Web,Básico,2371.93,6,2,2024-01-08,Sí
CLI-004205,CTR-004205,49,Madrid,4,60.69,Teléfono,Empresa,,3,,2026-05-19,Sí
CLI-001561,CTR-001561,50,Valencia,7,77.81,Web,Básico,2653.21,1,6,2026-02-01,No
CLI-009234,CTR-009234,30,Madrid,28,61.56,Tienda,Premium,2956.11,6,4,2024-05-08,Sí
CLI-000166,CTR-000166,62,Madrid,37,116.43,Web,Estándar,2407.23,6,5,2023-08-08,Sí
CLI-002700,CTR-002700,40,Sevilla,30,93.34,Aplicación,Básico,2382.22,6,5,2024-03-09,Sí
CLI-000377,CTR-000377,45,Madrid,82,51.71,Web,Premium,2833.63,4,,2019-11-23,No
CLI-005638,CTR-005638,62,Barcelona,20,36.92,Web,Estándar,2264.49,0,7,2025-01-24,No
CLI-005752,CTR-005752,51,Madrid,7,81.29,Aplicación,Estándar,2278.23,3,2,2026-02-15,Sí
CLI-006271,CTR-006271,46,Sevilla,21,22.74,Teléfono,Empresa,3523.14,5,4,2024-12-08,Sí
CLI-007190,CTR-007190,53,Valencia,13,91.96,Web,Estándar,2058.82,0,8,2025-08-28,No
CLI-008649,CTR-008649,80,Valencia,37,81.36,Web,Básico,,2,7,2023-08-16,No
CLI-007784,CTR-007784,35,Barcelona,50,61.54,Web,Estándar,2115.49,0,7,2022-07-21,No
CLI-008590,CTR-008590,32,Málaga,35,80.21,Teléfono,Básico,2225.69,5,,2023-10-22,Sí
CLI-006870,CTR-006870,51,Madrid,3,73.69,Aplicación,Premium,1932.56,5,5,2026-06-27,Sí
CLI-006681,CTR-006681,43,Madrid,19,58.37,Teléfono,Básico,,1,,2025-02-09,No
CLI-008954,CTR-008954,46,Alicante,53,73.15,Web,Premium,2358.64,0,7,2022-04-19,No
CLI-000023,CTR-009873,38,Valencia,35,56.85,Teléfono,Básico,2954.3,3,5,2023-10-07,No
CLI-004746,CTR-004746,25,Alicante,72,52.56,Web,Básico,1896.44,1,6,2020-09-09,No
CLI-004834,CTR-004834,43,Barcelona,89,77.16,Web,Premium,,1,9,2019-04-05,No
CLI-003705,CTR-003705,60,Barcelona,19,75.05,Web,Estándar,2079.53,3,5,2025-02-16,Sí
CLI-003009,CTR-003009,36,Barcelona,24,23.63,Teléfono,Empresa,,1,7,2024-09-18,No
CLI-009009,CTR-009009,43,Málaga,21,60.69,Tienda,Estándar,2331.21,2,7,2024-12-08,Sí
CLI-001739,CTR-001739,45,Alicante,41,347.9,Tienda,Empresa,,3,,2023-04-22,No
CLI-004884,CTR-004884,43,Valencia,45,79.91,Aplicación,Estándar,,0,7,2022-12-11,No
CLI-005776,CTR-005776,47,Barcelona,29,58.27,Tienda,Premium,750,6,7,2024-04-27,Sí
CLI-008569,CTR-008569,58,Málaga,19,99.51,Web,Estándar,2708.4,4,7,2025-02-25,Sí
CLI-005162,CTR-005162,62,Zaragoza,28,71.21,Tienda,Estándar,2376.08,1,8,2024-05-16,No
CLI-006546,CTR-006546,54,Zaragoza,21,54.44,Teléfono,Estándar,2366.95,4,5,2024-12-15,Sí
CLI-007457,CTR-007457,48,Madrid,4,78.69,Web,Premium,1036.37,4,6,2026-05-15,Sí
CLI-008616,CTR-008616,49,Murcia,65,35.21,Tienda,Empresa,4914.09,0,7,2021-04-16,No
CLI-006055,CTR-006055,44,Valencia,7,49.78,Tienda,Premium,3013.43,4,9,2026-02-02,No
CLI-007307,CTR-007307,30,Barcelona,8,77.02,Aplicación,Básico,2400.28,3,,2026-01-07,Sí
CLI-004611,CTR-004611,44,Madrid,42,78.76,Teléfono,Premium,,2,3,2023-03-22,Sí
CLI-009495,CTR-009495,31,Málaga,23,81.47,Web,Básico,2051.26,4,5,2024-10-28,Sí
CLI-009571,CTR-009571,18,Sevilla,23,46.23,Web,Estándar,3010.75,5,,2024-10-01,Sí
CLI-000698,CTR-000698,44,Madrid,47,91.78,Tienda,Premium,3973.72,3,7,2022-10-25,No
CLI-008739,CTR-008739,74,Madrid,50,50.01,Aplicación,Básico,3239.48,6,6,2022-07-07,No
CLI-006248,CTR-006248,41,Madrid,89,50.17,Tienda,Básico,,5,6,2019-04-03,No
CLI-006054,CTR-006054,26,Málaga,10,91.54,Web,Básico,2389.21,7,5,2025-11-18,Sí
CLI-009413,CTR-009413,31,Madrid,88,54.97,Teléfono,Estándar,850.22,2,7,2019-05-15,No
CLI-005212,CTR-005212,30,Murcia,29,54.6,Web,Básico,3025.26,2,,2024-04-27,No
CLI-003648,CTR-003648,67,Valencia,76,45.38,Web,Básico,3863.57,1,,2020-05-03,No
CLI-006102,CTR-006102,33,Murcia,13,62.45,Web,Empresa,1455.93,1,,2025-08-02,No
CLI-001177,CTR-001177,70,Madrid,74,108.35,Tienda,Estándar,3410.41,2,8,2020-07-26,No
CLI-008419,CTR-008419,35,Barcelona,39,79.25,Tienda,Empresa,2638.42,4,5,2023-06-06,Sí
CLI-003518,CTR-003518,60,Zaragoza,14,45.79,Tienda,Estándar,1527.97,3,,2025-07-08,No
CLI-003513,CTR-003513,34,Madrid,91,73.87,Teléfono,Estándar,,3,,2019-02-04,No
CLI-004208,CTR-004208,49,Málaga,42,70.44,Teléfono,Estándar,2347.71,2,8,2023-03-23,No
CLI-002248,CTR-002248,46,Alicante,71,43.1,Tienda,Estándar,,1,7,2020-10-22,No
CLI-007698,CTR-007698,46,Sevilla,45,59.08,Web,Empresa,2836.03,5,8,2022-12-20,Sí
CLI-008122,CTR-008122,59,Zaragoza,20,23.71,Web,Básico,1655.37,0,9,2025-01-21,No
CLI-006156,CTR-006156,31,Barcelona,16,72.03,Aplicación,Básico,2991.09,2,,2025-05-03,No
CLI-009552,CTR-009552,49,Barcelona,32,18.09,Web,Estándar,3701.54,3,7,2024-01-01,No
CLI-008813,CTR-008813,68,Alicante,72,10.36,Tienda,Empresa,3653.76,1,6,2020-09-24,No
CLI-002775,CTR-002775,29,Alicante,79,55.96,Tienda,Premium,1400.34,4,9,2020-02-27,No
CLI-001913,CTR-001913,29,Madrid,25,37.95,Teléfono,Básico,2320.95,3,4,2024-08-24,Sí
CLI-006195,CTR-006195,37,Zaragoza,60,58.1,Web,Empresa,2434.47,1,,2021-09-26,No
CLI-004193,CTR-004193,30,Madrid,34,56.05,Teléfono,Premium,4328.69,3,3,2023-11-06,Sí
CLI-007326,CTR-007326,23,Sevilla,11,83.9,Tienda,Estándar,,4,,2025-10-03,Sí
CLI-000081,CTR-000081,53,Madrid,11,54.48,Teléfono,Empresa,2467.7,3,5,2025-10-10,Sí
CLI-005139,CTR-005139,42,Madrid,43,47.13,Web,Premium,2501.74,0,8,2023-02-24,No
CLI-005463,CTR-005463,38,Murcia,14,16.16,Web,Empresa,3457.15,7,6,2025-07-09,Sí
CLI-006267,CTR-006267,55,Barcelona,15,63.88,web,Estándar,1973.61,5,4,2025-06-13,Sí
CLI-005081,CTR-005081,41,Madrid,53,66.3,Web,Básico,,2,,2022-04-15,No
CLI-000451,CTR-000451,38,Zaragoza,17,79.77,Tienda,Estándar,2854.32,2,,2025-04-08,Sí
CLI-005820,CTR-005820,36,Valencia,29,46.57,Tienda,Estándar,2330.12,5,,2024-04-21,Sí
CLI-008606,CTR-008606,27,Zaragoza,31,55.83,Web,Básico,1614.68,1,9,2024-02-11,No
CLI-006641,CTR-006641,32,Barcelona,14,63.41,Web,Premium,2956.74,4,,2025-07-08,Sí
CLI-004198,CTR-004198,49,Madrid,85,77.42,Teléfono,Premium,,4,8,2019-08-23,No
CLI-007703,CTR-007703,54,Barcelona,15,45.79,Web,Premium,2773.7,1,,2025-06-25,No
CLI-004179,CTR-004179,18,Madrid,34,61.62,Web,Básico,2122.45,5,,2023-11-02,Sí
CLI-006409,CTR-006409,42,Sevilla,49,63.43,Aplicación,Estándar,2845.9,4,,2022-08-09,No
CLI-007429,CTR-007429,63,Barcelona,31,52.95,Web,Estándar,2835.3,2,,2024-02-20,Sí
CLI-008718,CTR-008718,30,Madrid,13,101.21,Teléfono,Estándar,3037.01,5,4,2025-08-28,Sí
CLI-009303,CTR-009303,42,Barcelona,3,103.81,Web,Empresa,,6,5,2026-06-28,Sí
CLI-000169,CTR-000169,43,Barcelona,46,9.9,Tienda,Estándar,,2,,2022-11-16,No
CLI-005383,CTR-005383,44,Murcia,84,47.53,Teléfono,Estándar,2312.53,0,,2019-09-02,No
CLI-003111,CTR-003111,25,Valencia,64,54.87,Teléfono,Premium,2076.5,2,6,2021-05-19,No
CLI-003445,CTR-003445,32,Valencia,25,106.25,Aplicación,Empresa,2049.81,2,6,2024-08-25,Sí
CLI-005567,CTR-005567,34,Sevilla,23,51.74,Aplicación,Estándar,1173.72,5,8,2024-10-06,No
CLI-008091,CTR-008091,18,Valencia,96,58.97,Web,Básico,,1,,2018-09-27,No
CLI-002577,CTR-002577,46,Zaragoza,15,73.47,Teléfono,Básico,,4,,2025-06-23,Sí
CLI-002771,CTR-002771,43,Barcelona,2,64.18,Web,Empresa,,6,5,2026-07-27,Sí
CLI-004025,CTR-004025,57,Madrid,94,62.47,Web,Estándar,3298.28,1,7,2018-11-25,No
CLI-007481,CTR-007481,54,Zaragoza,26,232.51,Tienda,Estándar,12175.41,3,,2024-07-02,No
CLI-005779,CTR-005779,46,Zaragoza,94,50.87,Tienda,Premium,3180.92,2,7,2018-11-15,No
CLI-007871,CTR-007871,46,Alicante,32,74.67,Web,Estándar,2331.02,4,7,2024-01-01,No
CLI-004404,CTR-004404,32,Alicante,20,78.82,Tienda,Estándar,2894.87,3,6,2025-01-04,No
CLI-001618,CTR-001618,40,Málaga,26,76.76,Web,Estándar,2997.13,5,,2024-07-06,Sí
CLI-002317,CTR-002317,52,Barcelona,31,57.5,Tienda,Estándar,2374.84,8,,2024-02-08,Sí
CLI-008848,CTR-008848,34,Murcia,26,69.27,Tienda,Básico,893.31,8,6,2024-07-02,Sí
CLI-004261,CTR-004261,50,Barcelona,40,24.37,Tienda,Premium,2250.13,0,,2023-05-27,No
CLI-001930,CTR-001930,43,Valencia,93,47.74,Aplicación,Estándar,2309.2,4,,2018-12-21,No
CLI-009136,CTR-009136,43,Madrid,15,74.51,Web,Premium,3306.89,2,5,2025-06-13,Sí
CLI-004258,CTR-004258,37,Sevilla,88,66.13,Tienda,Básico,3265.34,1,9,2019-05-14,No
CLI-006639,CTR-006639,52,Barcelona,21,38.59,Web,Premium,,2,9,2024-12-13,No
CLI-000714,CTR-000714,29,Alicante,8,56.47,Tienda,Básico,,0,,2026-01-09,No
CLI-002549,CTR-002549,36,Sevilla,90,77.41,Teléfono,Básico,,1,,2019-03-01,No
CLI-004254,CTR-004254,46,Madrid,67,51.62,Aplicación,Empresa,3486.07,0,,2021-02-18,No
CLI-005379,CTR-005379,33,Barcelona,44,47.75,Web,Estándar,2288.84,5,6,2023-01-15,Sí
CLI-008891,CTR-008891,50,Sevilla,60,59.45,Teléfono,Premium,2761.61,1,,2021-09-17,No
CLI-000013,CTR-000013,39,Barcelona,25,97.83,Web,Estándar,1879.28,1,7,2024-08-07,Sí
CLI-003981,CTR-003981,46,Valencia,32,53.95,Web,Premium,3150.96,1,7,2024-01-24,No
CLI-006128,CTR-006128,39,Málaga,19,69.03,Tienda,Premium,3767.03,4,8,2025-02-14,Sí
CLI-005172,CTR-005172,25,Madrid,2,83.43,Aplicación,Estándar,2081.72,8,,2026-07-20,Sí
CLI-006461,CTR-006461,39,Madrid,21,68.37,Tienda,Estándar,2954.91,0,5,2024-12-19,Sí
CLI-006508,CTR-006508,46,Madrid,43,73.81,Web,Estándar,2192.12,6,6,2023-02-08,Sí
CLI-003818,CTR-003818,46,Sevilla,91,44.7,web,Premium,1828.49,2,,2019-02-14,No
CLI-005633,CTR-005633,29,Málaga,55,67.66,Aplicación,Premium,,0,9,2022-02-23,No
CLI-008877,CTR-008877,47,Valencia,88,96.61,Web,Premium,3106.29,3,,2019-05-25,No
CLI-001918,CTR-001918,51,Valencia,27,91.15,Web,Estándar,2822.66,3,9,2024-06-28,No
CLI-004191,CTR-004191,35,Barcelona,67,30.56,Web,Básico,2051.95,2,6,2021-02-08,No
CLI-006725,CTR-006725,31,Sevilla,39,37.54,Tienda,Estándar,,3,8,2023-06-09,No
CLI-000802,CTR-000802,37,Barcelona,40,77.1,Teléfono,Básico,2255.7,5,5,2023-05-18,Sí
CLI-006142,CTR-006142,43,Málaga,69,32.82,Web,Estándar,,1,7,2020-12-23,No
CLI-001957,CTR-001957,35,Sevilla,31,47.57,Tienda,Estándar,2098.51,0,8,2024-02-13,No
CLI-002884,CTR-002884,48,Zaragoza,61,62.16,Aplicación,Premium,3672.52,3,,2021-08-01,No
CLI-002874,CTR-002874,55,Sevilla,14,44.97,Aplicación,Básico,1881.56,6,,2025-07-13,Sí
CLI-000738,CTR-000738,25,Barcelona,24,44.25,Tienda,Básico,,1,7,2024-09-23,No
CLI-005173,CTR-005173,62,Valencia,33,76.68,Teléfono,Estándar,,3,5,2023-12-11,No
CLI-005838,CTR-005838,53,Madrid,85,97.15,Aplicación,Básico,2350.82,4,7,2019-08-24,No
CLI-003388,CTR-003388,55,Madrid,48,53.09,Aplicación,Premium,3427.99,6,2,2022-09-20,Sí
CLI-003675,CTR-003675,42,Barcelona,39,9.9,Tienda,Estándar,3210.39,3,,2023-06-02,No
CLI-001643,CTR-001643,41,Madrid,18,68.38,Tienda,Básico,1332.54,4,5,2025-03-26,Sí
CLI-004444,CTR-004444,33,Zaragoza,17,30.71,Web,Estándar,3570.46,6,4,2025-04-13,Sí
CLI-008964,CTR-008964,56,Barcelona,35,60.67,Teléfono,Estándar,1608.01,0,,2023-10-15,No
CLI-006941,CTR-006941,46,Murcia,50,84.4,Teléfono,Básico,4457.28,2,,2022-07-20,No
CLI-001470,CTR-001470,32,Valencia,35,48.71,Web,Básico,2862.48,3,5,2023-10-21,Sí
CLI-007641,CTR-007641,27,Murcia,28,24.27,Web,Estándar,1938.28,4,6,2024-05-15,Sí
CLI-007790,CTR-007790,51,Málaga,96,71.07,Web,Estándar,4935.58,1,,2018-09-14,No
CLI-007155,CTR-007155,45,Valencia,38,72.67,Teléfono,Estándar,2008.85,2,7,2023-07-12,Sí
CLI-008255,CTR-008255,32,Madrid,32,73.88,Web,Premium,,5,7,2024-01-24,Sí
CLI-008641,CTR-008641,45,Barcelona,5,80.08,Web,Básico,2085.06,5,,2026-04-06,Sí
CLI-009446,CTR-009446,61,Málaga,30,60.85,Tienda,Premium,,1,7,2024-03-16,No
CLI-003486,CTR-003486,23,Madrid,16,61.83,Tienda,Premium,2642.42,3,7,2025-05-21,No
CLI-000928,CTR-000928,48,Alicante,68,63.47,Teléfono,Estándar,1484.51,2,8,2021-01-23,No
CLI-001884,CTR-001884,50,Madrid,51,56.52,Web,Estándar,2109.09,1,8,2022-06-07,No
CLI-000684,CTR-000684,49,Málaga,32,73.96,Web,Premium,2790.91,3,8,2024-01-18,Sí
CLI-005835,CTR-005835,51,Málaga,73,30.57,Tienda,Empresa,,2,8,2020-08-09,No
CLI-003891,CTR-003891,53,Madrid,59,50.92,Web,Premium,2787.89,4,7,2021-10-26,No
CLI-007607,CTR-007607,53,Alicante,28,39.01,Aplicación,Empresa,2682.62,3,6,2024-05-20,No
CLI-008654,CTR-008654,48,Alicante,14,91.64,Aplicación,Premium,3542.74,3,,2025-07-11,No
CLI-009640,CTR-009640,32,Alicante,31,57.3,Web,Básico,1187.66,1,,2024-02-11,No
CLI-001523,CTR-001523,34,Barcelona,16,85.75,WEB,Premium,,3,,2025-05-14,Sí
CLI-005674,CTR-005674,56,Madrid,70,57.06,Web,Premium,,1,9,2020-11-09,No
CLI-002175,CTR-002175,64,Málaga,3,89.44,Teléfono,Premium,1299.13,6,6,2026-06-20,Sí
CLI-002398,CTR-002398,37,Sevilla,54,43,Web,Estándar,1086.1,4,7,2022-03-19,No
CLI-008551,CTR-008551,46,Barcelona,59,95.97,Tienda,Empresa,4159.8,2,,2021-10-15,No
CLI-007978,CTR-007978,57,Madrid,66,75.14,Web,Básico,1487.46,5,10,2021-03-06,No
CLI-006905,CTR-006905,40,Zaragoza,63,61.91,Tienda,Estándar,2794.14,7,8,2021-06-04,No
CLI-001785,CTR-001785,53,Barcelona,9,63.42,Tienda,Básico,1377.17,1,7,2025-12-24,No
CLI-008488,CTR-008488,34,Madrid,45,40.99,Teléfono,Estándar,2472.22,4,,2022-12-23,No
CLI-002992,CTR-002992,19,Málaga,77,47.55,Aplicación,Básico,2539.86,1,8,2020-04-17,No
CLI-007599,CTR-007599,38,Barcelona,25,52.86,Web,Básico,2284.71,4,5,2024-08-28,Sí
CLI-006564,CTR-006564,28,Madrid,20,43.62,web,Premium,3438.66,3,6,2025-01-05,Sí
CLI-007500,CTR-007500,45,Barcelona,4,88.51,Web,Estándar,1689.61,6,8,2026-05-04,Sí
CLI-009037,CTR-009037,38,Sevilla,24,50.1,Tienda,Básico,768.76,7,3,2024-09-04,Sí
CLI-003477,CTR-003477,53,Alicante,13,79.08,Teléfono,Empresa,2362.06,3,8,2025-08-10,Sí
CLI-001144,CTR-001144,38,Barcelona,9,65.28,Web,Empresa,2279.53,3,7,2025-12-05,Sí
CLI-002375,CTR-002375,29,Alicante,57,56.63,Teléfono,Estándar,,1,9,2021-12-13,No
CLI-001758,CTR-001758,31,Barcelona,47,78.03,Web,Estándar,3283.69,5,4,2022-10-08,Sí
CLI-007311,CTR-007311,36,Barcelona,25,59.17,Tienda,Premium,,3,5,2024-08-04,Sí
CLI-009406,CTR-009406,30,Valencia,6,61.67,Web,Premium,3304.12,9,5,2026-03-01,Sí
CLI-009281,CTR-009281,51,Alicante,17,49.71,Teléfono,Premium,,4,7,2025-04-02,No
CLI-002742,CTR-002742,44,Madrid,22,83.91,Aplicación,Premium,1277.29,0,8,2024-11-16,No
CLI-004503,CTR-004503,50,Málaga,81,84.2,Teléfono,Básico,2764.44,0,7,2019-12-20,No
CLI-005496,CTR-005496,31,Madrid,67,73.32,Tienda,Estándar,3129.62,0,7,2021-02-27,No
CLI-002994,CTR-002994,37,Barcelona,70,73.13,Tienda,Estándar,3584.18,3,,2020-11-19,No
CLI-005800,CTR-005800,35,Madrid,27,86.84,Teléfono,Básico,3174.32,7,4,2024-06-08,Sí
CLI-004733,CTR-004733,59,Valencia,29,54.79,Tienda,Básico,3876.82,4,,2024-04-22,No
CLI-009671,CTR-009671,44,Murcia,41,55.96,Web,Premium,2835.13,5,6,2023-04-01,No
CLI-000784,CTR-000784,53,Valencia,7,28.29,,Estándar,1650.96,3,4,2026-02-05,Sí
CLI-008887,CTR-008887,54,Málaga,85,41.85,Web,Estándar,,1,7,2019-08-20,No
CLI-001719,CTR-001719,37,Barcelona,19,74.87,Tienda,Empresa,1887.8,4,5,2025-02-12,Sí
CLI-006394,CTR-006394,18,Valencia,23,60.5,Tienda,Premium,2234.44,2,5,2024-10-28,Sí
CLI-003085,CTR-003085,44,Sevilla,9,74.63,Web,Básico,1976.06,0,9,2025-12-20,No
CLI-005822,CTR-005822,43,Madrid,66,27.16,Web,Premium,2343.41,2,,2021-03-14,No
CLI-003901,CTR-003901,39,Valencia,14,92.01,Web,Estándar,1369.81,5,6,2025-07-14,Sí
CLI-004204,CTR-004204,60,Alicante,55,52.77,WEB,Básico,2833.9,2,,2022-02-20,No
CLI-009656,CTR-009656,50,Barcelona,31,42.67,Tienda,Estándar,,4,4,2024-02-13,Sí
CLI-002795,CTR-002795,45,Madrid,30,61.9,Teléfono,Estándar,,2,,2024-03-21,No
CLI-003907,CTR-003907,20,Madrid,86,57.76,Tienda,Estándar,1743.8,7,7,2019-07-27,No
CLI-002923,CTR-002923,55,Alicante,50,59.53,Web,Estándar,1859.31,1,15,2022-07-01,No
CLI-004914,CTR-004914,39,Sevilla,79,36.52,Tienda,Estándar,2597.48,4,,2020-02-06,No
CLI-009804,CTR-009804,25,Sevilla,32,59.77,Aplicación,Empresa,,2,7,2024-01-14,No
CLI-002907,CTR-002907,48,Málaga,12,81.3,Tienda,Estándar,2025.01,3,4,2025-09-06,Sí
CLI-002567,CTR-002567,50,Valencia,34,46.41,Tienda,Premium,2285.85,3,8,2023-11-04,No
CLI-008411,CTR-008411,41,Madrid,26,55.29,Teléfono,Estándar,,4,,2024-07-02,No
CLI-005439,CTR-005439,35,Madrid,26,25.13,WEB,Premium,1214.18,6,6,2024-07-26,Sí
CLI-006028,CTR-006028,32,Valencia,10,42.9,Web,Básico,,2,,2025-11-06,No
CLI-002390,CTR-002390,50,Barcelona,84,67.22,Teléfono,Básico,2023.93,3,9,2019-09-09,No
CLI-008241,CTR-008241,32,Madrid,41,78.44,Web,Estándar,750,5,3,2023-04-01,Sí
CLI-006568,CTR-006568,44,Madrid,8,91.38,Tienda,Básico,2437.92,3,,2026-01-27,Sí
CLI-004388,CTR-004388,42,Valencia,32,48.2,Web,Básico,1942.55,6,,2024-01-22,Sí
CLI-004083,CTR-004083,36,Madrid,44,40.71,Web,Estándar,,0,10,2023-01-26,No
CLI-005101,CTR-005101,50,Valencia,55,45.44,Web,Estándar,3841.57,2,5,2022-02-04,No
CLI-001380,CTR-001380,28,Madrid,1,29.11,Teléfono,Premium,2009.51,5,5,2026-08-17,Sí
CLI-003136,CTR-003136,33,Málaga,44,62.84,Teléfono,Estándar,1645.74,3,8,2023-01-07,No
CLI-008468,CTR-008468,42,Málaga,71,67.92,Web,Básico,2820.37,1,,2020-10-13,No
CLI-009456,CTR-009456,48,Málaga,31,88.71,Web,Estándar,1844.45,4,8,2024-02-05,No
CLI-002864,CTR-002864,53,Barcelona,78,39.54,Web,Básico,3430.81,1,6,2020-03-04,No
CLI-003067,CTR-003067,32,Málaga,6,73.76,web,Estándar,1990.49,5,5,2026-03-05,Sí
CLI-002423,CTR-002423,36,Sevilla,10,68.73,Web,Empresa,,8,,2025-11-09,Sí
CLI-003729,CTR-003729,44,Barcelona,43,81.64,Tienda,Empresa,1189.16,8,3,2023-02-19,Sí
CLI-004881,CTR-004881,62,Madrid,49,55.99,Aplicación,Básico,1884.86,3,,2022-08-23,No
CLI-001291,CTR-001291,31,Zaragoza,32,61.73,Tienda,Empresa,2023.3,4,,2024-01-24,Sí
CLI-003472,CTR-003472,39,Barcelona,33,52.17,Aplicación,Estándar,2678.53,0,,2023-12-06,No
CLI-001176,CTR-001176,39,Madrid,96,42.89,Tienda,Estándar,,0,7,2018-09-20,No
CLI-000123,CTR-000123,35,Valencia,16,94.94,Web,Premium,2461.85,5,5,2025-05-12,Sí
CLI-008773,CTR-008773,42,Valencia,15,46.74,Web,Estándar,932.37,5,6,2025-06-23,Sí
CLI-009442,CTR-009442,38,Madrid,32,58.82,Aplicación,Estándar,1181.75,1,,2024-01-23,Sí
CLI-002761,CTR-002761,48,Barcelona,45,22.75,Web,Básico,1398.72,2,8,2022-12-19,No
CLI-001581,CTR-001581,57,Madrid,45,66.38,WEB,Premium,,0,6,2022-12-28,No
CLI-001622,CTR-001622,44,Valencia,93,73.52,Tienda,Estándar,,1,7,2018-12-08,No
CLI-003207,CTR-003207,31,Madrid,68,220.78,Aplicación,Básico,7637.73,0,7,2021-01-26,No
CLI-001856,CTR-001856,37,Barcelona,7,55.3,Aplicación,Estándar,1736.91,2,7,2026-02-09,No
CLI-009746,CTR-009746,68,Murcia,62,56.19,Teléfono,Básico,,2,7,2021-07-03,No
CLI-002978,CTR-002978,55,Barcelona,45,72.57,Teléfono,Estándar,3160.18,3,,2022-12-11,Sí
CLI-002362,CTR-002362,44,Sevilla,36,69.82,Web,Básico,1066.27,5,5,2023-09-24,Sí
CLI-000801,CTR-000801,31,Barcelona,38,87.74,Tienda,Básico,2925.99,2,9,2023-07-10,No
CLI-003339,CTR-003339,49,Valencia,17,64.13,Tienda,Básico,1875.87,3,,2025-04-06,Sí
CLI-003165,CTR-003165,56,Valencia,94,61.45,Web,Premium,3054.46,0,10,2018-11-13,No
CLI-007791,CTR-007791,60,Sevilla,83,41.73,Aplicación,Estándar,4100.47,2,8,2019-10-28,No
CLI-005598,CTR-005598,31,Málaga,54,54.55,Tienda,Premium,2161.12,2,10,2022-03-23,No
CLI-003877,CTR-003877,36,Barcelona,44,70.37,Tienda,Premium,1437.58,1,9,2023-01-14,No
CLI-002844,CTR-002844,50,Málaga,12,65.56,Tienda,Premium,,2,6,2025-09-27,No
CLI-002599,CTR-002599,22,Murcia,43,153.89,Tienda,Premium,,4,7,2023-02-13,No
CLI-006344,CTR-006344,24,Barcelona,77,68.76,Aplicación,Premium,3779.68,3,7,2020-04-19,No
CLI-001795,CTR-001795,27,Madrid,50,41.62,Web,Estándar,2388.94,5,,2022-07-24,No
CLI-009848,CTR-009848,37,Málaga,50,51.81,Aplicación,Premium,1952.36,2,10,2022-07-19,No
CLI-002306,CTR-002306,47,Málaga,76,54.14,Teléfono,Básico,1527.41,7,6,2020-05-08,No
CLI-002277,CTR-002277,35,Murcia,45,37.41,Web,Básico,2785.33,1,7,2022-12-26,No
CLI-005102,CTR-005102,34,Barcelona,15,59.77,Web,Básico,1543.36,4,4,2025-06-20,Sí
CLI-000922,CTR-000922,26,Barcelona,6,48.4,Teléfono,Estándar,,2,6,2026-03-10,No
CLI-009434,CTR-009434,42,Zaragoza,48,80.87,Tienda,Estándar,1695.23,1,9,2022-09-13,No
CLI-006007,CTR-006007,49,Málaga,43,23.71,Aplicación,Premium,1882.48,0,7,2023-02-17,No
CLI-004713,CTR-004713,32,Madrid,16,82.2,Web,Básico,4499.91,2,5,2025-05-21,Sí
CLI-007502,CTR-007502,39,Madrid,28,42.56,Web,Estándar,,6,,2024-05-14,Sí
CLI-007846,CTR-007846,32,Valencia,38,20.87,Aplicación,Estándar,1102.39,2,,2023-07-18,Sí
CLI-007322,CTR-007322,33,Zaragoza,18,82.35,Tienda,Estándar,,8,,2025-03-03,Sí
CLI-005404,CTR-005404,27,Madrid,33,90.49,web,Estándar,3315.81,4,,2023-12-02,Sí
CLI-005154,CTR-005154,19,Valencia,5,91.12,Teléfono,Básico,1872.81,4,,2026-04-23,Sí
CLI-006552,CTR-006552,52,Murcia,91,37.88,Tienda,Estándar,,2,8,2019-02-24,No
CLI-008126,CTR-008126,27,Alicante,23,47.82,Teléfono,Estándar,1894.64,4,6,2024-10-03,Sí
CLI-001308,CTR-001308,34,Valencia,40,62.67,Aplicación,Básico,1746.96,3,,2023-05-26,Sí
CLI-002433,CTR-002433,42,Valencia,48,67.36,Tienda,Básico,,0,,2022-09-15,No
CLI-000889,CTR-000889,35,Madrid,7,49.95,WEB,Estándar,3371.15,4,9,2026-02-01,No
CLI-001008,CTR-001008,18,Alicante,17,48.56,Aplicación,Premium,2368.57,4,,2025-04-21,No
CLI-003412,CTR-003412,43,Madrid,76,45.53,Teléfono,Básico,3198.23,0,7,2020-05-11,No
CLI-008096,CTR-008096,29,Madrid,57,83.72,Aplicación,Premium,1570.92,3,8,2021-12-03,No
CLI-007064,CTR-007064,41,Barcelona,50,44.08,Web,Premium,2941.27,0,,2022-07-21,No
CLI-005880,CTR-005880,47,Barcelona,17,60.5,Tienda,Básico,3363.16,3,4,2025-04-24,Sí
CLI-000073,CTR-009923,28,Barcelona,77,74.28,Teléfono,Básico,2616.98,4,,2020-04-05,No
CLI-009363,CTR-009363,58,Málaga,81,51.7,Web,Premium,4183.98,0,10,2019-12-09,No
CLI-000054,CTR-000054,24,Murcia,2,82.41,Teléfono,Estándar,3157.03,6,6,2026-07-14,Sí
CLI-000035,CTR-000035,25,Sevilla,85,49.77,Web,Premium,,2,7,2019-08-09,No
CLI-009617,CTR-009617,59,Madrid,7,43.69,Web,Básico,2954.51,1,3,2026-02-28,Sí
CLI-002207,CTR-002207,35,Sevilla,34,68.79,Web,Estándar,2417.3,2,6,2023-11-10,No
CLI-008281,CTR-008281,50,Sevilla,70,36.87,Teléfono,Premium,2840.04,1,9,2020-11-14,No
CLI-005103,CTR-005103,33,Madrid,34,67.03,WEB,Empresa,1184.59,1,8,2023-11-20,No
CLI-000132,CTR-000132,49,Madrid,79,69.3,Teléfono,Premium,2401.45,1,4,2020-02-28,No
CLI-009229,CTR-009229,25,Valencia,88,84.2,Aplicación,Premium,4089.8,1,7,2019-05-07,No
CLI-007525,CTR-007525,42,Sevilla,58,100.01,Aplicación,Básico,3245.49,0,7,2021-11-05,No
CLI-007900,CTR-007900,61,Madrid,21,57.49,web,Estándar,3659.33,7,6,2024-12-20,Sí
CLI-007931,CTR-007931,75,Alicante,58,51.14,Teléfono,Básico,1653.61,4,5,2021-11-15,No
CLI-008198,CTR-008198,50,Valencia,70,41.38,Web,Premium,2116.35,2,,2020-11-21,No
CLI-003925,CTR-003925,38,Sevilla,37,51.62,Web,Empresa,2092.78,4,4,2023-08-23,Sí
CLI-003109,CTR-003109,23,Barcelona,1,108.28,Tienda,Empresa,2734.44,7,7,2026-08-07,Sí
CLI-009554,CTR-009554,41,Valencia,38,58.86,Tienda,Estándar,2427.91,3,9,2023-07-25,No
CLI-007229,CTR-007229,38,Madrid,33,65.64,Teléfono,Básico,2738.09,5,3,2023-12-04,Sí
CLI-004837,CTR-004837,58,Barcelona,57,77.88,Web,Estándar,3765.96,1,7,2021-12-20,No
CLI-005442,CTR-005442,50,Madrid,83,75.96,Teléfono,Estándar,2036.27,2,,2019-10-02,No
CLI-008014,CTR-008014,60,Valencia,12,46.52,Web,Estándar,2885.03,0,5,2025-09-19,No
CLI-001300,CTR-001300,59,Alicante,48,91.76,Tienda,Básico,2799.77,2,8,2022-09-08,No
CLI-004673,CTR-004673,51,Alicante,24,104.42,Tienda,Básico,993.13,2,6,2024-09-03,Sí
CLI-001865,CTR-001865,45,Barcelona,27,50.35,Tienda,Básico,1496.52,4,7,2024-06-10,Sí
CLI-006390,CTR-006390,58,Barcelona,10,33.69,Tienda,Estándar,750,3,6,2025-11-10,No
CLI-008426,CTR-008426,18,Madrid,16,67.55,Web,Básico,2623.62,2,5,2025-05-05,Sí
CLI-000763,CTR-000763,37,Málaga,9,13.14,Tienda,Premium,2863.13,8,,2025-12-24,Sí
CLI-005500,CTR-005500,45,Madrid,19,77.95,Web,Premium,750,1,7,2025-02-19,No
CLI-006147,CTR-006147,40,Sevilla,9,34.41,Teléfono,Estándar,1994.85,3,4,2025-12-19,Sí
CLI-005036,CTR-005036,47,Alicante,36,62.88,Aplicación,Premium,,3,9,2023-09-12,No
CLI-006223,CTR-006223,32,Barcelona,18,55.11,Tienda,Básico,1678.93,5,6,2025-03-24,Sí
CLI-008892,CTR-008892,49,Sevilla,14,42.03,Teléfono,Básico,,4,8,2025-07-14,Sí
CLI-001939,CTR-001939,44,Sevilla,48,71.01,Aplicación,Premium,2652.77,4,4,2022-09-04,Sí
CLI-000789,CTR-000789,41,Valencia,89,34.57,Web,Estándar,1538.84,4,10,2019-04-18,No
CLI-005174,CTR-005174,41,Madrid,28,82.92,Web,Básico,3214.98,3,7,2024-05-22,No
CLI-009816,CTR-009816,31,Valencia,83,41.55,Web,Premium,2469.65,1,8,2019-10-13,No
CLI-008150,CTR-008150,52,Barcelona,21,33.93,Web,Premium,,1,,2024-12-22,No
CLI-000273,CTR-000273,39,Barcelona,40,63.17,Tienda,Básico,2550.69,1,5,2023-05-05,Sí
CLI-001579,CTR-001579,50,Valencia,21,78.5,Teléfono,Empresa,1885.16,1,,2024-12-10,No
CLI-003848,CTR-003848,30,Barcelona,30,53.08,,Básico,2759.68,4,7,2024-03-27,No
CLI-001389,CTR-001389,56,Alicante,63,9.9,Web,Estándar,2970.55,4,7,2021-06-16,No
CLI-002002,CTR-002002,43,Valencia,11,56,Tienda,Premium,,2,,2025-10-18,Sí
CLI-000524,CTR-000524,30,Madrid,7,35.21,Web,Estándar,2798.2,0,7,2026-02-08,No
CLI-001252,CTR-001252,82,Madrid,92,36.67,Tienda,Básico,,1,,2019-01-15,No
CLI-008996,CTR-008996,48,Murcia,88,72.61,Aplicación,Estándar,750,0,5,2019-05-14,No
CLI-005191,CTR-005191,55,Madrid,86,88.23,Web,Premium,2907.2,2,,2019-07-27,No
CLI-004049,CTR-004049,58,Murcia,76,65.85,Tienda,Estándar,3520.99,2,7,2020-05-20,No
CLI-007141,CTR-007141,42,Madrid,16,56.25,Web,Estándar,3290.54,9,7,2025-05-10,Sí
CLI-004817,CTR-004817,48,Málaga,80,107.67,Web,Estándar,,1,8,2020-01-28,No
CLI-001189,CTR-001189,48,Barcelona,40,53.52,Aplicación,Estándar,1642.01,0,8,2023-05-28,No
CLI-002840,CTR-002840,42,Murcia,45,39.47,Aplicación,Premium,2128.38,1,5,2022-12-13,No
CLI-003963,CTR-003963,57,Málaga,62,22.46,Teléfono,Premium,2307.49,3,,2021-07-19,No
CLI-005770,CTR-005770,38,Sevilla,92,54.16,Web,Estándar,,6,,2019-01-20,No
CLI-000912,CTR-000912,36,Sevilla,32,66.25,Web,Estándar,,1,,2024-01-28,No
CLI-006331,CTR-006331,34,Madrid,42,74.54,Aplicación,Empresa,2641.78,3,8,2023-03-20,No
CLI-000716,CTR-000716,27,Málaga,43,42.83,Web,Básico,,7,5,2023-02-27,Sí
CLI-003618,CTR-003618,67,Murcia,84,62.42,Aplicación,Premium,,6,,2019-09-06,No
CLI-004708,CTR-004708,42,Barcelona,54,85.79,Aplicación,Empresa,2827.26,2,,2022-03-16,No
CLI-000560,CTR-000560,52,Valencia,47,44.6,Tienda,Estándar,,7,5,2022-10-07,Sí
CLI-005242,CTR-005242,40,Madrid,17,36.08,Aplicación,Básico,3694.6,0,,2025-04-05,No
CLI-006368,CTR-006368,43,Barcelona,67,66.35,Web,Estándar,1906.04,3,8,2021-02-13,No
CLI-008320,CTR-008320,38,Madrid,26,67.97,Tienda,Estándar,1152.14,5,5,2024-07-26,Sí
CLI-005412,CTR-005412,47,Barcelona,35,44.32,,Estándar,1284.97,3,7,2023-10-15,Sí
CLI-006877,CTR-006877,34,Madrid,16,52.25,Web,Básico,2983.3,2,7,2025-05-11,No
CLI-001528,CTR-001528,38,Barcelona,40,92.93,Teléfono,Estándar,,3,2,2023-05-18,Sí
CLI-008838,CTR-008838,77,Madrid,20,82.33,Tienda,Premium,2844.97,1,,2025-01-13,No
CLI-001260,CTR-001260,27,Murcia,11,55.34,Tienda,Básico,2729.67,6,,2025-10-16,Sí
CLI-004575,CTR-004575,55,Barcelona,35,54.12,Web,Estándar,,4,7,2023-10-09,No
CLI-007528,CTR-007528,63,Valencia,87,91.51,Teléfono,Estándar,826.54,0,8,2019-06-19,No
CLI-006716,CTR-006716,34,Valencia,42,77.44,Teléfono,Premium,2440.64,2,,2023-03-11,Sí
CLI-003557,CTR-003557,36,Madrid,42,18.74,Aplicación,Empresa,2980.74,2,5,2023-03-25,No
CLI-008288,CTR-008288,34,Barcelona,2,82.01,Teléfono,Premium,,3,4,2026-07-23,Sí
CLI-006477,CTR-006477,53,Madrid,37,97.91,Tienda,Premium,2673.22,2,6,2023-08-23,Sí
CLI-005485,CTR-005485,39,Madrid,36,63.39,Tienda,Estándar,2781.67,5,5,2023-09-28,Sí
CLI-005658,CTR-005658,42,Alicante,76,64.68,Web,Básico,2965.27,2,,2020-05-09,No
CLI-001231,CTR-001231,33,Murcia,27,80.52,Aplicación,Empresa,1576.11,2,8,2024-06-25,Sí
CLI-003822,CTR-003822,54,Madrid,86,53.39,Web,Empresa,2356.39,0,,2019-07-04,No
CLI-005377,CTR-005377,18,Barcelona,31,66.41,Web,Estándar,3698,5,,2024-02-07,No
CLI-004496,CTR-004496,27,Madrid,25,53.51,Aplicación,Premium,3010.82,1,,2024-08-05,No
CLI-000671,CTR-000671,60,Alicante,32,72.13,Teléfono,Básico,1848.23,2,6,2024-01-22,No
CLI-000463,CTR-000463,37,Madrid,19,104.63,Teléfono,Premium,,3,,2025-02-10,No
CLI-008080,CTR-008080,40,Barcelona,91,30.49,Aplicación,Premium,2599.25,5,10,2019-02-20,No
CLI-001612,CTR-001612,31,Valencia,64,40.35,Aplicación,Estándar,2231.56,4,,2021-05-23,No
CLI-000148,CTR-000148,32,Barcelona,56,61.44,Web,Premium,2315.11,5,7,2022-01-22,No
CLI-000516,CTR-000516,50,Murcia,15,59.77,Web,Estándar,1228.77,7,6,2025-06-14,Sí
CLI-004213,CTR-004213,41,Barcelona,13,94.43,Web,Básico,,3,10,2025-08-09,No
CLI-007597,CTR-007597,18,Barcelona,9,76.73,WEB,Empresa,,3,4,2025-12-21,Sí
CLI-008506,CTR-008506,31,Murcia,64,75.42,Aplicación,Básico,2763.78,2,5,2021-05-26,No
CLI-003905,CTR-003905,56,Valencia,29,74.33,Aplicación,Empresa,2441.4,2,,2024-04-18,No
CLI-004013,CTR-004013,45,Valencia,92,27.15,Tienda,Estándar,1860.69,4,5,2019-01-13,No
CLI-003377,CTR-003377,49,Valencia,61,48.91,Web,Premium,3320.59,1,6,2021-08-05,No
CLI-003350,CTR-003350,18,Murcia,11,64.1,Tienda,Premium,,1,7,2025-10-09,No
CLI-000300,CTR-000300,46,Barcelona,30,9.9,Web,Estándar,2473.72,2,5,2024-03-11,No
CLI-001107,CTR-001107,23,Madrid,70,84.29,Web,Estándar,,4,8,2020-11-26,No
CLI-000182,CTR-000182,51,Barcelona,78,81.66,,Estándar,2046.82,1,6,2020-03-10,No
CLI-004380,CTR-004380,22,Madrid,32,96.16,Aplicación,Premium,1464.03,5,5,2024-01-25,Sí
CLI-006191,CTR-006191,38,Alicante,42,41.55,Tienda,Estándar,2919.45,3,4,2023-03-10,Sí
CLI-006398,CTR-006398,60,Madrid,61,33.39,Aplicación,Estándar,1816.25,0,5,2021-08-01,No
CLI-000594,CTR-000594,49,Barcelona,37,81.98,Tienda,Premium,,5,7,2023-08-02,Sí
CLI-002902,CTR-002902,50,Málaga,-10,81.78,Teléfono,Estándar,2135.75,2,7,2025-12-18,No
CLI-009412,CTR-009412,50,Murcia,37,36.74,Teléfono,Premium,3205.76,1,10,2023-08-27,No
CLI-000165,CTR-000165,27,Madrid,93,65.25,Tienda,Básico,3548.41,2,,2018-12-22,No
CLI-008725,CTR-008725,40,Madrid,18,122.06,WEB,Premium,2404.7,6,,2025-03-26,Sí
CLI-009264,CTR-009264,56,Valencia,31,63.44,Teléfono,Básico,3433.81,0,8,2024-02-20,No
CLI-005469,CTR-005469,40,Madrid,77,44.9,Web,Básico,2904.03,0,,2020-04-27,No
CLI-004051,CTR-004051,37,Zaragoza,15,88.28,Tienda,Premium,2112.55,2,5,2025-06-14,No
CLI-006295,CTR-006295,28,Barcelona,37,33.59,Aplicación,Estándar,1851.37,4,10,2023-08-07,No
CLI-000286,CTR-000286,66,Murcia,65,51.76,Tienda,Premium,,0,9,2021-04-10,No
CLI-008463,CTR-008463,24,Madrid,65,29.33,Web,Empresa,3982.33,4,7,2021-04-08,No
CLI-005814,CTR-005814,43,Barcelona,82,48.01,Web,Estándar,,0,7,2019-11-26,No
CLI-001766,CTR-001766,33,Madrid,77,27.46,Web,Estándar,1762.5,0,7,2020-04-14,No
CLI-002304,CTR-002304,52,Madrid,83,50.16,Aplicación,Estándar,3801.9,1,9,2019-10-03,No
CLI-000150,CTR-000150,45,Málaga,80,78.33,Web,Premium,3510.37,0,8,2020-01-18,No
CLI-006297,CTR-006297,41,Madrid,9,60.75,Tienda,Estándar,4067.14,0,6,2025-12-02,No
CLI-008125,CTR-008125,51,Málaga,81,72.44,Tienda,Estándar,1127.63,2,10,2019-12-18,No
CLI-003927,CTR-003927,18,Madrid,38,56.54,Aplicación,Estándar,2393.63,4,6,2023-07-24,Sí
CLI-003188,CTR-003188,55,Sevilla,36,41.61,Teléfono,Estándar,3638.67,1,8,2023-09-19,No
CLI-007882,CTR-007882,34,Madrid,44,66.77,Teléfono,Estándar,2756.1,4,,2023-01-27,Sí
CLI-006732,CTR-006732,40,Murcia,8,67.58,Tienda,Básico,1309.12,2,6,2026-01-20,No
CLI-009178,CTR-009178,26,Málaga,2,89.57,Teléfono,Estándar,3509.25,6,6,2026-07-07,Sí
CLI-009735,CTR-009735,43,Alicante,63,61.8,Tienda,Básico,2691.89,1,10,2021-06-07,No
CLI-003392,CTR-003392,18,Málaga,31,57.67,Web,Premium,2725.67,6,4,2024-02-23,Sí
CLI-000287,CTR-000287,24,Murcia,42,25.32,Tienda,Estándar,1985.7,2,,2023-03-21,No
CLI-003809,CTR-003809,49,Valencia,77,26.36,Teléfono,Premium,2072.34,1,,2020-04-04,No
CLI-004568,CTR-004568,45,Valencia,72,76.73,Teléfono,Estándar,1960.57,2,6,2020-09-14,No
CLI-001379,CTR-001379,32,Barcelona,38,63.78,Teléfono,Básico,2552.95,3,7,2023-07-11,No
CLI-007716,CTR-007716,56,Alicante,25,60.83,Web,Básico,2926.49,0,9,2024-08-22,No
CLI-008544,CTR-008544,35,Sevilla,9,90.23,Tienda,Premium,2091.18,4,6,2025-12-22,Sí
CLI-005232,CTR-005232,37,Valencia,23,62.66,Aplicación,Empresa,,3,,2024-10-14,No
CLI-009207,CTR-009207,40,Madrid,21,108.3,Tienda,Básico,2072.4,4,5,2024-12-22,Sí
CLI-009417,CTR-009417,34,Zaragoza,44,89.42,Web,Estándar,2252.96,4,,2023-01-28,Sí
CLI-000095,CTR-009945,35,Madrid,23,73.88,Tienda,Básico,,3,3,2024-10-18,Sí
CLI-006952,CTR-006952,50,Madrid,6,71.91,Web,Estándar,2056.72,1,,2026-03-08,Sí
CLI-007434,CTR-007434,43,Barcelona,90,59.7,Web,Premium,,3,6,2019-03-11,No
CLI-004767,CTR-004767,28,Madrid,10,51.16,Tienda,Básico,1929.31,2,6,2025-11-05,No
CLI-006361,CTR-006361,43,Madrid,1,77.33,Web,Estándar,1705.76,3,5,2026-08-07,Sí
CLI-006962,CTR-006962,46,Murcia,41,58.15,Aplicación,Premium,3697.21,2,,2023-04-16,No
CLI-007091,CTR-007091,18,Madrid,24,35.2,Tienda,Básico,,4,,2024-09-25,Sí
CLI-007717,CTR-007717,35,Barcelona,42,92.15,Aplicación,Premium,1406.04,8,,2023-03-08,Sí
CLI-005535,CTR-005535,23,Murcia,23,26.52,Teléfono,Empresa,3787.44,1,,2024-10-06,No
CLI-001694,CTR-001694,41,Madrid,26,102.94,Web,Estándar,,4,,2024-07-20,Sí
CLI-002846,CTR-002846,42,Barcelona,18,80.19,Tienda,Estándar,1683.95,3,5,2025-03-11,Sí
CLI-003224,CTR-003224,23,Alicante,69,52.35,Web,Básico,3321.5,4,7,2020-12-11,No
CLI-008219,CTR-008219,53,Madrid,21,63.17,Teléfono,Premium,1256.36,3,5,2024-12-07,Sí
CLI-006710,CTR-006710,30,Zaragoza,67,84.26,Web,Estándar,3183.33,0,5,2021-02-13,No
CLI-000027,CTR-009877,54,Sevilla,44,78.53,Web,Estándar,2672.84,6,3,2023-01-05,Sí
CLI-005068,CTR-005068,47,Barcelona,37,54.46,Teléfono,Empresa,2472.31,1,4,2023-08-06,No
CLI-003405,CTR-003405,47,Málaga,19,48.15,Tienda,Premium,,3,7,2025-02-01,No
CLI-003230,CTR-003230,23,Málaga,50,9.9,Aplicación,Básico,2666.93,0,5,2022-07-11,No
CLI-005578,CTR-005578,58,Barcelona,87,43.33,Tienda,Estándar,2388.26,0,7,2019-06-27,No
CLI-001197,CTR-001197,49,Málaga,93,59.54,Web,Premium,2178.81,2,,2018-12-13,No
CLI-007768,CTR-007768,32,Madrid,8,26.03,Teléfono,Estándar,2128.13,5,6,2026-01-18,Sí
CLI-007793,CTR-007793,35,Madrid,49,16.63,Web,Estándar,3591.98,3,6,2022-08-10,No
CLI-003598,CTR-003598,19,Barcelona,35,37.49,Aplicación,Estándar,3184.15,0,,2023-10-06,No
CLI-001887,CTR-001887,28,Madrid,40,39.56,Tienda,Estándar,2683.6,4,5,2023-05-08,Sí
CLI-003267,CTR-003267,50,Málaga,18,68.63,Teléfono,Premium,,3,4,2025-03-04,Sí
CLI-002241,CTR-002241,39,Valencia,45,77.34,Web,Premium,1114.69,4,7,2022-12-07,Sí
CLI-006079,CTR-006079,42,Barcelona,17,28.04,Teléfono,Básico,1158.7,4,8,2025-04-06,No
CLI-005611,CTR-005611,48,Alicante,47,93.2,Web,Premium,3368.68,4,5,2022-10-12,No
CLI-000867,CTR-000867,34,Málaga,12,75.93,Tienda,Premium,3071.93,3,3,2025-09-01,Sí
CLI-000395,CTR-000395,26,Valencia,44,71.72,Tienda,Básico,1083.14,4,,2023-01-28,Sí
CLI-005429,CTR-005429,62,Madrid,46,82.09,Teléfono,Estándar,2074.86,0,9,2022-11-20,No
CLI-003274,CTR-003274,25,Alicante,11,45.44,Teléfono,Premium,2639.25,1,6,2025-10-10,Sí
CLI-006325,CTR-006325,41,Málaga,12,87.62,Web,Empresa,3864.65,0,6,2025-09-26,No
CLI-006623,CTR-006623,47,Valencia,19,70.18,Tienda,Estándar,1928.63,8,,2025-02-23,Sí
CLI-000817,CTR-000817,42,Sevilla,69,40.39,Tienda,Empresa,,1,6,2020-12-22,No
CLI-006266,CTR-006266,35,Madrid,58,39.06,Aplicación,Premium,,1,7,2021-11-16,No
CLI-007068,CTR-007068,81,Valencia,79,65.9,Web,Empresa,4308.73,0,,2020-02-03,No
CLI-001363,CTR-001363,31,Zaragoza,60,66.88,Aplicación,Estándar,,3,7,2021-09-24,No
CLI-003667,CTR-003667,65,Barcelona,80,87.64,Aplicación,Premium,1533.72,3,6,2020-01-22,No
CLI-007756,CTR-007756,55,Valencia,75,36.81,Web,Estándar,1779.88,1,7,2020-06-16,No
CLI-004006,CTR-004006,47,Barcelona,9,47.48,Web,Premium,1069.04,3,5,2025-12-20,Sí
CLI-004552,CTR-004552,38,Sevilla,33,63.32,Tienda,Estándar,1999.53,3,7,2023-12-16,Sí
CLI-007522,CTR-007522,42,Murcia,58,77.07,Tienda,Premium,,4,8,2021-11-06,No
CLI-006506,CTR-006506,25,Madrid,23,100.59,Aplicación,Básico,,2,6,2024-10-10,No
CLI-004390,CTR-004390,59,Sevilla,72,43.79,web,Básico,,3,6,2020-09-08,No
CLI-000222,CTR-000222,35,Barcelona,83,74.7,web,Básico,2677.97,4,,2019-10-27,No
CLI-004164,CTR-004164,20,Madrid,16,46.44,Aplicación,Premium,,4,,2025-05-26,Sí
CLI-006960,CTR-006960,43,Murcia,83,31.6,web,Estándar,3303.6,0,8,2019-10-28,No
CLI-005586,CTR-005586,50,Madrid,21,65.14,Tienda,Básico,1971.17,2,8,2024-12-22,No
CLI-006580,CTR-006580,44,Madrid,74,18.88,Web,Estándar,2665.34,0,,2020-07-09,No
CLI-000688,CTR-000688,49,Alicante,87,56.81,Web,Estándar,3470.91,0,8,2019-06-14,No
CLI-005920,CTR-005920,55,Madrid,82,68.82,Tienda,Premium,,4,7,2019-11-07,No
CLI-009527,CTR-009527,36,Barcelona,36,82.12,Web,Estándar,,3,8,2023-09-22,No
CLI-008602,CTR-008602,43,Barcelona,41,64.27,Tienda,Premium,4120.32,2,,2023-04-05,No
CLI-000486,CTR-000486,30,Barcelona,33,73.41,Web,Básico,1792.4,1,6,2023-12-20,Sí
CLI-000537,CTR-000537,48,Madrid,85,47.59,Teléfono,Básico,2390.36,0,6,2019-08-05,No
CLI-003272,CTR-003272,40,Barcelona,56,77.54,WEB,Empresa,2048.76,3,9,2022-01-12,No
CLI-008235,CTR-008235,34,Madrid,10,89.4,WEB,Estándar,3386.3,3,8,2025-11-02,No
CLI-006765,CTR-006765,26,Barcelona,1,54.23,Tienda,Estándar,2042.6,3,4,2026-08-15,Sí
CLI-002470,CTR-002470,54,Zaragoza,57,42.68,Tienda,Estándar,3173.45,6,8,2021-12-04,No
CLI-000028,CTR-000028,26,Barcelona,39,66.11,Web,Estándar,994.38,6,4,2023-06-07,Sí
CLI-007588,CTR-007588,31,Málaga,40,81.38,Teléfono,Premium,1267.51,2,7,2023-05-04,No
CLI-005123,CTR-005123,22,Zaragoza,36,73.74,Web,Básico,,0,9,2023-09-17,No
CLI-007759,CTR-007759,34,Barcelona,67,22,Teléfono,Básico,2605.13,0,7,2021-02-02,No
CLI-007673,CTR-007673,18,Murcia,26,57.69,Web,Básico,,2,,2024-07-19,Sí
CLI-002359,CTR-002359,43,Zaragoza,38,80.77,Web,Premium,2412.59,5,7,2023-07-16,Sí
CLI-003345,CTR-003345,54,Murcia,54,56.76,Teléfono,Básico,,0,6,2022-03-10,No
CLI-003296,CTR-003296,34,Murcia,1,48.03,Aplicación,Premium,,2,,2026-08-07,Sí
CLI-005731,CTR-005731,36,Málaga,12,75.14,Aplicación,Básico,2650.75,5,5,2025-09-18,Sí
CLI-000092,CTR-009942,32,Valencia,96,73.88,Web,Básico,,1,10,2018-09-25,No
CLI-004431,CTR-004431,30,Barcelona,37,82.39,Teléfono,Estándar,3067.3,3,3,2023-08-20,Sí
CLI-006989,CTR-006989,34,Zaragoza,9,69.01,Web,Básico,868.92,6,3,2025-12-21,Sí
CLI-006347,CTR-006347,41,Madrid,13,91.1,Web,Estándar,1663.94,1,9,2025-08-02,No
CLI-002140,CTR-002140,47,Barcelona,9,97.14,Web,Básico,1657.57,2,7,2025-12-10,No
CLI-002786,CTR-002786,57,Sevilla,36,64.32,Web,Estándar,3569.71,1,7,2023-09-03,No
CLI-007723,CTR-007723,34,Barcelona,48,67.21,Aplicación,Premium,2718.32,0,7,2022-09-05,No
CLI-002839,CTR-002839,50,Madrid,28,81.46,Teléfono,Premium,2072.04,5,,2024-05-08,No
CLI-009034,CTR-009034,34,Madrid,12,73.16,Web,Básico,,6,7,2025-09-21,Sí
CLI-003926,CTR-003926,40,Zaragoza,5,57,web,Premium,2030.94,3,8,2026-04-24,Sí
CLI-003409,CTR-003409,44,Alicante,19,53.72,Web,Estándar,1543.42,2,8,2025-02-14,No
CLI-000872,CTR-000872,69,Zaragoza,93,72.5,Tienda,Premium,750,0,7,2018-12-06,No
CLI-004978,CTR-004978,43,Valencia,96,39.48,Web,Estándar,4909.75,2,9,2018-09-06,No
CLI-004759,CTR-004759,56,Madrid,89,84.95,Web,Estándar,3772.55,1,7,2019-04-14,No
CLI-007250,CTR-007250,33,Valencia,66,71.3,Teléfono,Estándar,4201.51,3,,2021-03-17,No
CLI-000885,CTR-000885,41,Alicante,18,71.22,Web,Premium,2687.52,4,,2025-03-28,Sí
CLI-001637,CTR-001637,52,Zaragoza,30,96.27,Aplicación,Estándar,2358.07,1,,2024-03-24,No
CLI-006834,CTR-006834,58,Murcia,58,91.95,Tienda,Básico,,2,,2021-11-24,No
CLI-003452,CTR-003452,53,Madrid,41,74.46,Tienda,Estándar,2112.72,3,7,2023-04-01,No
CLI-007353,CTR-007353,48,Murcia,26,43.17,Teléfono,Estándar,2401.13,4,5,2024-07-24,No
CLI-000040,CTR-009890,43,Madrid,44,76.91,Tienda,Básico,2094.07,6,,2023-01-05,Sí
CLI-000309,CTR-000309,34,Murcia,35,57.48,Web,Estándar,3072.91,1,9,2023-10-23,No
CLI-003844,CTR-003844,42,Madrid,44,54.5,Web,Básico,2697.71,4,,2023-01-01,Sí
CLI-008366,CTR-008366,45,Madrid,88,44.16,Web,Estándar,2972.26,4,8,2019-05-26,No
CLI-000312,CTR-000312,29,Barcelona,31,70.06,Web,Premium,3423.49,4,,2024-02-23,Sí
CLI-007593,CTR-007593,18,Zaragoza,11,94.45,Teléfono,Estándar,2688.38,4,5,2025-10-25,No
CLI-009095,CTR-009095,33,Alicante,60,77.71,Teléfono,Básico,3197.33,1,9,2021-09-07,No
CLI-004147,CTR-004147,36,Madrid,54,90.67,Tienda,Básico,2746.89,1,,2022-03-15,No
CLI-005507,CTR-005507,51,Valencia,92,83.36,Web,Estándar,,5,8,2019-01-11,No
CLI-004032,CTR-004032,48,Alicante,46,69.63,Teléfono,Empresa,3797.16,4,,2022-11-26,No
CLI-003280,CTR-003280,29,Valencia,16,43.08,Tienda,Premium,3192.14,4,8,2025-05-03,No
CLI-009082,CTR-009082,39,Sevilla,36,86.46,Teléfono,Básico,1803.48,0,7,2023-09-17,Sí
CLI-003271,CTR-003271,29,Madrid,14,77.71,WEB,Premium,789.2,4,7,2025-07-13,Sí
CLI-006285,CTR-006285,41,Valencia,14,86.6,Web,Estándar,,8,7,2025-07-26,Sí
CLI-005620,CTR-005620,48,Zaragoza,62,70.02,Tienda,Básico,1950.2,3,,2021-07-13,No
CLI-002383,CTR-002383,45,Alicante,88,51.9,WEB,Premium,2644.34,3,,2019-05-27,No
CLI-006553,CTR-006553,45,Alicante,59,38.69,Tienda,Básico,,1,7,2021-10-08,No
CLI-005203,CTR-005203,33,Valencia,45,67.88,Aplicación,Estándar,2317.35,4,5,2022-12-15,Sí
CLI-009715,CTR-009715,59,Madrid,62,32.84,Teléfono,Premium,,0,,2021-07-24,No
CLI-001789,CTR-001789,46,Zaragoza,34,49.26,Teléfono,Estándar,1547.96,1,8,2023-11-27,No
CLI-007244,CTR-007244,23,Madrid,41,99.64,Tienda,Premium,1258.77,6,5,2023-04-09,Sí
CLI-001356,CTR-001356,49,Madrid,12,77.64,Teléfono,Estándar,,4,,2025-09-07,Sí
CLI-006322,CTR-006322,50,Sevilla,37,94.18,Web,Básico,750,4,,2023-08-07,No
CLI-008847,CTR-008847,42,Valencia,11,57.62,Web,Empresa,,0,,2025-10-25,No
CLI-003115,CTR-003115,24,Murcia,66,71.67,Web,Estándar,1865.66,1,8,2021-03-19,No
CLI-005843,CTR-005843,44,Málaga,38,80.67,WEB,Básico,2412.25,5,4,2023-07-15,Sí
CLI-007249,CTR-007249,35,Madrid,89,81.25,Teléfono,Premium,,4,,2019-04-12,No
CLI-006935,CTR-006935,36,Alicante,16,64.25,Teléfono,Premium,2747.97,4,,2025-05-25,No
CLI-004534,CTR-004534,34,Madrid,17,45.57,Tienda,Estándar,1834.68,1,7,2025-04-03,No
CLI-005818,CTR-005818,33,Zaragoza,49,38.67,Tienda,Estándar,2341.72,6,6,2022-08-11,No
CLI-006489,CTR-006489,37,Alicante,66,63.29,Web,Premium,1259.28,0,8,2021-03-10,No
CLI-004854,CTR-004854,50,Barcelona,37,79.78,Tienda,Estándar,3267.98,4,7,2023-08-05,No
CLI-000525,CTR-000525,33,Madrid,39,33,Web,Estándar,2139.28,1,5,2023-06-05,No
CLI-004292,CTR-004292,35,Barcelona,16,68.71,Tienda,Básico,,3,,2025-05-23,Sí
CLI-002347,CTR-002347,44,Barcelona,76,54.88,Aplicación,Básico,3544.64,2,8,2020-05-14,No
CLI-008500,CTR-008500,46,Barcelona,43,51.51,Tienda,Premium,2164.03,7,7,2023-02-02,Sí
CLI-001485,CTR-001485,33,Alicante,88,54.43,Tienda,Básico,3409.93,0,9,2019-05-10,No
CLI-006351,CTR-006351,25,Madrid,60,37.21,Tienda,Estándar,2462.48,4,6,2021-09-17,No
CLI-002899,CTR-002899,46,Valencia,34,58.44,Teléfono,Empresa,2153.43,1,,2023-11-20,No
CLI-006170,CTR-006170,21,Barcelona,44,58.53,Web,Estándar,,7,,2023-01-02,Sí
CLI-007188,CTR-007188,45,Sevilla,54,56.41,Web,Empresa,2825.96,4,,2022-03-11,No
CLI-002271,CTR-002271,32,Alicante,40,60.2,Tienda,Premium,1854.71,0,7,2023-05-18,No
CLI-000527,CTR-000527,65,Zaragoza,30,24.83,Aplicación,Estándar,750,5,,2024-03-04,Sí
CLI-009231,CTR-009231,24,Madrid,35,61.32,Tienda,Estándar,2639.57,1,9,2023-10-17,No
CLI-007808,CTR-007808,53,Sevilla,47,35.73,Web,Empresa,,3,5,2022-10-25,Sí
CLI-000883,CTR-000883,54,Málaga,80,22.39,Web,Premium,3908.75,5,5,2020-01-24,No
CLI-001274,CTR-001274,34,Valencia,37,84.26,Teléfono,Básico,4416.15,4,5,2023-08-13,Sí
CLI-008192,CTR-008192,23,Barcelona,1,71.06,Aplicación,Básico,1858.87,5,3,2026-08-18,Sí
CLI-008918,CTR-008918,35,Madrid,28,65.18,Aplicación,Premium,3609.21,1,5,2024-05-26,Sí
CLI-000812,CTR-000812,38,Valencia,91,52.36,Aplicación,Básico,2630.12,6,,2019-02-28,No
CLI-007043,CTR-007043,19,Barcelona,44,36.91,Web,Básico,2965.48,2,4,2023-01-28,Sí
CLI-002689,CTR-002689,44,Valencia,53,54.51,Teléfono,Premium,1357.7,2,6,2022-04-04,No
CLI-006106,CTR-006106,45,Madrid,96,70.42,Tienda,Empresa,2294.59,4,7,2018-09-22,No
CLI-009812,CTR-009812,40,Zaragoza,41,61.39,,Empresa,3249.82,3,,2023-04-01,No
CLI-006315,CTR-006315,52,Sevilla,58,53.89,Teléfono,Premium,3574.79,2,,2021-11-19,No
CLI-007427,CTR-007427,42,Murcia,16,83.86,Web,Estándar,1501.76,3,,2025-05-09,No
CLI-008015,CTR-008015,53,Barcelona,14,42.96,Teléfono,Básico,,2,9,2025-07-14,No
CLI-009140,CTR-009140,40,Murcia,82,61,Teléfono,Premium,,1,8,2019-11-01,No
CLI-005918,CTR-005918,33,Sevilla,40,32.39,Teléfono,Premium,3951.15,4,,2023-05-05,No
CLI-005235,CTR-005235,36,Zaragoza,38,64.59,Web,Estándar,3114.56,3,7,2023-07-22,Sí
CLI-008797,CTR-008797,51,Sevilla,15,59.09,Tienda,Estándar,2980.06,0,,2025-06-27,No
CLI-001121,CTR-001121,50,Madrid,11,45.63,Aplicación,Premium,3576.39,4,,2025-10-03,No
CLI-006110,CTR-006110,26,Barcelona,30,32.92,Web,Estándar,,5,,2024-03-09,Sí
CLI-002141,CTR-002141,31,Sevilla,89,64.01,Tienda,Básico,4472.1,4,8,2019-04-16,No
CLI-003461,CTR-003461,35,Madrid,27,22.65,Teléfono,Estándar,3033.94,3,6,2024-06-17,No
CLI-003142,CTR-003142,34,Barcelona,2,65.57,Tienda,Estándar,2061.18,3,,2026-07-02,Sí
CLI-003799,CTR-003799,29,Murcia,96,63.56,Aplicación,Estándar,3328.39,6,10,2018-09-15,No
CLI-006532,CTR-006532,43,Valencia,14,78.47,Web,Premium,3609.5,3,5,2025-07-27,Sí
CLI-009598,CTR-009598,53,Barcelona,64,56.51,Tienda,Premium,2769.62,2,5,2021-05-10,No
CLI-009394,CTR-009394,33,Sevilla,69,74.77,Web,Estándar,3075.79,1,8,2020-12-15,No
CLI-007496,CTR-007496,52,Murcia,89,26.15,Web,Básico,1378.06,4,,2019-04-10,No
CLI-008187,CTR-008187,75,Barcelona,74,44.25,Tienda,Estándar,3465.84,0,10,2020-07-27,No
CLI-008121,CTR-008121,66,Zaragoza,15,75.54,Teléfono,Estándar,2112.76,5,4,2025-06-15,Sí
CLI-007824,CTR-007824,27,Valencia,7,83.78,Aplicación,Premium,750,5,3,2026-02-07,Sí
CLI-000530,CTR-000530,53,Zaragoza,74,56.03,Web,Básico,2126.47,3,6,2020-07-25,No
CLI-003924,CTR-003924,38,Madrid,13,-38.71,Web,Estándar,2563.01,1,10,2025-08-04,No
CLI-003856,CTR-003856,44,Zaragoza,48,247.8,Web,Estándar,9881.91,4,,2022-09-27,No
CLI-008119,CTR-008119,25,Sevilla,43,65.9,Aplicación,Básico,4152.52,0,5,2023-02-04,Sí
CLI-001472,CTR-001472,35,Barcelona,77,61.45,Web,Estándar,2300.88,0,,2020-04-06,No
CLI-003092,CTR-003092,43,Valencia,12,53.47,Aplicación,Estándar,2199.83,2,,2025-09-21,No
CLI-001279,CTR-001279,49,Valencia,49,70.4,,Estándar,3545.63,6,,2022-08-22,No
CLI-006074,CTR-006074,41,Madrid,28,84.74,Web,Estándar,2656.48,7,,2024-05-23,Sí
CLI-002955,CTR-002955,58,Barcelona,9,17.8,Tienda,Estándar,2773.28,3,9,2025-12-06,No
CLI-003688,CTR-003688,56,Valencia,75,68.78,Aplicación,Estándar,,1,8,2020-06-19,No
CLI-007545,CTR-007545,25,Murcia,43,44.88,WEB,Premium,,5,5,2023-02-05,No
CLI-005426,CTR-005426,27,Valencia,51,55.68,Tienda,Estándar,1864.18,3,,2022-06-18,No
CLI-008427,CTR-008427,46,Madrid,35,81.48,Teléfono,Básico,3166.13,2,6,2023-10-18,No
CLI-005858,CTR-005858,23,Alicante,50,66.33,WEB,Estándar,1641.21,2,10,2022-07-18,No
CLI-000099,CTR-000099,30,Madrid,30,71.99,Tienda,Básico,2842.53,3,,2024-03-12,Sí
CLI-009330,CTR-009330,61,Barcelona,69,39.49,WEB,Estándar,2919.98,1,9,2020-12-06,No
CLI-006343,CTR-006343,18,Alicante,8,64.75,Tienda,Estándar,2207.96,1,,2026-01-23,No
CLI-007532,CTR-007532,29,Madrid,79,44.93,Web,Estándar,2233.18,3,7,2020-02-27,No
CLI-006173,CTR-006173,37,Madrid,37,54.21,Tienda,Básico,3128.05,4,,2023-08-20,No
CLI-003057,CTR-003057,63,Valencia,20,82.26,Web,Premium,2281.27,4,8,2025-01-24,No
CLI-005072,CTR-005072,31,Alicante,86,64.81,Teléfono,Básico,2808.76,3,7,2019-07-28,No
CLI-001763,CTR-001763,22,Murcia,8,75.42,Tienda,Premium,3404.01,3,,2026-01-01,Sí
CLI-001888,CTR-001888,44,Alicante,38,62.05,Tienda,Estándar,2045.74,0,,2023-07-19,No
CLI-005360,CTR-005360,26,Murcia,25,45.89,Teléfono,Estándar,1941.98,5,3,2024-08-18,Sí
CLI-006492,CTR-006492,36,Murcia,9,57.94,Web,Básico,3142.66,6,4,2025-12-01,Sí
CLI-008865,CTR-008865,51,Barcelona,48,53.88,Web,Básico,1166.41,3,,2022-09-11,Sí
CLI-008224,CTR-008224,38,Valencia,50,16.22,Web,Premium,3707.41,2,,2022-07-18,No
CLI-002268,CTR-002268,48,Alicante,6,59.44,Aplicación,Premium,1553.58,0,8,2026-03-21,No
CLI-003385,CTR-003385,57,Valencia,38,79.88,Tienda,Estándar,,3,,2023-07-07,Sí
CLI-005088,CTR-005088,51,Madrid,57,59.29,Aplicación,Estándar,1998.95,4,,2021-12-23,No
CLI-002947,CTR-002947,56,Barcelona,13,46.14,Web,Premium,3382.96,2,10,2025-08-25,No
CLI-009323,CTR-009323,31,Zaragoza,7,113.59,Teléfono,Estándar,2953.55,5,,2026-02-28,Sí
CLI-002951,CTR-002951,27,Madrid,46,51,Web,Premium,2817.82,1,6,2022-11-12,No
CLI-005280,CTR-005280,41,Madrid,77,81.89,Tienda,Premium,3193.57,3,7,2020-04-17,No
CLI-006250,CTR-006250,33,Barcelona,70,43.72,Teléfono,Estándar,3096.73,1,,2020-11-17,No
CLI-006812,CTR-006812,42,Alicante,9,69.56,Tienda,Básico,,5,,2025-12-15,Sí
CLI-003858,CTR-003858,46,Madrid,66,9.9,Tienda,Empresa,,3,8,2021-03-18,No
CLI-007395,CTR-007395,20,Barcelona,26,50.89,Tienda,Estándar,2423.87,0,,2024-07-22,No
CLI-004681,CTR-004681,22,Valencia,42,77.02,Web,Empresa,750,3,3,2023-03-09,Sí
CLI-002338,CTR-002338,18,Sevilla,11,69.4,Tienda,Estándar,2586.13,5,6,2025-10-02,Sí
CLI-005184,CTR-005184,62,Valencia,33,62.89,Web,Premium,2534.44,3,4,2023-12-08,Sí
CLI-008734,CTR-008734,33,Madrid,45,78.78,Web,Premium,842.83,1,7,2022-12-12,No
CLI-001383,CTR-001383,37,Murcia,26,45.01,Tienda,Básico,3198.18,5,6,2024-07-15,No
CLI-005316,CTR-005316,43,Madrid,11,69.02,Web,Empresa,3545.48,2,,2025-10-14,No
CLI-002773,CTR-002773,39,Valencia,68,55.98,Web,Estándar,2534.16,0,6,2021-01-20,No
CLI-008309,CTR-008309,64,Madrid,90,68.4,Web,Básico,2136,0,8,2019-03-05,No
CLI-006269,CTR-006269,37,Alicante,38,51.86,Web,Estándar,2899.32,0,8,2023-07-13,No
CLI-006720,CTR-006720,30,Barcelona,39,28.87,Teléfono,Básico,,2,10,2023-06-12,No
CLI-007075,CTR-007075,50,Barcelona,75,43.3,Teléfono,Premium,2506.98,4,6,2020-06-26,No
CLI-005909,CTR-005909,37,Málaga,92,56.75,Tienda,Básico,1542.34,1,8,2019-01-19,No
CLI-009006,CTR-009006,56,Alicante,21,53.34,Web,Premium,2776.39,8,,2024-12-08,Sí
CLI-003940,CTR-003940,32,Barcelona,9,52.99,Tienda,Estándar,1752.96,0,,2025-12-14,No
CLI-008398,CTR-008398,50,Madrid,8,48.62,Web,Estándar,2387.45,3,,2026-01-23,No
CLI-001922,CTR-001922,20,Málaga,10,27.5,Teléfono,Básico,1633.8,2,,2025-11-11,No
CLI-006095,CTR-006095,61,Valencia,51,50.91,Web,Premium,1104.63,1,7,2022-06-13,No
CLI-001401,CTR-001401,46,Barcelona,73,13.02,Web,Premium,4351.78,0,4,2020-08-25,No
CLI-000417,CTR-000417,18,Barcelona,45,54.67,Aplicación,Premium,1641.8,2,,2022-12-11,No
CLI-004087,CTR-004087,38,Madrid,5,52.67,Web,Estándar,1690.22,5,3,2026-04-03,Sí
CLI-005398,CTR-005398,38,Málaga,90,53.03,Teléfono,Básico,2535.59,3,,2019-03-13,No
CLI-004597,CTR-004597,40,Valencia,10,76.86,Web,Premium,2511.65,2,,2025-11-22,Sí
CLI-005402,CTR-005402,34,Zaragoza,26,46.75,Web,Estándar,,1,4,2024-07-15,Sí
CLI-008668,CTR-008668,26,Madrid,19,40.9,Tienda,Premium,2347.46,3,4,2025-02-17,Sí
CLI-007059,CTR-007059,38,Murcia,44,77.57,Teléfono,Estándar,2606.37,7,9,2023-01-01,Sí
CLI-000403,CTR-000403,29,Alicante,10,44.98,Web,Básico,1957.06,4,5,2025-11-06,Sí
CLI-000208,CTR-000208,22,Sevilla,27,72.97,Tienda,Estándar,1191.75,3,,2024-06-11,Sí
CLI-000026,CTR-009876,33,Madrid,17,74.2,Teléfono,Básico,,4,,2025-04-08,Sí
CLI-002305,CTR-002305,56,Sevilla,18,70.85,Teléfono,Básico,2931.77,1,7,2025-03-12,No
CLI-001673,CTR-001673,24,Zaragoza,20,117.5,Tienda,Premium,,6,3,2025-01-09,Sí
CLI-003353,CTR-003353,41,Valencia,39,86.95,Teléfono,Estándar,2313.12,3,,2023-06-13,No
CLI-007705,CTR-007705,49,Madrid,47,86.69,Aplicación,Estándar,,0,,2022-10-16,No
CLI-007238,CTR-007238,34,Sevilla,16,33.71,Tienda,Básico,750,3,10,2025-05-10,No
CLI-004975,CTR-004975,53,Madrid,15,32.65,Tienda,Básico,2126.76,0,7,2025-06-11,No
CLI-000565,CTR-000565,48,Sevilla,9,69.97,Aplicación,Estándar,750,1,5,2025-12-27,Sí
CLI-007967,CTR-007967,51,Málaga,3,98.7,Web,Empresa,2054.82,5,7,2026-06-03,Sí
CLI-000432,CTR-000432,52,Alicante,73,70.73,Aplicación,Estándar,2295.63,4,,2020-08-28,No
CLI-000410,CTR-000410,53,Barcelona,66,26.69,Aplicación,Premium,1901.06,0,,2021-03-01,No
CLI-008185,CTR-008185,36,Murcia,96,44.13,web,Estándar,,0,5,2018-09-24,No
CLI-001461,CTR-001461,56,Barcelona,84,48.01,Web,Básico,2477.19,1,5,2019-09-26,No
CLI-000795,CTR-000795,37,Sevilla,36,38.36,Tienda,Premium,2927.75,1,8,2023-09-26,Sí
CLI-002418,CTR-002418,45,Valencia,4,86.82,Teléfono,Empresa,3400.75,6,3,2026-05-23,Sí
CLI-007584,CTR-007584,51,Barcelona,26,29.33,Web,Básico,2866.06,6,4,2024-07-13,Sí
CLI-000691,CTR-000691,18,Madrid,42,54.8,Web,Estándar,,4,6,2023-03-22,Sí
CLI-003410,CTR-003410,51,Zaragoza,34,39.08,Teléfono,Básico,1597.83,1,7,2023-11-27,Sí
CLI-009322,CTR-009322,58,Barcelona,93,103.49,Aplicación,Básico,1997.72,6,7,2018-12-11,No
CLI-002168,CTR-002168,51,Valencia,9,88,Aplicación,Estándar,3120.05,6,7,2025-12-28,Sí
CLI-003422,CTR-003422,66,Sevilla,45,57.07,Web,Básico,3111.35,2,,2022-12-16,No
CLI-000063,CTR-009913,47,Barcelona,31,36.22,Aplicación,Básico,2746.64,7,3,2024-02-03,Sí
CLI-005271,CTR-005271,49,Madrid,43,60.66,Web,Estándar,1242.79,4,6,2023-02-16,Sí
CLI-008928,CTR-008928,35,Barcelona,38,57.61,WEB,Estándar,1479.52,2,,2023-07-16,No
CLI-004105,CTR-004105,36,Barcelona,10,51.31,Tienda,Estándar,1141.82,5,,2025-11-27,Sí
CLI-007890,CTR-007890,34,Madrid,95,59.52,WEB,Estándar,750,3,9,2018-10-21,No
CLI-000980,CTR-000980,35,Sevilla,16,57.67,Teléfono,Básico,1907.31,3,,2025-05-17,No
CLI-001819,CTR-001819,56,Valencia,32,77.21,Tienda,Estándar,6655.68,2,,2024-01-17,No
CLI-004839,CTR-004839,52,Barcelona,6,58.4,Tienda,Empresa,2181.34,2,7,2026-03-17,No
CLI-004672,CTR-004672,55,Murcia,42,55.1,Web,Empresa,2671.26,1,5,2023-03-03,No
CLI-009777,CTR-009777,27,Madrid,42,67.82,Tienda,Premium,1795.15,3,,2023-03-17,No
CLI-009250,CTR-009250,29,Madrid,6,79.84,Web,Premium,3212.9,4,5,2026-03-20,Sí
CLI-008435,CTR-008435,42,Valencia,3,55.18,Web,Estándar,888.73,6,,2026-06-19,Sí
CLI-006541,CTR-006541,41,Sevilla,40,55.28,Tienda,Estándar,2220.04,4,6,2023-05-26,Sí
CLI-007711,CTR-007711,58,Sevilla,28,81.02,Tienda,Estándar,2799.49,0,6,2024-05-14,No
CLI-006939,CTR-006939,35,Málaga,32,62.09,Tienda,Básico,3671.22,5,6,2024-01-11,Sí
CLI-000059,CTR-009909,43,Madrid,96,71.06,WEB,Estándar,2604.21,0,7,2018-09-06,No
CLI-002128,CTR-002128,18,Barcelona,18,88.95,Tienda,Básico,1443.88,4,,2025-03-12,Sí
CLI-003966,CTR-003966,31,Madrid,22,68.38,Aplicación,Premium,,2,8,2024-11-21,Sí
CLI-007813,CTR-007813,38,Zaragoza,27,88.09,Tienda,Básico,1694.13,2,7,2024-06-13,No
CLI-006068,CTR-006068,53,Barcelona,77,60.7,Aplicación,Básico,2785.91,2,9,2020-04-04,No
CLI-003456,CTR-003456,50,Zaragoza,65,86.67,Tienda,Premium,,1,8,2021-04-12,No
CLI-008147,CTR-008147,42,Barcelona,74,169.16,Tienda,Estándar,,2,5,2020-07-21,No
CLI-006760,CTR-006760,30,Zaragoza,11,43.19,Teléfono,Básico,2862.47,2,10,2025-10-03,No
CLI-001058,CTR-001058,43,Valencia,41,33.46,Teléfono,Básico,1459.59,2,3,2023-04-01,Sí
CLI-008593,CTR-008593,39,Alicante,17,66.67,Tienda,Estándar,2668.68,6,8,2025-04-04,Sí
CLI-005214,CTR-005214,57,Madrid,46,63.33,Tienda,Básico,3231,4,7,2022-11-24,No
CLI-006270,CTR-006270,47,Madrid,45,40.2,Teléfono,Básico,1871.9,5,,2022-12-19,No
CLI-005790,CTR-005790,55,Madrid,13,76.71,Web,Estándar,2368.73,5,,2025-08-19,Sí
CLI-000225,CTR-000225,47,Alicante,20,65.66,Tienda,Premium,3311.62,3,,2025-01-28,No
CLI-003468,CTR-003468,58,Valencia,8,46.02,Web,Básico,1808.19,6,4,2026-01-26,Sí
CLI-008145,CTR-008145,49,Madrid,5,108.59,Aplicación,Estándar,2636.51,5,3,2026-04-08,Sí
CLI-000791,CTR-000791,39,Barcelona,77,68.48,Tienda,Estándar,3003.2,7,,2020-04-08,No
CLI-006702,CTR-006702,52,Sevilla,47,78.88,Web,Premium,3477.06,1,,2022-10-10,No
CLI-006199,CTR-006199,54,Madrid,13,67.85,Web,Estándar,3651.75,0,10,2025-08-18,No
CLI-003990,CTR-003990,40,Madrid,3,78.55,Teléfono,Básico,,3,,2026-06-24,Sí
CLI-008115,CTR-008115,42,Barcelona,57,44.02,Tienda,Estándar,3292,4,,2021-12-02,No
CLI-003489,CTR-003489,44,Valencia,96,56.23,Teléfono,Empresa,3695.64,0,,2018-09-04,No
CLI-004283,CTR-004283,65,Valencia,29,67.24,Teléfono,Estándar,,2,,2024-04-20,No
CLI-007783,CTR-007783,57,Barcelona,12,91.82,Web,Estándar,1505.71,0,4,2025-09-22,Sí
CLI-005635,CTR-005635,61,Barcelona,62,54.01,Aplicación,Básico,3132.46,0,,2021-07-02,No
CLI-008977,CTR-008977,35,Barcelona,6,44.39,Tienda,Estándar,2900.18,4,6,2026-03-02,Sí
CLI-001095,CTR-001095,21,Alicante,19,38.9,Web,Empresa,4030.02,4,7,2025-02-02,Sí
CLI-002099,CTR-002099,32,Madrid,44,15.72,Tienda,Estándar,4122.12,0,,2023-01-22,No
CLI-005609,CTR-005609,31,Valencia,37,52.73,Web,Premium,1294.99,4,3,2023-08-12,Sí
CLI-007067,CTR-007067,21,Madrid,1,54.77,Aplicación,Premium,1040.3,5,5,2026-08-07,Sí
CLI-007733,CTR-007733,38,Barcelona,13,79.05,Web,Estándar,2947.77,6,,2025-08-03,Sí
CLI-003692,CTR-003692,65,Madrid,84,50.12,Web,Premium,2387.92,0,8,2019-09-07,No
CLI-000155,CTR-000155,56,Valencia,90,68.01,Web,Premium,3696.8,2,,2019-03-22,No
CLI-005527,CTR-005527,58,Valencia,20,71.91,Teléfono,Premium,1722.2,2,7,2025-01-07,No
CLI-008621,CTR-008621,27,Zaragoza,25,35.49,Tienda,Básico,3029.63,5,5,2024-08-07,Sí
CLI-009813,CTR-009813,21,Sevilla,96,50.87,Tienda,Empresa,,2,6,2018-09-21,No
CLI-001065,CTR-001065,43,Barcelona,52,41.06,Teléfono,Estándar,,0,,2022-05-13,No
CLI-005177,CTR-005177,25,Málaga,18,62.14,Web,Empresa,1942.81,4,4,2025-03-17,Sí
CLI-001385,CTR-001385,41,Valencia,81,36.05,Tienda,Estándar,2833.11,4,7,2019-12-27,No
CLI-009594,CTR-009594,48,Barcelona,51,39.22,Aplicación,Estándar,3366.2,2,9,2022-06-01,No
CLI-007894,CTR-007894,25,Barcelona,45,61.3,Tienda,Empresa,2683.54,3,6,2022-12-26,Sí
CLI-007683,CTR-007683,37,Barcelona,32,54.11,Web,Básico,1142.49,4,7,2024-01-11,Sí
CLI-000240,CTR-000240,56,Madrid,33,63.39,Teléfono,Estándar,,1,8,2023-12-28,No
CLI-002217,CTR-002217,48,Málaga,43,86.06,Aplicación,Básico,,0,6,2023-02-11,No
CLI-007913,CTR-007913,36,Málaga,28,29.54,Web,Premium,2751.98,2,6,2024-05-26,Sí
CLI-004789,CTR-004789,18,Madrid,22,87.56,Web,Premium,3328.68,0,,2024-11-20,Sí
CLI-000144,CTR-000144,46,Málaga,87,52.43,Teléfono,Básico,2658.9,4,8,2019-06-01,No
CLI-006595,CTR-006595,33,Sevilla,19,76.3,Tienda,Estándar,2136.93,7,,2025-02-01,Sí
CLI-007938,CTR-007938,55,Madrid,35,97.52,Web,Estándar,3355.4,3,,2023-10-17,No
CLI-006790,CTR-006790,44,Sevilla,50,61.74,Web,Básico,3862.91,0,7,2022-07-05,No
CLI-001203,CTR-001203,19,Madrid,79,87.33,Web,Básico,3048.53,4,,2020-02-22,No
CLI-000378,CTR-000378,22,Valencia,7,69.23,Teléfono,Premium,2184.09,6,,2026-02-13,Sí
CLI-008736,CTR-008736,39,Valencia,21,52.14,Tienda,Básico,3344.89,4,,2024-12-12,Sí
CLI-004727,CTR-004727,52,Barcelona,62,73.15,Tienda,Premium,3220.28,2,7,2021-07-02,No
CLI-009410,CTR-009410,52,Barcelona,20,76.17,Teléfono,Estándar,2310.02,4,7,2025-01-09,No
CLI-004983,CTR-004983,44,Barcelona,12,33.55,Web,Estándar,,1,,2025-09-08,No
CLI-003474,CTR-003474,32,Alicante,69,42.35,Web,Premium,2582.06,2,7,2020-12-05,No
CLI-000331,CTR-000331,43,Barcelona,6,64.55,web,Empresa,,0,,2026-03-14,No
CLI-007342,CTR-007342,39,Barcelona,23,21.39,Web,Básico,2512,5,3,2024-10-23,Sí
CLI-006944,CTR-006944,51,Valencia,55,90.03,,Estándar,,4,7,2022-02-17,No
CLI-005949,CTR-005949,55,Barcelona,65,76.77,Web,Básico,,3,7,2021-04-21,No
CLI-005227,CTR-005227,51,Madrid,35,38.49,Web,Básico,3258.14,3,6,2023-10-05,Sí
CLI-009141,CTR-009141,51,Zaragoza,20,46.96,Aplicación,Básico,4131.61,0,7,2025-01-01,No
CLI-009721,CTR-009721,42,Valencia,84,52.02,Tienda,Estándar,1991.32,1,8,2019-09-12,No
CLI-007970,CTR-007970,27,Madrid,71,76.29,web,Estándar,2850.48,3,,2020-10-06,No
CLI-001901,CTR-001901,53,Málaga,47,67.23,Teléfono,Premium,2352.73,5,5,2022-10-09,Sí
CLI-004650,CTR-004650,32,Alicante,45,69.47,Aplicación,Básico,1139.4,6,5,2022-12-09,Sí
CLI-001636,CTR-001636,19,Málaga,92,85.42,Aplicación,Estándar,1353.09,2,10,2019-01-04,No
CLI-000219,CTR-000219,42,Sevilla,25,41.13,Aplicación,Estándar,1925.02,3,7,2024-08-13,Sí
CLI-002439,CTR-002439,55,Murcia,86,53.94,Tienda,Premium,3143.24,1,,2019-07-07,No
CLI-001361,CTR-001361,51,Madrid,6,79.63,Web,Premium,,5,,2026-03-09,No
CLI-006648,CTR-006648,56,Zaragoza,42,26.42,Web,Estándar,1564.31,4,,2023-03-23,Sí
CLI-000248,CTR-000248,65,Málaga,29,45.6,Aplicación,Estándar,,1,4,2024-04-15,Sí
CLI-004542,CTR-004542,51,Valencia,83,44.32,Tienda,Empresa,,0,9,2019-10-23,No
CLI-002042,CTR-002042,51,Madrid,72,50.38,Web,Estándar,2270.42,0,,2020-09-06,No
CLI-009784,CTR-009784,49,Barcelona,95,53.27,Teléfono,Básico,3566.98,3,7,2018-10-01,No
CLI-001818,CTR-001818,52,Madrid,43,80.38,Web,Premium,2775.74,2,,2023-02-15,Sí
CLI-000005,CTR-009855,41,Valencia,52,63.23,Tienda,Básico,816.53,3,,2022-05-02,No
CLI-008631,CTR-008631,60,Sevilla,32,42,Web,Básico,2694.45,3,7,2024-01-17,No
CLI-005958,CTR-005958,45,Alicante,45,52.06,Teléfono,Estándar,2222.87,1,6,2022-12-28,No
CLI-008003,CTR-008003,58,Valencia,17,82.9,Web,Básico,,6,,2025-04-23,Sí
CLI-003695,CTR-003695,43,Barcelona,74,76.01,Tienda,Básico,4602.74,1,9,2020-07-08,No
CLI-005471,CTR-005471,68,Valencia,8,150.29,Web,Básico,8475.93,0,,2026-01-15,No
CLI-000020,CTR-009870,49,Valencia,57,88.88,Web,Premium,,0,6,2021-12-11,No
CLI-006349,CTR-006349,50,Alicante,31,90.3,Web,Estándar,,3,,2024-02-06,Sí
CLI-005866,CTR-005866,57,Madrid,95,38.51,Tienda,Estándar,,1,7,2018-10-06,No
CLI-003295,CTR-003295,37,Madrid,25,70.57,Web,Básico,2852.23,3,10,2024-08-24,No
CLI-008676,CTR-008676,48,Sevilla,34,60.53,Teléfono,Estándar,,5,,2023-11-16,Sí
CLI-002024,CTR-002024,44,Madrid,16,43.85,Tienda,Básico,2666.87,2,9,2025-05-24,No
CLI-008980,CTR-008980,43,Valencia,20,75.18,Aplicación,Básico,1711.26,2,,2025-01-23,No
CLI-005841,CTR-005841,18,Sevilla,37,27.74,Tienda,Básico,2832.26,3,5,2023-08-05,Sí
CLI-005459,CTR-005459,48,Barcelona,45,61.23,Web,Empresa,,6,,2022-12-15,Sí
CLI-005908,CTR-005908,40,Sevilla,86,81.33,Web,Estándar,1562.46,0,,2019-07-22,No
CLI-001723,CTR-001723,47,Madrid,6,38.72,Teléfono,Premium,877.76,4,,2026-03-18,Sí
CLI-001919,CTR-001919,44,Alicante,90,29.15,Aplicación,Empresa,,1,9,2019-03-16,No
CLI-000353,CTR-000353,53,Valencia,89,62.51,Web,Estándar,3215.05,3,7,2019-04-13,No
CLI-006448,CTR-006448,37,Málaga,11,66.03,Web,Premium,2483.01,3,8,2025-10-23,No
CLI-007905,CTR-007905,34,Barcelona,19,55.65,Web,Premium,1241.97,3,9,2025-02-09,No
CLI-002091,CTR-002091,36,Sevilla,28,41.27,Web,Estándar,,5,,2024-05-01,Sí
CLI-009238,CTR-009238,27,Madrid,68,58.33,web,Básico,3610.13,4,,2021-01-26,No
CLI-006064,CTR-006064,37,Madrid,70,65.86,Aplicación,Empresa,,2,8,2020-11-03,No
CLI-004699,CTR-004699,29,Madrid,33,76.6,Teléfono,Estándar,,0,8,2023-12-10,No
CLI-002012,CTR-002012,48,Murcia,82,40.23,Tienda,Básico,2000.89,1,7,2019-11-22,No
CLI-002161,CTR-002161,34,Barcelona,94,46.94,Web,Premium,3643.82,0,9,2018-11-09,No
CLI-007586,CTR-007586,43,Murcia,15,66.79,Web,Estándar,2330.92,4,,2025-06-23,No
CLI-008643,CTR-008643,42,Madrid,79,59.8,Teléfono,Estándar,2618.24,3,7,2020-02-23,No
CLI-006857,CTR-006857,48,Barcelona,16,58.87,Tienda,Premium,2561.7,0,7,2025-05-28,No
CLI-005111,CTR-005111,41,Madrid,77,36.31,Tienda,Estándar,2119.87,3,10,2020-04-10,No
CLI-007320,CTR-007320,33,Murcia,77,58.92,Web,Premium,2768.15,0,7,2020-04-21,No
CLI-006124,CTR-006124,32,Sevilla,39,53.64,web,Empresa,,2,8,2023-06-22,No
CLI-004539,CTR-004539,18,Madrid,48,87.15,Web,Estándar,,4,6,2022-09-10,Sí
CLI-006052,CTR-006052,33,Barcelona,11,52.75,Tienda,Básico,2110.08,6,,2025-10-08,Sí
CLI-005528,CTR-005528,56,Barcelona,68,68.21,Tienda,Estándar,3325.69,3,7,2021-01-02,No
CLI-006077,CTR-006077,45,Zaragoza,23,61.46,Teléfono,Empresa,3977.57,1,,2024-10-22,No
CLI-001097,CTR-001097,38,Barcelona,41,54.45,Web,Básico,1705.96,3,,2023-04-27,Sí
CLI-007150,CTR-007150,58,Valencia,46,73.62,Tienda,Básico,1569.95,6,,2022-11-10,Sí
CLI-002953,CTR-002953,46,Madrid,41,60.05,Web,Básico,1751.7,4,,2023-04-26,Sí
CLI-002817,CTR-002817,41,Barcelona,78,59.27,Aplicación,Estándar,4850.09,2,,2020-03-09,No
CLI-002975,CTR-002975,36,Sevilla,7,27.79,Teléfono,Empresa,3320.71,0,,2026-02-18,No
CLI-001938,CTR-001938,52,Zaragoza,66,41.74,Web,Estándar,2046.24,1,9,2021-03-20,No
CLI-005558,CTR-005558,44,Málaga,72,58.35,Tienda,Premium,,1,7,2020-09-22,No
CLI-002088,CTR-002088,55,Sevilla,37,80.16,Web,Estándar,750,5,6,2023-08-18,Sí
CLI-004638,CTR-004638,57,Sevilla,58,70.63,WEB,Estándar,3175.91,6,,2021-11-01,No
CLI-000694,CTR-000694,42,Madrid,30,42.75,Web,Estándar,3304.18,6,4,2024-03-07,Sí
CLI-004631,CTR-004631,54,Madrid,35,70.71,Web,Básico,750,5,,2023-10-15,Sí
CLI-001933,CTR-001933,37,Málaga,7,100.64,Teléfono,Estándar,868.6,4,,2026-02-09,No
CLI-000447,CTR-000447,32,Barcelona,45,86.38,Web,Estándar,2128.24,7,6,2022-12-17,Sí
CLI-009374,CTR-009374,58,Barcelona,5,54.08,Aplicación,Estándar,4118.82,4,6,2026-04-07,Sí
CLI-000202,CTR-000202,42,Barcelona,27,65.86,Tienda,Estándar,2508.29,4,10,2024-06-01,Sí
CLI-003987,CTR-003987,41,Madrid,66,47.28,Aplicación,Empresa,1714.76,4,9,2021-03-12,No
CLI-007149,CTR-007149,41,Madrid,62,34.29,Aplicación,Estándar,,4,8,2021-07-03,No
CLI-000479,CTR-000479,53,Barcelona,26,42.9,,Básico,1957.11,0,,2024-07-03,No
CLI-005968,CTR-005968,47,Barcelona,18,54.33,Web,Básico,2663.56,5,4,2025-03-13,Sí
CLI-004665,CTR-004665,72,Murcia,38,35.93,Web,Básico,3625.72,2,6,2023-07-03,No
CLI-003862,CTR-003862,54,Barcelona,58,32.76,Web,Estándar,,4,7,2021-11-06,No
CLI-000740,CTR-000740,64,Málaga,12,52.45,Web,Estándar,3756.56,1,,2025-09-25,No
CLI-007512,CTR-007512,26,Valencia,14,57.31,Aplicación,Estándar,3197.36,4,5,2025-07-28,Sí
CLI-005573,CTR-005573,57,Madrid,50,58.43,Tienda,Estándar,3661.16,1,9,2022-07-17,No
CLI-006758,CTR-006758,61,Madrid,33,71.39,Teléfono,Empresa,750,0,6,2023-12-19,No
CLI-001909,CTR-001909,65,Zaragoza,71,62.56,Aplicación,Estándar,2954.1,0,,2020-10-20,No
CLI-007431,CTR-007431,31,Madrid,59,59.81,WEB,Básico,2394.84,2,,2021-10-15,No
CLI-000438,CTR-000438,32,Madrid,76,79.12,Teléfono,Empresa,3553.57,1,6,2020-05-17,No
CLI-002085,CTR-002085,32,Barcelona,46,98.03,Tienda,Premium,1820.84,5,6,2022-11-13,Sí
CLI-003454,CTR-003454,72,Sevilla,88,69.05,WEB,Estándar,2463.1,5,,2019-05-08,No
CLI-000016,CTR-009866,60,Sevilla,84,63.47,Teléfono,Estándar,2870.53,0,8,2019-09-16,No
CLI-008485,CTR-008485,35,Madrid,13,65.76,Teléfono,Básico,2075.62,5,4,2025-08-08,Sí
CLI-003399,CTR-003399,27,Madrid,74,91.57,Web,Premium,2035.83,1,5,2020-07-24,No
CLI-001403,CTR-001403,36,Madrid,25,48.96,Teléfono,Premium,2028.76,6,,2024-08-24,Sí
CLI-003517,CTR-003517,58,Murcia,85,78.49,Web,Básico,3342.66,0,10,2019-08-24,No
CLI-003036,CTR-003036,38,Sevilla,10,80.05,Aplicación,Premium,858.72,8,,2025-11-05,Sí
CLI-002939,CTR-002939,42,Madrid,47,53.78,Teléfono,Básico,2177.04,2,,2022-10-15,No
CLI-008007,CTR-008007,45,Madrid,7,35.56,Web,Premium,,2,7,2026-02-22,No
CLI-006276,CTR-006276,39,Valencia,62,90.23,Tienda,Estándar,3965.09,2,6,2021-07-07,No
CLI-001649,CTR-001649,42,Madrid,47,57.73,Web,Básico,3469.41,0,7,2022-10-28,No
CLI-002235,CTR-002235,36,Valencia,22,69.3,Web,Estándar,2019.24,3,7,2024-11-22,Sí
CLI-009272,CTR-009272,40,Madrid,17,79.93,Teléfono,Estándar,3403.75,2,5,2025-04-15,No
CLI-007435,CTR-007435,50,Alicante,94,54.95,Tienda,Estándar,3212.81,1,8,2018-11-08,No
CLI-002866,CTR-002866,58,Valencia,21,64.89,Aplicación,Estándar,3179.5,6,3,2024-12-11,Sí
CLI-000146,CTR-000146,46,Valencia,19,47.05,Aplicación,Premium,1612.42,5,4,2025-02-15,Sí
CLI-007198,CTR-007198,32,Barcelona,27,34.49,Web,Estándar,2595.89,4,8,2024-06-25,No
CLI-000786,CTR-000786,70,Valencia,43,65.05,Aplicación,Estándar,,1,,2023-02-14,Sí
CLI-006071,CTR-006071,40,Valencia,85,51.09,Teléfono,Estándar,1729.27,1,8,2019-08-14,No
CLI-006030,CTR-006030,33,Barcelona,13,77.38,Web,Básico,,0,7,2025-08-16,No
CLI-007137,CTR-007137,37,Málaga,95,83.64,Web,Básico,2878.15,0,5,2018-10-10,No
CLI-000383,CTR-000383,35,Madrid,39,78.86,Web,Premium,1732.67,3,3,2023-06-10,Sí
CLI-008849,CTR-008849,39,Valencia,89,34.21,Web,Empresa,3718.52,0,7,2019-04-14,No
CLI-003655,CTR-003655,53,Alicante,8,38.96,Teléfono,Estándar,3414.41,5,,2026-01-26,Sí
CLI-006569,CTR-006569,40,Zaragoza,17,89.15,Web,Estándar,1046.78,5,,2025-04-01,Sí
CLI-008020,CTR-008020,39,Sevilla,68,26.58,Teléfono,Estándar,1511.24,2,,2021-01-01,No
CLI-004034,CTR-004034,37,Madrid,45,57.29,Web,Estándar,2475.38,4,8,2022-12-17,No
CLI-007301,CTR-007301,60,Sevilla,7,79.21,Web,Estándar,,5,5,2026-02-08,Sí
CLI-004640,CTR-004640,43,Barcelona,5,297.43,Web,Estándar,11097.09,3,6,2026-04-02,Sí
CLI-006862,CTR-006862,41,Alicante,47,30.59,Web,Estándar,,2,,2022-10-16,No
CLI-007543,CTR-007543,42,Madrid,72,81.51,Web,Básico,3183.64,2,,2020-09-03,No
CLI-002849,CTR-002849,63,Barcelona,47,89.17,Web,Premium,2776.24,2,,2022-10-15,Sí
CLI-003428,CTR-003428,56,Murcia,17,31.45,Teléfono,Premium,2285.84,0,8,2025-04-20,No
CLI-000316,CTR-000316,39,Madrid,38,35.05,Web,Estándar,,1,,2023-07-17,No
CLI-005641,CTR-005641,37,Madrid,12,87.92,Tienda,Básico,,2,,2025-09-07,Sí
CLI-002424,CTR-002424,30,Málaga,25,62.96,Tienda,Estándar,2773.65,3,6,2024-08-08,Sí
CLI-008535,CTR-008535,18,Madrid,22,70.76,Tienda,Estándar,758.11,7,4,2024-11-09,Sí
CLI-004449,CTR-004449,44,Murcia,43,68,Tienda,Básico,,4,3,2023-02-12,Sí
CLI-003151,CTR-003151,42,Madrid,59,57.36,Tienda,Estándar,921.73,1,6,2021-10-26,No
CLI-005332,CTR-005332,33,Valencia,5,92.03,Web,Básico,1416.44,6,5,2026-04-26,Sí
CLI-000209,CTR-000209,43,Zaragoza,27,113.58,Aplicación,Premium,2567.91,5,6,2024-06-23,Sí
CLI-003341,CTR-003341,45,Madrid,95,14.76,Web,Básico,1747.12,2,8,2018-10-21,No
CLI-000299,CTR-000299,53,Madrid,81,64.01,Web,Básico,4180.84,4,4,2019-12-03,No
CLI-001983,CTR-001983,59,Madrid,19,57.11,Web,Empresa,1892.79,3,,2025-02-28,Sí
CLI-001690,CTR-001690,30,Málaga,51,36.17,Web,Estándar,2859.82,2,10,2022-06-06,No
CLI-008332,CTR-008332,22,Sevilla,44,77.76,Web,Básico,2140.87,4,7,2023-01-10,Sí
CLI-000858,CTR-000858,43,Alicante,7,94.21,Tienda,Premium,3595.64,4,5,2026-02-19,Sí
CLI-001562,CTR-001562,59,Zaragoza,26,72.22,Aplicación,Básico,2761.04,5,4,2024-07-23,Sí
CLI-007754,CTR-007754,48,Madrid,7,81.35,WEB,Premium,2075.08,4,3,2026-02-14,Sí
CLI-006014,CTR-006014,31,Valencia,7,59.77,Aplicación,Estándar,3346.06,4,5,2026-02-24,Sí
CLI-004537,CTR-004537,60,Madrid,71,28.41,Teléfono,Premium,1795.31,3,8,2020-10-28,No
CLI-008102,CTR-008102,53,Málaga,15,75.6,Teléfono,Empresa,,1,7,2025-06-08,No
CLI-002543,CTR-002543,53,Zaragoza,45,61.68,Web,Premium,,3,8,2022-12-21,No
CLI-009741,CTR-009741,39,Madrid,27,54.58,Tienda,Estándar,3940.77,4,,2024-06-27,Sí
CLI-009441,CTR-009441,50,Zaragoza,18,26.03,Web,Estándar,1551.3,1,8,2025-03-23,No
CLI-006161,CTR-006161,49,Valencia,6,55.97,Teléfono,Básico,,3,7,2026-03-08,Sí
CLI-006144,CTR-006144,55,Barcelona,12,87.2,Aplicación,Empresa,1809.03,4,3,2025-09-24,Sí
CLI-009172,CTR-009172,34,Valencia,4,97.27,Teléfono,Estándar,750,5,9,2026-05-17,Sí
CLI-007304,CTR-007304,49,Barcelona,43,59.36,WEB,Básico,5042.03,1,,2023-02-08,No
CLI-000955,CTR-000955,76,Zaragoza,88,36.38,Teléfono,Estándar,3035.16,2,9,2019-05-10,No
CLI-008355,CTR-008355,38,Valencia,42,17.12,Web,Básico,2865.66,2,7,2023-03-14,No
CLI-007451,CTR-007451,54,Sevilla,71,78.12,Web,Estándar,1819.14,4,8,2020-10-22,No
CLI-007239,CTR-007239,53,Madrid,47,60.08,Web,Básico,3415.9,6,,2022-10-15,Sí
CLI-004894,CTR-004894,46,Madrid,9,63.6,Tienda,Estándar,1687.17,0,8,2025-12-22,No
CLI-007847,CTR-007847,43,Barcelona,32,90.05,Teléfono,Premium,1482.18,1,,2024-01-01,Sí
CLI-005715,CTR-005715,36,Alicante,13,76.21,Web,Básico,2068.44,5,5,2025-08-20,Sí
CLI-000337,CTR-000337,50,Madrid,26,53.93,Tienda,Básico,3648.85,5,8,2024-07-06,No
CLI-007090,CTR-007090,47,Madrid,81,16.9,Web,Estándar,,4,8,2019-12-08,No
CLI-005900,CTR-005900,39,Sevilla,88,9.9,Teléfono,Básico,3119.02,0,8,2019-05-27,No
CLI-006372,CTR-006372,55,Sevilla,10,85.23,Teléfono,Premium,2616.79,5,7,2025-11-12,No
CLI-005241,CTR-005241,46,Madrid,26,94.05,Web,Básico,3481.71,3,8,2024-07-17,No
CLI-005667,CTR-005667,38,Madrid,30,12.09,Tienda,Básico,1495.05,1,,2024-03-12,Sí
CLI-000614,CTR-000614,40,Madrid,44,62.59,Web,Empresa,1944.2,6,7,2023-01-18,Sí
CLI-001521,CTR-001521,55,Madrid,29,40.59,Teléfono,Empresa,4797.1,1,7,2024-04-12,No
CLI-000087,CTR-000087,34,Madrid,65,63.83,Tienda,Premium,,0,,2021-04-21,No
CLI-008609,CTR-008609,36,Barcelona,69,69.67,Teléfono,Estándar,2966.2,0,7,2020-12-24,No
CLI-002509,CTR-002509,50,Sevilla,18,80.34,Web,Premium,,3,5,2025-03-04,Sí
CLI-006856,CTR-006856,44,Málaga,22,45.31,Tienda,Premium,1846.18,3,,2024-11-01,No
CLI-002876,CTR-002876,28,Alicante,13,51.04,web,Estándar,2511.05,4,,2025-08-27,Sí
CLI-001975,CTR-001975,41,Barcelona,31,59.85,Web,Básico,2401.73,0,,2024-02-08,No
CLI-004924,CTR-004924,48,Sevilla,2,48.29,Tienda,Básico,,1,,2026-07-17,Sí
CLI-002568,CTR-002568,50,Zaragoza,52,54.09,Teléfono,Premium,4621.39,0,9,2022-05-02,No
CLI-001062,CTR-001062,20,Madrid,39,46.47,Aplicación,Estándar,1420.21,2,6,2023-06-23,Sí
CLI-003149,CTR-003149,37,Barcelona,29,95.1,Web,Básico,3818.91,2,,2024-04-18,No
CLI-004255,CTR-004255,36,Zaragoza,10,78.29,Teléfono,Estándar,3341.1,5,4,2025-11-10,Sí
CLI-004300,CTR-004300,55,Murcia,59,323.37,WEB,Empresa,8631.21,0,,2021-10-16,No
CLI-008195,CTR-008195,40,Barcelona,20,103.19,Tienda,Básico,2552.85,8,,2025-01-17,Sí
CLI-003183,CTR-003183,32,Sevilla,11,71.19,Tienda,Premium,3565.14,2,8,2025-10-01,No
CLI-003168,CTR-003168,48,Sevilla,87,74.02,Web,Básico,3555.69,2,7,2019-06-10,No
CLI-002391,CTR-002391,57,Sevilla,16,38.37,Teléfono,Empresa,2416.86,3,8,2025-05-01,Sí
CLI-008137,CTR-008137,45,Madrid,20,9.9,Aplicación,Estándar,3059.97,2,,2025-01-22,No
CLI-007710,CTR-007710,38,Madrid,94,89.08,Web,Básico,2307.92,4,,2018-11-17,No
CLI-001964,CTR-001964,32,Madrid,48,57.71,Web,Premium,3079.18,3,,2022-09-03,Sí
CLI-009513,CTR-009513,33,Málaga,15,46.05,Web,Estándar,1987.67,6,,2025-06-10,No
CLI-009232,CTR-009232,58,Madrid,27,72.73,Web,Estándar,3004.97,3,5,2024-06-01,Sí
CLI-009237,CTR-009237,48,Barcelona,96,71.22,Tienda,Premium,2859.26,4,6,2018-09-21,No
CLI-006439,CTR-006439,44,Murcia,7,91.13,Aplicación,Estándar,2885.4,2,,2026-02-22,No
CLI-002051,CTR-002051,31,Zaragoza,42,55.79,Tienda,Básico,1306.76,1,3,2023-03-01,Sí
CLI-008611,CTR-008611,43,Madrid,33,38.92,Tienda,Empresa,4081.99,2,8,2023-12-20,No
CLI-007941,CTR-007941,41,Barcelona,47,49.93,Aplicación,Básico,,1,,2022-10-03,No
CLI-000368,CTR-000368,37,Barcelona,10,46.97,Aplicación,Premium,2992.94,1,,2025-11-04,No
CLI-008534,CTR-008534,52,Valencia,55,54.56,Web,Estándar,2496.72,1,7,2022-02-18,No
CLI-003588,CTR-003588,42,Madrid,85,81.09,Web,Estándar,3329.56,4,7,2019-08-19,No
CLI-005763,CTR-005763,40,Madrid,72,71.21,Web,Básico,,1,9,2020-09-26,No
CLI-008397,CTR-008397,31,Sevilla,40,81.88,Aplicación,Premium,1559.22,5,,2023-05-28,Sí
CLI-008257,CTR-008257,45,Sevilla,44,58.47,Web,Básico,,6,6,2023-01-02,Sí
CLI-009461,CTR-009461,38,Alicante,38,67.6,Web,Básico,3903.03,5,8,2023-07-19,No
CLI-003761,CTR-003761,42,Barcelona,15,58.96,Aplicación,Básico,2491.43,6,7,2025-06-14,Sí
CLI-001360,CTR-001360,36,Barcelona,15,69.64,Web,Premium,2497.01,3,,2025-06-01,No
CLI-000322,CTR-000322,37,Madrid,32,65.33,Teléfono,Premium,3534.58,5,6,2024-01-09,Sí
CLI-006539,CTR-006539,54,Madrid,22,50.07,web,Estándar,3348.55,1,,2024-11-02,No
CLI-002443,CTR-002443,49,Barcelona,28,43.39,Web,Estándar,3225.28,1,7,2024-05-16,No
CLI-009164,CTR-009164,33,Valencia,48,94.45,Web,Estándar,2105.94,2,8,2022-09-02,Sí
CLI-005960,CTR-005960,46,Málaga,13,42.03,Aplicación,Estándar,,3,9,2025-08-28,No
CLI-006366,CTR-006366,48,Málaga,24,50.4,Teléfono,Básico,,0,,2024-09-10,No
CLI-002705,CTR-002705,68,Madrid,5,73.41,Aplicación,Empresa,3282.83,3,,2026-04-08,Sí
CLI-003411,CTR-003411,66,Barcelona,8,54.5,Web,Estándar,3770.11,0,10,2026-01-03,No
CLI-004545,CTR-004545,45,Sevilla,34,64.86,Teléfono,Estándar,,4,7,2023-11-18,No
CLI-007634,CTR-007634,53,Murcia,45,63.59,Web,Premium,3510.83,2,7,2022-12-24,No
CLI-007589,CTR-007589,42,Barcelona,23,79.47,Web,Empresa,,8,,2024-10-02,Sí
CLI-007010,CTR-007010,63,Madrid,51,68.89,Tienda,Básico,3077.96,0,6,2022-06-03,No
CLI-006359,CTR-006359,34,Murcia,15,58.52,Tienda,Estándar,3555.51,0,7,2025-06-19,No
CLI-003958,CTR-003958,18,Zaragoza,36,71.46,Teléfono,Empresa,3472.31,6,,2023-09-22,Sí
CLI-002191,CTR-002191,46,Barcelona,25,40.14,Aplicación,Empresa,,3,7,2024-08-15,No
CLI-002335,CTR-002335,43,Zaragoza,23,88.64,Tienda,Básico,3485.47,5,6,2024-10-15,No
CLI-000959,CTR-000959,36,Madrid,87,37.34,Aplicación,Estándar,3628.07,0,9,2019-06-11,No
CLI-004623,CTR-004623,55,Madrid,81,37.46,Web,Básico,3120.43,2,8,2019-12-02,No
CLI-002213,CTR-002213,32,Madrid,4,80.34,Tienda,Premium,3166.26,6,4,2026-05-08,Sí
CLI-002985,CTR-002985,24,Barcelona,46,76.24,Tienda,Estándar,1997.3,4,,2022-11-22,Sí
CLI-007812,CTR-007812,33,Sevilla,14,67.74,Web,Premium,,2,4,2025-07-14,Sí
CLI-000372,CTR-000372,43,Valencia,8,69.93,,Estándar,2552.97,4,9,2026-01-13,Sí
CLI-002669,CTR-002669,42,Valencia,11,15.44,Teléfono,Estándar,,5,5,2025-10-13,Sí
CLI-003828,CTR-003828,50,Valencia,85,76.2,Aplicación,Premium,3925.01,0,,2019-08-23,No
CLI-000129,CTR-000129,61,Madrid,22,68.95,Aplicación,Empresa,3634.63,6,,2024-11-07,No
CLI-008268,CTR-008268,36,Barcelona,13,71.28,Teléfono,Estándar,2605.45,6,,2025-08-28,Sí
CLI-006844,CTR-006844,32,Alicante,36,22.46,Aplicación,Premium,2419.49,2,9,2023-09-10,Sí
CLI-003327,CTR-003327,27,Alicante,73,18.66,,Empresa,3333.87,4,8,2020-08-07,No
CLI-005856,CTR-005856,48,Alicante,7,55.57,WEB,Premium,750,2,6,2026-02-11,Sí
CLI-001952,CTR-001952,55,Zaragoza,27,89.84,Web,Estándar,,0,6,2024-06-16,No
CLI-008632,CTR-008632,28,Zaragoza,76,45.42,Web,Estándar,2777.67,0,,2020-05-15,No
CLI-008446,CTR-008446,73,Valencia,35,68.59,Web,Estándar,1721.31,5,4,2023-10-14,Sí
CLI-003789,CTR-003789,41,Alicante,24,72.75,Teléfono,Empresa,1594.93,4,,2024-09-01,No
CLI-005373,CTR-005373,18,Zaragoza,20,56.05,Web,Premium,,5,3,2025-01-04,Sí
CLI-004314,CTR-004314,38,Madrid,30,72.66,Aplicación,Estándar,2440.74,4,,2024-03-21,Sí
CLI-001883,CTR-001883,55,Valencia,27,72.82,Web,Premium,1772.05,0,6,2024-06-05,No
CLI-004861,CTR-004861,44,Sevilla,32,59.96,Web,Empresa,1686.87,3,6,2024-01-09,No
CLI-006647,CTR-006647,31,Barcelona,45,71.47,Tienda,Estándar,3414.95,5,5,2022-12-02,Sí
CLI-005826,CTR-005826,51,Valencia,80,83.42,WEB,Premium,3320.7,2,6,2020-01-12,No
CLI-008581,CTR-008581,52,Madrid,74,80.28,Teléfono,Estándar,2372.69,3,6,2020-07-23,No
CLI-006661,CTR-006661,63,Murcia,22,48.19,Teléfono,Básico,1293.27,1,,2024-11-07,Sí
CLI-002142,CTR-002142,39,Madrid,48,15.99,Teléfono,Básico,2687.93,2,9,2022-09-10,No
CLI-001070,CTR-001070,24,Barcelona,89,65.34,Web,Estándar,3657.01,5,6,2019-04-09,No
CLI-001039,CTR-001039,34,Sevilla,56,45.1,Web,Básico,2222.38,4,,2022-01-10,No
CLI-009712,CTR-009712,31,Valencia,62,74.34,Teléfono,Empresa,1798.09,0,8,2021-07-27,No
CLI-006613,CTR-006613,44,Valencia,43,60.13,Tienda,Estándar,,5,4,2023-02-17,Sí
CLI-002505,CTR-002505,32,Valencia,20,20.58,,Premium,3262.65,0,,2025-01-15,No
CLI-006590,CTR-006590,50,Zaragoza,50,88.13,Tienda,Estándar,2089.99,0,,2022-07-10,No
CLI-005243,CTR-005243,66,Barcelona,42,56.11,Web,Básico,1616.79,4,7,2023-03-26,No
CLI-009480,CTR-009480,51,Barcelona,69,57.88,Web,Empresa,2938.99,5,9,2020-12-24,No
CLI-008978,CTR-008978,61,Alicante,21,32.71,Web,Básico,1916.37,6,3,2024-12-11,Sí
CLI-000445,CTR-000445,48,Málaga,3,26.07,Teléfono,Estándar,2584.87,4,,2026-06-03,Sí
CLI-005864,CTR-005864,52,Valencia,90,64.49,Aplicación,Estándar,2113.57,3,7,2019-03-28,No
CLI-009840,CTR-009840,44,Zaragoza,29,46.26,Tienda,Estándar,3466.26,2,8,2024-04-23,No
CLI-005262,CTR-005262,57,Barcelona,86,43.25,Web,Estándar,1736.25,2,6,2019-07-02,No
CLI-009396,CTR-009396,35,Barcelona,18,75.88,Web,Estándar,1832.8,5,5,2025-03-11,Sí
CLI-003185,CTR-003185,20,Zaragoza,23,61.58,Tienda,Estándar,2505.2,0,,2024-10-05,No
CLI-002131,CTR-002131,37,Alicante,14,79.82,Aplicación,Estándar,2872.01,2,7,2025-07-21,No
CLI-006588,CTR-006588,21,Valencia,43,57.46,Web,Premium,1232.87,6,7,2023-02-25,Sí
CLI-003430,CTR-003430,63,Madrid,73,76.4,Aplicación,Estándar,,4,9,2020-08-18,No
CLI-002124,CTR-002124,29,Valencia,4,45.41,Teléfono,Empresa,,5,,2026-05-28,Sí
CLI-002211,CTR-002211,35,Sevilla,75,26.31,Tienda,Premium,3629.81,1,,2020-06-08,No
CLI-006367,CTR-006367,37,Barcelona,13,71.42,Tienda,Premium,1342.39,4,5,2025-08-22,Sí
CLI-000342,CTR-000342,54,Barcelona,87,32.2,Web,Estándar,3765.39,1,,2019-06-24,No
CLI-002580,CTR-002580,28,Sevilla,39,73.75,Aplicación,Estándar,2462.82,2,8,2023-06-02,Sí
CLI-008470,CTR-008470,54,Madrid,25,93.28,Aplicación,Básico,1748.62,3,9,2024-08-06,No
CLI-008276,CTR-008276,42,Madrid,32,109.15,Teléfono,Estándar,1531.21,6,4,2024-01-15,Sí
CLI-003579,CTR-003579,44,Alicante,52,34.59,Web,Empresa,3348.85,0,6,2022-05-24,No
CLI-006120,CTR-006120,32,Sevilla,6,33.14,Web,Estándar,,0,6,2026-03-02,No
CLI-002062,CTR-002062,48,Sevilla,3,82.19,Teléfono,Empresa,1772.96,7,9,2026-06-01,Sí
CLI-004123,CTR-004123,31,Barcelona,31,67.3,Web,Estándar,3673.02,3,,2024-02-04,No
CLI-009491,CTR-009491,40,Zaragoza,29,60.05,Teléfono,Estándar,2545.3,5,,2024-04-06,Sí
CLI-006087,CTR-006087,34,Barcelona,12,38.46,Aplicación,Empresa,,2,8,2025-09-24,No
CLI-000752,CTR-000752,43,Madrid,62,88.48,Web,Estándar,2930.34,2,,2021-07-24,No
CLI-002692,CTR-002692,19,Barcelona,46,66.8,Web,Básico,2322.83,2,9,2022-11-22,No
CLI-007574,CTR-007574,38,Zaragoza,93,64.75,Teléfono,Premium,4490.76,2,,2018-12-08,No
CLI-009565,CTR-009565,50,Barcelona,5,94.95,Teléfono,Estándar,1205.45,5,6,2026-04-26,Sí
CLI-009724,CTR-009724,67,Murcia,36,65.55,Aplicación,Estándar,2042.42,1,7,2023-09-06,No
CLI-002376,CTR-002376,37,Madrid,62,42.57,Teléfono,Premium,,3,9,2021-07-21,No
CLI-008562,CTR-008562,40,Valencia,80,62.67,Aplicación,Premium,2411.68,0,4,2020-01-13,No
CLI-006154,CTR-006154,18,Alicante,19,82.14,Aplicación,Estándar,3415.6,5,,2025-02-24,Sí
CLI-009324,CTR-009324,53,Barcelona,28,78.49,Teléfono,Básico,2654.21,4,6,2024-05-02,No
CLI-008064,CTR-008064,34,Valencia,32,63.42,Aplicación,Básico,2680.18,3,10,2024-01-21,No
CLI-000950,CTR-000950,55,Sevilla,13,78.26,Aplicación,Estándar,2849.66,4,7,2025-08-20,Sí
CLI-003121,CTR-003121,51,Barcelona,49,31.79,Tienda,Empresa,2188.24,1,,2022-08-17,No
CLI-007518,CTR-007518,40,Madrid,51,51.15,Tienda,Empresa,,0,10,2022-06-06,No
CLI-005431,CTR-005431,51,Valencia,39,63.36,Tienda,Estándar,3295.49,2,,2023-06-28,No
CLI-003699,CTR-003699,27,Barcelona,72,87.23,Web,Premium,2268,3,7,2020-09-06,No
CLI-003638,CTR-003638,48,Madrid,50,90.98,Web,Básico,3510.34,0,6,2022-07-07,No
CLI-008969,CTR-008969,23,Barcelona,10,69.18,Teléfono,Premium,2941.05,6,6,2025-11-24,Sí
CLI-007729,CTR-007729,58,Valencia,42,58.43,Teléfono,Básico,1016.23,5,6,2023-03-08,No
CLI-001720,CTR-001720,41,Sevilla,12,90.74,Web,Básico,1292.22,7,4,2025-09-16,Sí
CLI-007592,CTR-007592,18,Madrid,31,38.94,Tienda,Premium,2964.37,0,9,2024-02-21,No
CLI-003619,CTR-003619,52,Barcelona,76,73.85,Teléfono,Premium,4262.38,6,7,2020-05-22,No
CLI-007742,CTR-007742,36,Alicante,13,55.19,Tienda,Premium,2605.73,0,6,2025-08-13,No
CLI-000906,CTR-000906,35,Málaga,18,42.33,Web,Premium,,2,7,2025-03-01,No
CLI-000840,CTR-000840,27,Madrid,21,77.05,Aplicación,Estándar,3224.79,3,8,2024-12-09,Sí
CLI-005673,CTR-005673,27,Sevilla,91,74.58,Web,Básico,2659.47,2,9,2019-02-01,No
CLI-008553,CTR-008553,63,Madrid,93,55.51,Tienda,Estándar,3273.75,1,7,2018-12-26,No
CLI-004369,CTR-004369,37,Sevilla,64,89.25,Web,Premium,,5,,2021-05-15,No
CLI-002615,CTR-002615,57,Málaga,45,38.34,Tienda,Estándar,1718.31,2,8,2022-12-05,No
CLI-008325,CTR-008325,29,Zaragoza,80,82.68,Aplicación,Premium,3723.97,3,8,2020-01-16,No
CLI-006145,CTR-006145,37,Valencia,38,42.45,Aplicación,Básico,,3,,2023-07-23,Sí
CLI-000006,CTR-000006,34,Valencia,8,29.53,Web,Empresa,,1,,2026-01-06,No
CLI-002021,CTR-002021,33,Málaga,93,41,Web,Empresa,1643.62,0,6,2018-12-28,No
CLI-009240,CTR-009240,32,Málaga,26,74.16,Tienda,Estándar,,6,,2024-07-08,Sí
CLI-008400,CTR-008400,64,Barcelona,47,87.22,Web,Básico,2413.42,4,7,2022-10-24,No
CLI-006397,CTR-006397,34,Alicante,40,57.85,Web,Premium,3934.61,1,,2023-05-17,No
CLI-004196,CTR-004196,47,Valencia,68,49.92,Tienda,Básico,3270.1,4,6,2021-01-09,No
CLI-003317,CTR-003317,62,Zaragoza,95,52.84,Tienda,Básico,2103.04,3,8,2018-10-09,No
CLI-000356,CTR-000356,32,Madrid,47,70.23,Web,Básico,4205.45,0,6,2022-10-21,No
CLI-009215,CTR-009215,57,Barcelona,16,52.89,Teléfono,Estándar,2567.32,3,2,2025-05-25,Sí
CLI-009401,CTR-009401,43,Madrid,24,65.69,Teléfono,Estándar,1953.34,6,8,2024-09-03,No
CLI-001992,CTR-001992,43,Madrid,39,42.22,Web,Premium,,2,,2023-06-16,No
CLI-001492,CTR-001492,25,Sevilla,94,55.8,Aplicación,Básico,3086.46,1,7,2018-11-16,No
CLI-002298,CTR-002298,61,Valencia,76,64.26,Web,Premium,3184.98,1,,2020-05-16,No
CLI-003864,CTR-003864,34,Madrid,8,83.58,Tienda,Básico,1738.42,5,5,2026-01-07,Sí
CLI-002493,CTR-002493,20,Málaga,38,58.26,Web,Estándar,,1,8,2023-07-06,No
CLI-002586,CTR-002586,35,Madrid,31,67.72,,Estándar,3719.02,4,3,2024-02-14,Sí
CLI-007086,CTR-007086,44,Valencia,15,26,Teléfono,Empresa,2883.92,5,,2025-06-21,No
CLI-009651,CTR-009651,38,Zaragoza,46,91.71,Web,Básico,849.93,6,7,2022-11-24,Sí
CLI-005661,CTR-005661,46,Madrid,34,86.41,Web,Básico,2658.56,0,9,2023-11-26,No
CLI-000895,CTR-000895,40,Barcelona,68,48.91,Teléfono,Estándar,,3,8,2021-01-17,No
CLI-007924,CTR-007924,21,Madrid,75,70.78,Tienda,Estándar,2724.46,0,5,2020-06-19,No
CLI-000405,CTR-000405,41,Barcelona,56,40.58,Aplicación,Estándar,3138.42,1,9,2022-01-04,No
CLI-002147,CTR-002147,50,Madrid,81,50.83,Aplicación,Estándar,1920.85,2,6,2019-12-17,No
CLI-002812,CTR-002812,51,Zaragoza,96,63.8,Tienda,Básico,,0,8,2018-09-24,No
CLI-008979,CTR-008979,33,Sevilla,69,66.2,Web,Estándar,,4,9,2020-12-08,No
CLI-003062,CTR-003062,37,Zaragoza,49,51.06,Teléfono,Básico,,1,,2022-08-24,No
CLI-004752,CTR-004752,58,Valencia,47,40.56,Aplicación,Premium,,0,8,2022-10-13,No
CLI-006289,CTR-006289,46,Zaragoza,30,67.48,Tienda,Básico,2961.56,7,4,2024-03-09,Sí
CLI-004036,CTR-004036,36,Valencia,13,52.22,Web,Empresa,1246.08,3,,2025-08-25,Sí
CLI-005707,CTR-005707,27,Valencia,38,130.79,Tienda,Estándar,2518.77,5,6,2023-07-24,Sí
CLI-001449,CTR-001449,40,Zaragoza,48,46.18,Teléfono,Premium,2353.9,3,8,2022-09-10,No
CLI-008652,CTR-008652,57,Málaga,9,75.95,Tienda,Básico,2457.48,1,8,2025-12-14,No
CLI-001857,CTR-001857,18,Málaga,26,29.87,Web,Estándar,1236.31,5,,2024-07-14,Sí
CLI-005228,CTR-005228,36,Barcelona,81,76.81,Aplicación,Premium,1028.56,0,7,2019-12-04,No
CLI-001740,CTR-001740,57,Barcelona,31,44.96,Aplicación,Básico,2448.58,2,8,2024-02-17,No
CLI-003003,CTR-003003,37,Sevilla,1,84.57,Teléfono,Básico,,1,,2026-08-18,Sí
CLI-006158,CTR-006158,37,Madrid,14,64.52,Teléfono,Estándar,3506.05,1,6,2025-07-08,No
CLI-004015,CTR-004015,53,Barcelona,7,62.76,Aplicación,Empresa,,0,9,2026-02-13,No
CLI-000386,CTR-000386,51,Barcelona,24,90.07,Web,Básico,2162.16,3,8,2024-09-26,Sí
CLI-005114,CTR-005114,39,Zaragoza,42,62.24,Tienda,Básico,2486.8,3,,2023-03-23,No
CLI-003210,CTR-003210,18,Zaragoza,9,51.81,Aplicación,Básico,2364.31,0,7,2025-12-15,No
CLI-004262,CTR-004262,42,Valencia,64,25.42,Aplicación,Premium,2003.53,2,5,2021-05-05,No
CLI-008026,CTR-008026,36,Málaga,20,59.15,Teléfono,Estándar,1554.17,5,,2025-01-28,Sí
CLI-005142,CTR-005142,43,Zaragoza,30,37.91,Tienda,Básico,1708,5,5,2024-03-01,Sí
CLI-005929,CTR-005929,38,Valencia,39,86.49,Aplicación,Estándar,,2,7,2023-06-10,No
CLI-003967,CTR-003967,32,Madrid,31,68.16,Web,Estándar,2110.85,4,7,2024-02-08,No
CLI-003894,CTR-003894,51,Madrid,44,26.11,web,Básico,,4,8,2023-01-23,No
CLI-003589,CTR-003589,19,Sevilla,94,26.7,Tienda,Básico,2503.3,3,7,2018-11-14,No
CLI-007646,CTR-007646,40,Madrid,24,74.39,web,Estándar,1798.6,2,5,2024-09-23,No
CLI-004466,CTR-004466,34,Madrid,23,67.03,Web,Estándar,3041.84,4,7,2024-10-14,Sí
CLI-001727,CTR-001727,18,Madrid,26,73.15,Teléfono,Premium,,6,,2024-07-25,No
CLI-008787,CTR-008787,42,Barcelona,10,74.73,Tienda,Premium,2936.92,4,,2025-11-20,No
CLI-008960,CTR-008960,45,Zaragoza,36,73.38,Web,Empresa,3157.26,7,7,2023-09-16,Sí
CLI-006711,CTR-006711,26,Zaragoza,1,49.5,Web,Estándar,,6,,2026-08-28,Sí
CLI-002136,CTR-002136,32,Madrid,10,67.94,Web,Estándar,2087.36,1,9,2025-11-01,No
CLI-006791,CTR-006791,33,Sevilla,79,44.11,Aplicación,Estándar,2363.08,5,8,2020-02-10,No
CLI-000829,CTR-000829,44,Valencia,76,42.31,Web,Estándar,,2,8,2020-05-10,No
CLI-000701,CTR-000701,44,Murcia,79,63.27,Web,Empresa,2876.93,2,,2020-02-16,No
CLI-008981,CTR-008981,35,Madrid,65,63.38,Web,Premium,1603.39,2,6,2021-04-07,No
CLI-002068,CTR-002068,43,Valencia,13,83.45,Teléfono,Estándar,2649.87,3,,2025-08-28,Sí
CLI-003629,CTR-003629,47,Valencia,85,48.05,Web,Básico,1055.4,4,,2019-08-03,No
CLI-008238,CTR-008238,40,Madrid,35,74.96,Web,Empresa,2694.36,4,,2023-10-13,No
CLI-003719,CTR-003719,39,Madrid,55,38.65,Web,Premium,1535.78,0,,2022-02-21,No
CLI-001307,CTR-001307,52,Madrid,33,79.57,Web,Estándar,3158.41,4,5,2023-12-18,Sí
CLI-007112,CTR-007112,34,Málaga,49,61.24,Aplicación,Estándar,3119.88,6,7,2022-08-19,No
CLI-007907,CTR-007907,56,Madrid,20,81.09,Web,Básico,3464.12,1,7,2025-01-10,No
CLI-005064,CTR-005064,31,Sevilla,14,50.28,Tienda,Premium,3431.85,1,7,2025-07-10,Sí
CLI-006046,CTR-006046,49,Málaga,31,57.26,Teléfono,Empresa,2386.96,3,,2024-02-16,Sí
CLI-005675,CTR-005675,41,Barcelona,16,46.89,Aplicación,Estándar,1447.94,2,6,2025-05-07,No
CLI-003791,CTR-003791,48,Málaga,61,37.97,Tienda,Empresa,,4,,2021-08-11,No
CLI-000076,CTR-000076,40,Barcelona,82,157.57,Tienda,Estándar,5555.31,0,10,2019-11-10,No
CLI-002111,CTR-002111,42,Madrid,66,98.82,Web,Premium,1614.27,3,6,2021-03-24,No
CLI-004595,CTR-004595,31,Madrid,25,55.56,Teléfono,Premium,2162.01,4,3,2024-08-24,Sí
CLI-002841,CTR-002841,43,Barcelona,47,83.28,Web,Básico,,6,,2022-10-23,No
CLI-004951,CTR-004951,29,Zaragoza,19,81.64,Teléfono,Básico,,5,4,2025-02-26,Sí
CLI-002526,CTR-002526,28,Madrid,44,47.47,Web,Estándar,,5,5,2023-01-05,No
CLI-004634,CTR-004634,35,Zaragoza,37,62.47,Tienda,Estándar,3222.55,2,3,2023-08-07,Sí
CLI-002425,CTR-002425,47,Madrid,79,74.16,Aplicación,Básico,3054.14,3,,2020-02-13,No
CLI-005157,CTR-005157,25,Madrid,53,49.11,Tienda,Básico,2616.74,2,8,2022-04-12,No
CLI-009613,CTR-009613,51,Valencia,90,38.68,Tienda,Estándar,1638.26,1,7,2019-03-09,No
CLI-000412,CTR-000412,41,Madrid,1,63.5,Tienda,Básico,3196.41,5,4,2026-08-14,Sí
CLI-005310,CTR-005310,28,Barcelona,69,48.99,Aplicación,Básico,3337.54,3,,2020-12-16,No
CLI-000925,CTR-000925,52,Valencia,5,77.03,Web,Básico,3553.76,1,,2026-04-05,Sí
CLI-003804,CTR-003804,33,Zaragoza,34,67.39,Web,Básico,2406.98,5,5,2023-11-05,Sí
CLI-002889,CTR-002889,45,Madrid,38,35.96,Tienda,Empresa,1435.1,0,8,2023-07-07,No
CLI-001146,CTR-001146,29,Madrid,48,74.28,Tienda,Premium,1671.1,2,,2022-09-16,Sí
CLI-007470,CTR-007470,47,Alicante,22,65.31,Web,Estándar,1788.37,5,4,2024-11-21,Sí
CLI-002746,CTR-002746,34,Madrid,30,30.04,Teléfono,Básico,2848.3,4,6,2024-03-04,Sí
CLI-004526,CTR-004526,52,Murcia,86,40.76,Teléfono,Estándar,1520.18,2,4,2019-07-04,No
CLI-007850,CTR-007850,37,Madrid,48,86.89,Web,Básico,3726.39,2,8,2022-09-05,No
CLI-006776,CTR-006776,32,Alicante,16,43.52,Web,Empresa,2767.87,3,5,2025-05-08,Sí
CLI-005037,CTR-005037,47,Madrid,45,57.88,Tienda,Estándar,,7,6,2022-12-04,Sí
CLI-008868,CTR-008868,41,Barcelona,7,31.6,Aplicación,Premium,,5,7,2026-02-18,Sí
CLI-000083,CTR-009933,41,Málaga,47,64.35,Teléfono,Estándar,3123.36,1,8,2022-10-01,No
CLI-002723,CTR-002723,30,Valencia,51,48.42,Aplicación,Estándar,1250.12,4,9,2022-06-18,No
CLI-007659,CTR-007659,44,Madrid,21,39.44,Aplicación,Premium,1574.3,7,5,2024-12-06,Sí
CLI-005834,CTR-005834,47,Sevilla,29,51.98,Aplicación,Premium,2198.93,4,,2024-04-05,Sí
CLI-005582,CTR-005582,29,Málaga,31,35.93,Teléfono,Premium,2285.2,3,4,2024-02-06,No
CLI-002419,CTR-002419,38,Alicante,30,57.86,Tienda,Básico,3211.87,4,5,2024-03-02,Sí
CLI-005612,CTR-005612,37,Alicante,18,70.27,Tienda,Estándar,3449.82,3,,2025-03-26,Sí
CLI-003094,CTR-003094,59,Zaragoza,13,86.81,Teléfono,Estándar,2475.13,6,5,2025-08-01,Sí
CLI-008085,CTR-008085,18,Madrid,42,105.32,Tienda,Estándar,2969.99,9,7,2023-03-28,Sí
CLI-006258,CTR-006258,34,Murcia,10,98.97,Aplicación,Estándar,2082.96,6,4,2025-11-08,Sí
CLI-005648,CTR-005648,24,Murcia,47,71.47,Aplicación,Premium,1146.38,3,6,2022-10-28,Sí
CLI-007324,CTR-007324,40,Málaga,35,91.45,Web,Premium,2084.76,2,8,2023-10-04,Sí
CLI-001601,CTR-001601,42,Sevilla,78,51.39,Web,Estándar,4063.01,0,8,2020-03-08,No
CLI-004702,CTR-004702,35,Málaga,23,74.8,Tienda,Estándar,2916.38,1,5,2024-10-18,No
CLI-007556,CTR-007556,48,Barcelona,31,36.98,Web,Estándar,3014.2,1,,2024-02-09,No
CLI-002919,CTR-002919,34,Barcelona,35,68.88,WEB,Premium,1173.16,2,,2023-10-02,Sí
CLI-004833,CTR-004833,37,Málaga,11,111.57,Web,Básico,3085.12,0,,2025-10-19,No
CLI-006563,CTR-006563,40,Madrid,16,40.72,Web,Empresa,4094.9,0,7,2025-05-21,No
CLI-007333,CTR-007333,52,Alicante,2,91.67,Teléfono,Estándar,1280.78,4,4,2026-07-07,Sí
CLI-005741,CTR-005741,57,Valencia,15,73.47,Web,Premium,1985.93,2,,2025-06-09,No
CLI-001716,CTR-001716,38,Málaga,28,29.23,Web,Básico,2882.71,1,,2024-05-25,No
CLI-005551,CTR-005551,29,Sevilla,29,55.92,Teléfono,Premium,2881.05,0,7,2024-04-15,No
CLI-005314,CTR-005314,33,Murcia,36,67.45,Web,Premium,3624.26,2,,2023-09-06,No
CLI-007760,CTR-007760,50,Valencia,-2,47.88,Tienda,Estándar,2411.18,0,7,2020-02-03,No
CLI-008621,CTR-008621,27,Zaragoza,25,35.49,Tienda,Básico,3029.63,5,5,2024-08-07,Sí
CLI-008922,CTR-008922,57,Murcia,72,71.28,Web,Estándar,4814.64,1,6,2020-09-05,No
CLI-005291,CTR-005291,21,Murcia,44,113.27,Web,Estándar,3504.38,2,,2023-01-09,Sí
CLI-008274,CTR-008274,38,Zaragoza,9,56.18,Tienda,Estándar,,3,6,2025-12-22,Sí
CLI-004299,CTR-004299,27,Madrid,60,44.26,Tienda,Premium,4924.53,0,,2021-09-13,No
CLI-007965,CTR-007965,47,Málaga,51,59.61,Aplicación,Estándar,3060.83,0,,2022-06-26,No
CLI-002744,CTR-002744,55,Málaga,40,48.76,Web,Estándar,750,4,,2023-05-04,No
CLI-004994,CTR-004994,29,Málaga,96,33.83,Teléfono,Básico,2993.13,1,7,2018-09-02,No
CLI-007035,CTR-007035,50,Barcelona,15,37.97,Teléfono,Estándar,,1,8,2025-06-04,No
CLI-009794,CTR-009794,55,Sevilla,43,82.51,Teléfono,Estándar,3492.19,0,10,2023-02-02,No
CLI-008305,CTR-008305,49,Madrid,67,91.54,Teléfono,Básico,3080.6,3,,2021-02-19,No
CLI-001846,CTR-001846,28,Málaga,86,53.62,Web,Estándar,3209.95,0,6,2019-07-16,No
CLI-007037,CTR-007037,39,Valencia,43,66.33,Aplicación,Premium,,3,6,2023-02-01,Sí
CLI-003156,CTR-003156,58,Barcelona,49,84.13,Tienda,Premium,2124.18,2,5,2022-08-16,No
CLI-009433,CTR-009433,26,Murcia,75,72.25,Web,Estándar,2596.64,0,,2020-06-08,No
CLI-002727,CTR-002727,78,Madrid,35,78.92,Web,Estándar,1949.03,5,6,2023-10-21,No
CLI-004031,CTR-004031,36,Valencia,24,44.03,Tienda,Estándar,750,3,4,2024-09-07,Sí
CLI-004367,CTR-004367,62,Valencia,68,69.1,Web,Estándar,2999.33,5,6,2021-01-15,No
CLI-009739,CTR-009739,39,Madrid,10,34.21,Web,Estándar,,5,4,2025-11-21,Sí
CLI-009369,CTR-009369,41,Barcelona,27,48.13,Tienda,Estándar,,4,,2024-06-19,Sí
CLI-004903,CTR-004903,19,Madrid,43,92.53,Web,Empresa,1914.76,5,7,2023-02-14,Sí
CLI-004560,CTR-004560,41,Málaga,79,37.45,Web,Empresa,,3,,2020-02-19,No
CLI-005121,CTR-005121,44,Murcia,37,65.53,Web,Estándar,2677.99,2,,2023-08-02,No
CLI-006891,CTR-006891,56,Barcelona,23,74.37,Tienda,Premium,2805.01,0,6,2024-10-17,No
CLI-001431,CTR-001431,48,Madrid,39,33.11,Web,Premium,,5,5,2023-06-13,Sí
CLI-007998,CTR-007998,33,Valencia,19,54.55,Web,Empresa,2382.72,4,,2025-02-22,Sí
CLI-000414,CTR-000414,33,Alicante,40,64.05,Tienda,Premium,3386.2,3,5,2023-05-20,Sí
CLI-003047,CTR-003047,28,Madrid,71,78.53,Web,Estándar,1687.33,1,9,2020-10-15,No
CLI-003961,CTR-003961,54,Madrid,90,58.24,Tienda,Básico,3158.58,1,7,2019-03-02,No
CLI-007603,CTR-007603,48,Madrid,34,44.06,Web,Básico,5299.5,1,,2023-11-04,No
CLI-007424,CTR-007424,18,Málaga,24,84.02,Tienda,Básico,1996.87,5,,2024-09-23,Sí
CLI-007718,CTR-007718,39,Sevilla,16,53.84,Web,Básico,2627.32,4,,2025-05-08,No
CLI-009190,CTR-009190,43,Alicante,73,83.1,Teléfono,Estándar,2813.71,0,6,2020-08-05,No
CLI-002544,CTR-002544,40,Madrid,61,60.26,Aplicación,Básico,2355.82,0,6,2021-08-23,No
CLI-003464,CTR-003464,44,Barcelona,75,71.12,Web,Empresa,2820.09,0,8,2020-06-26,No
CLI-006065,CTR-006065,25,Madrid,29,18.83,Teléfono,Estándar,1451.49,2,,2024-04-11,No
CLI-006469,CTR-006469,31,Barcelona,66,76.31,Tienda,Estándar,,3,8,2021-03-14,No
CLI-006238,CTR-006238,45,Alicante,31,39.09,Teléfono,Premium,,1,,2024-02-13,No
CLI-000779,CTR-000779,18,Barcelona,12,78.74,Tienda,Básico,1399.9,5,6,2025-09-10,Sí
CLI-009118,CTR-009118,41,Madrid,68,56.71,Teléfono,Básico,4554.39,0,,2021-01-27,No
CLI-002687,CTR-002687,57,Madrid,15,73.44,Aplicación,Estándar,,2,,2025-06-13,Sí
CLI-004396,CTR-004396,40,Madrid,1,36.32,Web,Estándar,3126.85,6,4,2026-08-14,Sí
CLI-001069,CTR-001069,30,Madrid,19,57.59,Web,Premium,1554.67,5,,2025-02-04,Sí
CLI-008805,CTR-008805,32,Madrid,35,99.05,Aplicación,Estándar,750,4,5,2023-10-14,Sí
CLI-005108,CTR-005108,47,Madrid,3,51.97,Teléfono,Premium,,6,,2026-06-23,Sí
CLI-003794,CTR-003794,46,Sevilla,35,70.8,Tienda,Básico,2615.01,5,5,2023-10-17,Sí
CLI-003689,CTR-003689,40,Sevilla,87,69.65,Aplicación,Premium,,2,4,2019-06-04,No
CLI-000301,CTR-000301,45,Madrid,23,44.32,Web,Estándar,3148.15,0,9,2024-10-21,No
CLI-001392,CTR-001392,31,Murcia,22,81.42,Tienda,Premium,3980.02,0,8,2024-11-01,No
CLI-007260,CTR-007260,45,Valencia,2,66.48,Teléfono,Estándar,3163.63,3,5,2026-07-23,Sí
CLI-004920,CTR-004920,51,Madrid,32,24.13,Web,Empresa,,2,7,2024-01-13,Sí
CLI-008035,CTR-008035,49,Zaragoza,26,34.15,Aplicación,Premium,,5,10,2024-07-21,No
CLI-002969,CTR-002969,43,Valencia,83,39.15,Web,Estándar,2272.04,5,,2019-10-21,No
CLI-000628,CTR-000628,54,Sevilla,5,45.72,Tienda,Estándar,,4,3,2026-04-07,Sí
CLI-008131,CTR-008131,25,Zaragoza,3,48.47,Web,Estándar,2687.78,6,5,2026-06-19,Sí
CLI-002465,CTR-002465,49,Madrid,7,22.38,WEB,Empresa,,1,9,2026-02-23,No
CLI-005619,CTR-005619,25,Barcelona,27,77.47,Web,Básico,2539.62,3,2,2024-06-23,Sí
CLI-000485,CTR-000485,58,Zaragoza,30,120.23,Aplicación,Premium,,4,7,2024-03-25,Sí
CLI-008666,CTR-008666,39,Barcelona,29,79.76,Tienda,Básico,,4,6,2024-04-24,Sí
CLI-002242,CTR-002242,48,Barcelona,39,83.49,Web,Premium,2185.06,6,,2023-06-05,Sí
CLI-007341,CTR-007341,43,Málaga,94,56.46,Web,Empresa,2436.72,2,7,2018-11-06,No
CLI-004248,CTR-004248,37,Barcelona,13,73.1,Web,Empresa,2456.6,7,2,2025-08-24,Sí
CLI-000113,CTR-000113,35,Barcelona,11,65.8,Teléfono,Estándar,2134.06,3,6,2025-10-17,Sí
CLI-006973,CTR-006973,47,Sevilla,48,45.16,Aplicación,Estándar,,4,9,2022-09-20,No
CLI-002036,CTR-002036,42,Sevilla,43,43.61,Web,Estándar,1300.56,4,,2023-02-15,No
CLI-008753,CTR-008753,42,Zaragoza,48,105.96,Web,Básico,2107.58,4,3,2022-09-28,Sí
CLI-009542,CTR-009542,45,Alicante,82,38.86,Web,Básico,3062.56,0,6,2019-11-05,No
CLI-009625,CTR-009625,40,Sevilla,42,63.85,Aplicación,Premium,2293.21,5,4,2023-03-19,Sí
CLI-001771,CTR-001771,38,Barcelona,42,47.8,Teléfono,Estándar,3353.85,2,,2023-03-24,No
CLI-006830,CTR-006830,50,Madrid,31,15.99,Web,Estándar,2054.74,6,5,2024-02-11,No
CLI-003896,CTR-003896,52,Madrid,94,77.67,Web,Estándar,3502.67,0,,2018-11-24,No
CLI-008884,CTR-008884,49,Valencia,57,78.34,Web,Empresa,2953.49,4,10,2021-12-27,No
CLI-005833,CTR-005833,44,Zaragoza,57,48.28,Aplicación,Estándar,,1,8,2021-12-28,No
CLI-000462,CTR-000462,57,Madrid,84,46.28,Aplicación,Premium,2919.01,0,7,2019-09-10,No
CLI-001425,CTR-001425,48,Málaga,87,67.38,Teléfono,Estándar,2738.69,2,8,2019-06-22,No
CLI-003627,CTR-003627,33,Alicante,18,99.93,Teléfono,Estándar,,3,,2025-03-18,Sí
CLI-002133,CTR-002133,34,Málaga,72,85.55,Web,Básico,3038.93,1,,2020-09-27,No
CLI-003636,CTR-003636,32,Barcelona,14,82.31,Tienda,Básico,2756.43,1,,2025-07-20,Sí
CLI-000315,CTR-000315,58,Zaragoza,69,48.69,Teléfono,Estándar,2247.96,6,,2020-12-04,No
CLI-006311,CTR-006311,43,Barcelona,31,81.66,Web,Básico,3123.66,7,6,2024-02-02,Sí
CLI-005259,CTR-005259,33,Zaragoza,30,73.54,Teléfono,Premium,2098.63,1,4,2024-03-16,Sí
CLI-004167,CTR-004167,47,Sevilla,66,50.17,Tienda,Estándar,3397.56,4,,2021-03-23,No
CLI-002949,CTR-002949,29,Sevilla,64,58.24,web,Básico,3659.73,3,7,2021-05-18,No
CLI-004750,CTR-004750,41,Alicante,45,109.02,Aplicación,Premium,1636.8,7,4,2022-12-17,Sí
CLI-003785,CTR-003785,48,Zaragoza,35,76.04,Teléfono,Estándar,4146.57,6,4,2023-10-23,Sí
CLI-007899,CTR-007899,32,Madrid,52,37.72,Tienda,Premium,,0,7,2022-05-13,No
CLI-007017,CTR-007017,39,Madrid,12,73.19,Aplicación,Estándar,2736.29,2,5,2025-09-11,No
CLI-009266,CTR-009266,61,Madrid,57,49.78,Aplicación,Estándar,2430.43,4,9,2021-12-10,No
CLI-000643,CTR-000643,39,Zaragoza,25,269.12,Teléfono,Básico,,2,,2024-08-16,Sí
CLI-008498,CTR-008498,40,Zaragoza,52,70.31,Teléfono,Estándar,2767.56,2,9,2022-05-16,No
CLI-004305,CTR-004305,63,Barcelona,15,60.47,Web,Básico,4037.43,0,7,2025-06-24,No
CLI-006566,CTR-006566,24,Barcelona,33,50.68,Tienda,Básico,,6,6,2023-12-19,Sí
CLI-005687,CTR-005687,61,Valencia,33,13.05,Web,Básico,3591.68,0,8,2023-12-19,No
CLI-001937,CTR-001937,47,Madrid,43,92.88,Web,Estándar,,1,8,2023-02-07,No
CLI-005252,CTR-005252,45,Sevilla,15,35.42,Web,Estándar,,0,,2025-06-22,No
CLI-003776,CTR-003776,59,Madrid,4,86.05,Web,Estándar,2032.14,5,,2026-05-02,Sí
CLI-002979,CTR-002979,37,Murcia,44,95.43,Tienda,Estándar,,5,,2023-01-22,Sí
CLI-004580,CTR-004580,33,Málaga,45,46.84,Tienda,Estándar,1421.56,2,,2022-12-09,Sí
CLI-008746,CTR-008746,50,Murcia,52,56.86,Teléfono,Estándar,3418.37,1,,2022-05-20,No
CLI-002933,CTR-002933,38,Barcelona,80,35.31,web,Premium,3424.68,0,7,2020-01-12,No
CLI-006740,CTR-006740,36,Zaragoza,34,74.41,Web,Premium,4056.99,4,,2023-11-14,Sí
CLI-004247,CTR-004247,44,Madrid,5,68.54,Web,Premium,,2,7,2026-04-16,Sí
CLI-003920,CTR-003920,49,Barcelona,44,75.45,Tienda,Empresa,2746.79,6,,2023-01-23,Sí
CLI-005254,CTR-005254,77,Barcelona,61,52.46,Web,Estándar,2366.2,3,7,2021-08-20,No
CLI-007682,CTR-007682,53,Málaga,45,80.41,WEB,Premium,,6,,2022-12-19,Sí
CLI-007860,CTR-007860,32,Madrid,18,66.39,Tienda,Estándar,3043.29,7,8,2025-03-28,Sí
CLI-000706,CTR-000706,55,Málaga,73,44.88,Tienda,Estándar,2078.04,0,6,2020-08-14,No
CLI-002733,CTR-002733,18,Barcelona,42,79.42,Web,Básico,4256.87,0,7,2023-03-21,No
CLI-001162,CTR-001162,46,Murcia,80,69.71,Teléfono,Premium,2223.53,0,5,2020-01-01,No
CLI-000062,CTR-000062,51,Sevilla,33,84.79,Web,Estándar,1984.98,2,,2023-12-05,No
CLI-002186,CTR-002186,37,Zaragoza,81,69.03,Web,Estándar,3533.48,1,9,2019-12-01,No
CLI-009609,CTR-009609,62,Madrid,7,74.78,web,Básico,1900.68,0,7,2026-02-13,No
CLI-000760,CTR-000760,43,Murcia,11,44.57,Aplicación,Estándar,2682.51,1,5,2025-10-19,No
CLI-004192,CTR-004192,29,Madrid,76,62.1,Web,Estándar,3767.15,3,,2020-05-13,No
CLI-005416,CTR-005416,62,Zaragoza,48,70.97,Tienda,Premium,2934.28,0,8,2022-09-18,No
CLI-000154,CTR-000154,56,Madrid,49,86.9,Web,Premium,1673.95,4,10,2022-08-08,No
CLI-004898,CTR-004898,45,Barcelona,93,93.37,Web,Estándar,2866.04,2,,2018-12-06,No
CLI-007629,CTR-007629,36,Alicante,6,44.96,Tienda,Estándar,1891.6,5,5,2026-03-12,Sí
CLI-004756,CTR-004756,18,Murcia,67,41.77,Web,Básico,1777.33,0,7,2021-02-25,No
CLI-007276,CTR-007276,44,Barcelona,13,27.42,,Premium,2497.98,2,10,2025-08-24,No
CLI-008380,CTR-008380,63,Valencia,95,66.23,Aplicación,Estándar,3376.18,2,10,2018-10-03,No
CLI-006699,CTR-006699,23,Madrid,5,58.1,Teléfono,Básico,2876.9,4,5,2026-04-05,Sí
CLI-002323,CTR-002323,38,Madrid,74,58.14,Teléfono,Estándar,3032.07,3,,2020-07-26,No
CLI-004040,CTR-004040,40,Barcelona,84,71.99,Tienda,Estándar,2531.03,3,,2019-09-15,No
CLI-002358,CTR-002358,42,Málaga,39,77.18,Aplicación,Estándar,2028.7,4,7,2023-06-11,No
CLI-000776,CTR-000776,46,Madrid,50,79.01,web,Básico,3236.09,3,,2022-07-23,No
CLI-000901,CTR-000901,60,Madrid,29,45.4,Teléfono,Empresa,1867.47,0,4,2024-04-13,Sí
CLI-007550,CTR-007550,42,Madrid,57,55.46,web,Básico,,3,7,2021-12-19,No
CLI-003524,CTR-003524,64,Barcelona,32,44.03,Web,Premium,1902.73,7,,2024-01-11,Sí
CLI-000547,CTR-000547,39,Valencia,20,43.01,Aplicación,Empresa,2406.28,2,8,2025-01-18,No
CLI-003604,CTR-003604,37,Sevilla,54,70.68,Tienda,Básico,2322.75,2,10,2022-03-15,No
CLI-002154,CTR-002154,47,Valencia,34,50.92,Web,Estándar,2085.19,5,,2023-11-05,No
CLI-001318,CTR-001318,44,Sevilla,36,61.26,Web,Premium,3584.03,1,,2023-09-19,No
CLI-001566,CTR-001566,61,Murcia,10,59.58,Teléfono,Básico,2309.79,4,4,2025-11-16,Sí
CLI-004447,CTR-004447,36,Murcia,30,52.89,Tienda,Básico,,5,6,2024-03-24,Sí
CLI-007666,CTR-007666,38,Valencia,22,70.6,Tienda,Estándar,2006.29,2,10,2024-11-18,No
CLI-006355,CTR-006355,34,Sevilla,68,49.73,Teléfono,Empresa,3089.52,2,7,2021-01-21,No
CLI-002897,CTR-002897,53,Valencia,55,27.9,Web,Premium,1992.33,4,,2022-02-20,No
CLI-007897,CTR-007897,54,Murcia,13,77.77,Web,Básico,750,2,,2025-08-19,No
CLI-000943,CTR-000943,52,Valencia,46,65.91,Aplicación,Básico,2722.77,0,,2022-11-06,No
CLI-005517,CTR-005517,28,Valencia,19,57.51,Web,Estándar,,0,7,2025-02-04,No
CLI-004456,CTR-004456,58,Barcelona,30,80.94,web,Básico,2195.77,4,5,2024-03-15,Sí
CLI-003983,CTR-003983,55,Barcelona,75,24.22,Tienda,Estándar,4166.91,5,9,2020-06-05,No
CLI-000545,CTR-000545,58,Zaragoza,30,53.26,WEB,Estándar,2482.14,2,9,2024-03-25,No
CLI-004131,CTR-004131,43,Alicante,2,59.43,Teléfono,Premium,,3,,2026-07-23,Sí
CLI-009743,CTR-009743,32,Madrid,49,88.1,Web,Premium,2271.5,1,,2022-08-20,No
CLI-007038,CTR-007038,71,Barcelona,21,114.36,Web,Estándar,2597.33,5,,2024-12-15,Sí
CLI-008894,CTR-008894,24,Murcia,26,51.1,Web,Básico,3002.02,2,7,2024-07-17,No
CLI-008722,CTR-008722,20,Barcelona,46,65.22,Teléfono,Estándar,1183.67,6,,2022-11-08,Sí
CLI-001244,CTR-001244,42,Barcelona,95,61.39,Web,Premium,,3,,2018-10-10,No
CLI-000059,CTR-000059,33,Valencia,82,36.17,Web,Básico,4224.99,2,6,2019-11-10,No
CLI-003100,CTR-003100,49,Sevilla,39,18.6,Tienda,Básico,,3,8,2023-06-02,No
CLI-004264,CTR-004264,47,Málaga,41,62.01,Tienda,Premium,1720.19,2,,2023-04-13,No
CLI-000878,CTR-000878,58,Valencia,32,37.95,Aplicación,Estándar,2769.89,0,9,2024-01-17,No
CLI-005199,CTR-005199,22,Barcelona,55,44.93,Web,Básico,2914.7,1,5,2022-02-14,No
CLI-005562,CTR-005562,58,Zaragoza,68,67.19,Aplicación,Premium,2937.1,1,,2021-01-14,No
CLI-007123,CTR-007123,47,Barcelona,44,43.22,Web,Premium,3339.61,5,5,2023-01-25,No
CLI-005671,CTR-005671,34,Zaragoza,23,66.9,Tienda,Básico,750,4,5,2024-10-10,Sí
CLI-006226,CTR-006226,49,Murcia,58,39.98,Aplicación,Estándar,1957.8,1,8,2021-11-11,No
CLI-003718,CTR-003718,38,Murcia,23,82.13,Teléfono,Estándar,2695.14,1,7,2024-10-08,No
CLI-000747,CTR-000747,41,Madrid,22,93.13,Web,Básico,1853.49,6,,2024-11-08,No
CLI-005863,CTR-005863,57,Madrid,56,56.44,Teléfono,Estándar,,2,,2022-01-06,No
CLI-008136,CTR-008136,54,Zaragoza,29,27.51,web,Estándar,3684.01,3,9,2024-04-05,No
CLI-009199,CTR-009199,49,Murcia,23,55.9,Teléfono,Estándar,3109.65,3,4,2024-10-26,Sí
CLI-002968,CTR-002968,42,Málaga,35,76.18,Tienda,Estándar,1954.01,7,6,2023-10-28,Sí
CLI-002174,CTR-002174,23,Madrid,20,79.91,Tienda,Estándar,2417.41,4,,2025-01-07,Sí
CLI-005423,CTR-005423,59,Madrid,21,50.15,Aplicación,Premium,1848.61,6,4,2024-12-16,Sí
CLI-000579,CTR-000579,42,Sevilla,8,71.16,Web,Básico,2586.52,4,7,2026-01-24,No
CLI-009351,CTR-009351,35,Valencia,10,90.04,Web,Estándar,2674.07,1,,2025-11-09,No
CLI-008833,CTR-008833,29,Madrid,44,53.09,Teléfono,Estándar,2002.4,6,5,2023-01-09,Sí
CLI-000723,CTR-000723,39,Alicante,44,34.61,Aplicación,Empresa,3610.14,1,9,2023-01-13,No
CLI-006447,CTR-006447,63,Barcelona,81,72.32,Teléfono,Estándar,2310.31,1,6,2019-12-17,No
CLI-009692,CTR-009692,38,Barcelona,18,41.45,Teléfono,Premium,1461.14,3,4,2025-03-07,No
CLI-005737,CTR-005737,51,Madrid,34,89.84,Teléfono,Estándar,2210.1,2,5,2023-11-07,Sí
CLI-007089,CTR-007089,73,Zaragoza,63,49.59,Tienda,Estándar,1369.25,0,4,2021-06-19,No
CLI-007437,CTR-007437,56,Valencia,26,68.89,Teléfono,Estándar,,6,3,2024-07-22,Sí
CLI-001476,CTR-001476,43,Madrid,31,49.28,Aplicación,Empresa,2282.93,4,,2024-02-09,No
CLI-006326,CTR-006326,36,Málaga,65,63.3,Web,Estándar,2698.21,6,5,2021-04-11,No
CLI-006465,CTR-006465,49,Málaga,41,44.94,Web,Básico,2780.55,4,9,2023-04-22,No
CLI-005758,CTR-005758,52,Madrid,63,53.76,Web,Premium,2950.69,2,9,2021-06-15,No
CLI-000429,CTR-000429,48,Madrid,35,59.29,Web,Estándar,1042.92,2,,2023-10-23,Sí
CLI-008568,CTR-008568,51,Zaragoza,11,59.54,Tienda,Básico,2068.69,1,,2025-10-13,Sí
CLI-000957,CTR-000957,53,Madrid,32,66.26,Tienda,Estándar,1649.39,4,,2024-01-24,Sí
CLI-007999,CTR-007999,52,Valencia,25,119.22,Web,Básico,2998.04,0,,2024-08-17,No
CLI-000927,CTR-000927,25,Valencia,44,104.36,Web,Básico,2706.92,7,4,2023-01-05,Sí
CLI-008318,CTR-008318,55,Madrid,70,89.32,Web,Premium,2290.34,1,9,2020-11-26,No
CLI-002447,CTR-002447,47,Murcia,20,82.27,Tienda,Premium,3611.66,2,7,2025-01-21,No
CLI-006755,CTR-006755,27,Madrid,37,63.99,Tienda,Básico,1104.61,2,,2023-08-11,No
CLI-007101,CTR-007101,55,Murcia,25,42.32,Web,Estándar,2600.26,3,5,2024-08-05,No
CLI-008903,CTR-008903,46,Barcelona,36,98.83,Web,Premium,1036.45,0,,2023-09-27,No
CLI-004042,CTR-004042,45,Barcelona,59,37.46,Tienda,Premium,,3,10,2021-10-08,No
CLI-006202,CTR-006202,42,Valencia,32,17.58,Web,Premium,2670.04,0,,2024-01-27,No
CLI-007465,CTR-007465,51,Alicante,6,63.02,Tienda,Básico,2576.27,2,7,2026-03-08,No
CLI-006242,CTR-006242,49,Sevilla,49,77.6,Teléfono,Premium,1825.15,2,,2022-08-05,No
CLI-008429,CTR-008429,45,Madrid,44,77.77,Teléfono,Empresa,2775.7,4,,2023-01-17,No
CLI-009083,CTR-009083,47,Barcelona,90,48.81,Aplicación,Básico,1671.79,3,,2019-03-15,No
CLI-005029,CTR-005029,50,Valencia,13,71.97,Web,Premium,2908.33,3,2,2025-08-11,No
CLI-005830,CTR-005830,28,Málaga,55,60.2,Tienda,Estándar,1651.59,4,7,2022-02-15,No
CLI-000759,CTR-000759,39,Sevilla,43,57.89,Tienda,Premium,1762.28,5,5,2023-02-02,Sí
CLI-009506,CTR-009506,41,Madrid,55,55.72,Aplicación,Premium,2599.6,0,,2022-02-26,No
CLI-002976,CTR-002976,56,Valencia,16,76.44,Web,Premium,2031.17,5,,2025-05-11,Sí
CLI-006082,CTR-006082,46,Madrid,8,77.76,Web,Básico,2070.21,4,6,2026-01-03,Sí
CLI-002171,CTR-002171,61,Murcia,32,66.74,Teléfono,Estándar,3303.05,7,4,2024-01-11,Sí
CLI-008303,CTR-008303,53,Madrid,21,55.44,Tienda,Estándar,1944.96,2,6,2024-12-26,Sí
CLI-000498,CTR-000498,26,Sevilla,35,53.94,Tienda,Básico,2810.35,3,,2023-10-10,Sí
CLI-007080,CTR-007080,43,Murcia,33,73.22,Tienda,Estándar,1751.31,2,,2023-12-13,Sí
CLI-002628,CTR-002628,48,Málaga,18,32.07,Aplicación,Estándar,1238.5,2,8,2025-03-20,No
CLI-002182,CTR-002182,51,Málaga,73,83.72,Web,Premium,2295.05,0,,2020-08-12,No
CLI-008698,CTR-008698,45,Madrid,39,91.84,Tienda,Estándar,2557.62,5,5,2023-06-18,Sí
CLI-002117,CTR-002117,62,Málaga,42,34.36,WEB,Premium,1526.1,7,4,2023-03-28,Sí
CLI-008573,CTR-008573,25,Murcia,25,28.51,web,Básico,,3,,2024-08-13,No
CLI-004399,CTR-004399,28,Madrid,23,35.46,Tienda,Estándar,3090.37,3,9,2024-10-15,No
CLI-006510,CTR-006510,54,Sevilla,49,94.59,Tienda,Estándar,2659.29,0,7,2022-08-09,No
CLI-006899,CTR-006899,65,Madrid,47,99.42,Teléfono,Estándar,3076.26,2,9,2022-10-21,No
CLI-005941,CTR-005941,26,Sevilla,83,71.61,Teléfono,Premium,2934.22,2,,2019-10-16,No
CLI-009318,CTR-009318,32,Madrid,82,84.51,Tienda,Empresa,2848.6,4,7,2019-11-23,No
CLI-007795,CTR-007795,52,Zaragoza,51,113.09,Web,Premium,4022.79,0,8,2022-06-27,No
CLI-004954,CTR-004954,54,Valencia,14,48.82,Web,Premium,1857.56,4,,2025-07-10,No
CLI-000960,CTR-000960,42,Alicante,65,45.74,Web,Premium,3112.23,2,8,2021-04-08,No
CLI-002701,CTR-002701,43,Sevilla,33,74.06,Teléfono,Estándar,2668.26,2,10,2023-12-14,No
CLI-008607,CTR-008607,18,Zaragoza,46,50.88,Web,Estándar,1566.45,3,5,2022-11-02,Sí
CLI-004635,CTR-004635,45,Valencia,44,66.97,Teléfono,Básico,3559.95,2,5,2023-01-03,No
CLI-002583,CTR-002583,63,Murcia,91,40.1,Teléfono,Básico,2801.15,0,,2019-02-28,No
CLI-004209,CTR-004209,40,Madrid,94,60.65,Tienda,Estándar,,3,7,2018-11-20,No
CLI-009379,CTR-009379,18,Alicante,9,91.25,Tienda,Estándar,849.07,4,,2025-12-06,Sí
CLI-007016,CTR-007016,19,Barcelona,30,77.99,Web,Empresa,3015.39,4,6,2024-03-07,Sí
CLI-008114,CTR-008114,26,Murcia,26,75.51,Teléfono,Estándar,2754.96,5,7,2024-07-01,No
CLI-005744,CTR-005744,35,Madrid,55,44.73,web,Premium,,3,,2022-02-08,No
CLI-000548,CTR-000548,35,Barcelona,8,94.68,WEB,Premium,2204.94,5,,2026-01-07,Sí
CLI-009770,CTR-009770,47,Zaragoza,29,46.59,Web,Básico,3117.7,3,7,2024-04-10,Sí
CLI-005304,CTR-005304,53,Alicante,81,25.2,Tienda,Premium,4047.81,3,10,2019-12-23,No
CLI-007298,CTR-007298,55,Barcelona,55,18.07,Teléfono,Estándar,4233.96,0,6,2022-02-24,No
CLI-002704,CTR-002704,43,Barcelona,45,90.76,Tienda,Básico,3317.33,4,8,2022-12-23,No
CLI-004891,CTR-004891,30,Madrid,10,59.05,Web,Básico,2171.57,1,7,2025-11-28,Sí
CLI-003908,CTR-003908,54,Barcelona,91,55.24,Web,Básico,1759.38,0,,2019-02-20,No
CLI-000506,CTR-000506,39,Madrid,83,79.09,Web,Estándar,2615.94,3,8,2019-10-16,No
CLI-007351,CTR-007351,30,Madrid,42,63.83,WEB,Empresa,,5,5,2023-03-25,Sí
CLI-006357,CTR-006357,21,Valencia,17,82.96,Web,Estándar,2733.29,2,6,2025-04-04,Sí
CLI-007330,CTR-007330,38,Madrid,33,53.12,Web,Estándar,750,0,,2023-12-06,No
CLI-005919,CTR-005919,75,Málaga,70,77.89,Tienda,Básico,3393.98,1,,2020-11-12,No
CLI-002668,CTR-002668,67,Valencia,90,71.14,Web,Premium,3667.91,0,10,2019-03-08,No
CLI-003150,CTR-003150,22,Sevilla,10,17.27,Teléfono,Básico,3923.13,4,,2025-11-12,No
CLI-000008,CTR-009858,59,Barcelona,14,89.89,Web,Estándar,3295.47,0,6,2025-07-02,No
CLI-007216,CTR-007216,34,Barcelona,6,42.94,Web,Premium,1074.29,2,4,2026-03-25,No
CLI-004491,CTR-004491,18,Valencia,33,71.17,Tienda,Estándar,3539.86,5,7,2023-12-26,Sí
CLI-006354,CTR-006354,58,Málaga,32,96.96,Web,Básico,,2,4,2024-01-25,Sí
CLI-007133,CTR-007133,82,Sevilla,59,79.15,Tienda,Estándar,2889.81,2,7,2021-10-15,No
CLI-008514,CTR-008514,28,Madrid,19,70.58,Tienda,Estándar,1982.17,3,4,2025-02-17,Sí
CLI-008699,CTR-008699,48,Málaga,23,104.83,Web,Estándar,1572.1,5,4,2024-10-26,Sí
CLI-007412,CTR-007412,33,Valencia,69,62.44,Tienda,Empresa,,3,,2020-12-01,No
CLI-002665,CTR-002665,30,Barcelona,46,70.04,Aplicación,Estándar,,2,,2022-11-09,No
CLI-006494,CTR-006494,49,Alicante,61,52.38,Web,Estándar,2562.98,1,,2021-08-14,No
CLI-001849,CTR-001849,42,Madrid,42,38.44,Web,Estándar,2028,2,6,2023-03-28,No
CLI-009321,CTR-009321,56,Valencia,88,27.89,Teléfono,Empresa,3146.56,3,,2019-05-20,No
CLI-001968,CTR-001968,44,Madrid,42,38.26,Web,Premium,2908.02,4,,2023-03-02,No
CLI-008559,CTR-008559,21,Zaragoza,3,80.88,Tienda,Premium,2381.52,5,8,2026-06-22,Sí
CLI-009655,CTR-009655,32,Valencia,39,43.59,Aplicación,Básico,2048.61,2,8,2023-06-18,No
CLI-008987,CTR-008987,31,Zaragoza,94,79.83,Web,Premium,2878.33,1,,2018-11-09,No
CLI-003061,CTR-003061,34,Málaga,54,64.44,Teléfono,Básico,3340.33,0,7,2022-03-01,No
CLI-001683,CTR-001683,45,Barcelona,9,51.5,Aplicación,Básico,,0,6,2025-12-17,No
CLI-001522,CTR-001522,40,Alicante,33,56.57,Teléfono,Básico,2167.81,2,,2023-12-23,Sí
CLI-005759,CTR-005759,45,Málaga,35,56.01,Web,Estándar,1430.07,0,6,2023-10-11,No
CLI-004808,CTR-004808,44,Madrid,-10,64.01,Tienda,Estándar,2322.46,2,8,2020-04-12,No
CLI-003595,CTR-003595,21,Sevilla,36,74.06,Web,Empresa,2920.96,2,,2023-09-04,No
CLI-004460,CTR-004460,59,Alicante,71,51.29,Web,Estándar,4100.89,2,9,2020-10-21,No
CLI-004947,CTR-004947,57,Zaragoza,60,30.34,Teléfono,Básico,2552.95,0,7,2021-09-16,No
CLI-002492,CTR-002492,52,Alicante,71,66.77,Web,Estándar,1608.03,1,7,2020-10-06,No
CLI-000307,CTR-000307,33,Sevilla,27,42.78,Teléfono,Estándar,,5,5,2024-06-16,Sí
CLI-001556,CTR-001556,48,Valencia,88,42.48,Aplicación,Básico,2806.6,0,4,2019-05-02,No
CLI-006826,CTR-006826,45,Madrid,96,11.51,Web,Básico,2093.11,3,4,2018-09-25,No
CLI-009372,CTR-009372,45,Valencia,72,53.65,Web,Premium,2728.48,1,8,2020-09-16,No
CLI-008604,CTR-008604,34,Murcia,83,93,web,Empresa,2800.03,0,6,2019-10-01,No
CLI-005166,CTR-005166,22,Valencia,92,29.26,Web,Premium,,0,5,2019-01-08,No
CLI-008630,CTR-008630,52,Madrid,96,48.67,Web,Básico,1248.25,0,6,2018-09-14,No
CLI-004590,CTR-004590,46,Madrid,37,83.03,Tienda,Premium,1906.67,4,6,2023-08-22,Sí
CLI-005059,CTR-005059,43,Valencia,9,73.92,Tienda,Estándar,,3,,2025-12-02,Sí
CLI-004230,CTR-004230,59,Murcia,27,70.76,Web,Básico,2183.06,4,6,2024-06-14,Sí
CLI-003049,CTR-003049,48,Alicante,24,104.62,Web,Estándar,1135.77,5,4,2024-09-07,Sí
CLI-000665,CTR-000665,49,Madrid,57,69.79,Tienda,Empresa,,4,7,2021-12-10,No
CLI-000230,CTR-000230,24,Málaga,41,79.22,Tienda,Estándar,750,6,5,2023-04-25,Sí
CLI-005932,CTR-005932,33,Madrid,14,49.92,Tienda,Empresa,2147.82,2,4,2025-07-01,Sí
CLI-009014,CTR-009014,62,Valencia,43,9.9,Web,Básico,2130.26,6,9,2023-02-24,No
CLI-000745,CTR-000745,28,Barcelona,19,63.53,Web,Empresa,3219.81,6,4,2025-02-02,Sí
CLI-006773,CTR-006773,59,Madrid,84,56.31,Tienda,Estándar,2974.61,1,,2019-09-25,No
CLI-008053,CTR-008053,37,Barcelona,28,57.48,Web,Empresa,4219.82,1,,2024-05-14,No
CLI-009158,CTR-009158,30,Sevilla,89,55.86,Teléfono,Estándar,2729.86,2,6,2019-04-04,No
CLI-003007,CTR-003007,37,Sevilla,28,46.55,WEB,Básico,2683.32,1,8,2024-05-08,No
CLI-001053,CTR-001053,44,Madrid,12,62.24,Tienda,Básico,2820.62,0,8,2025-09-04,No
CLI-005327,CTR-005327,31,Alicante,41,68.99,Web,Básico,,3,,2023-04-03,Sí
CLI-005944,CTR-005944,42,Málaga,52,64.12,web,Premium,1927.41,1,7,2022-05-14,No
CLI-003787,CTR-003787,26,Madrid,26,45,Web,Estándar,3629.98,2,,2024-07-18,Sí
CLI-003144,CTR-003144,46,Sevilla,39,58.51,Web,Empresa,3727.96,4,7,2023-06-18,No
CLI-001986,CTR-001986,62,Madrid,64,74.25,Teléfono,Premium,1087.92,2,10,2021-05-12,No
CLI-007660,CTR-007660,44,Zaragoza,47,38.87,Aplicación,Básico,2359.02,4,5,2022-10-01,Sí
CLI-003556,CTR-003556,52,Madrid,74,78.66,Tienda,Estándar,2999.76,2,,2020-07-05,No
CLI-001671,CTR-001671,53,Madrid,57,63.27,Web,Premium,2891.79,3,9,2021-12-09,No
CLI-008528,CTR-008528,38,Madrid,70,35.7,Aplicación,Empresa,3435.24,5,9,2020-11-22,No
CLI-006496,CTR-006496,55,Sevilla,84,35.36,,Estándar,,1,,2019-09-17,No
CLI-001898,CTR-001898,46,Zaragoza,67,83.43,Web,Estándar,2981.17,0,8,2021-02-16,No
CLI-002697,CTR-002697,37,Sevilla,38,53.35,WEB,Básico,1908.24,2,7,2023-07-12,No
CLI-003205,CTR-003205,18,Murcia,28,79.83,Teléfono,Estándar,2502.93,7,,2024-05-23,Sí
CLI-004145,CTR-004145,44,Málaga,91,95.9,Web,Empresa,2524.21,0,5,2019-02-18,No
CLI-003484,CTR-003484,45,Valencia,76,39.78,Aplicación,Premium,4381.58,2,6,2020-05-01,No
CLI-008328,CTR-008328,44,Madrid,52,79.26,Web,Premium,,2,6,2022-05-03,No
CLI-009127,CTR-009127,36,Valencia,69,27.52,Web,Estándar,2044.32,1,4,2020-12-13,No
CLI-004488,CTR-004488,31,Valencia,18,61.94,Aplicación,Estándar,1495.53,3,3,2025-03-17,Sí
CLI-002322,CTR-002322,45,Madrid,53,47.45,Web,Empresa,1744.09,2,7,2022-04-15,No
CLI-002974,CTR-002974,48,Sevilla,14,56.99,Web,Estándar,3008.3,1,8,2025-07-22,No
CLI-006657,CTR-006657,42,Valencia,29,85.99,Tienda,Básico,2920.92,2,7,2024-04-14,Sí
CLI-000999,CTR-000999,35,Barcelona,7,54.89,Aplicación,Premium,,1,8,2026-02-08,No
CLI-008133,CTR-008133,44,Málaga,64,73.2,Web,Estándar,3004.11,1,6,2021-05-05,No
CLI-000685,CTR-000685,38,Barcelona,36,70.39,Web,Estándar,3099.82,5,5,2023-09-20,No
CLI-005441,CTR-005441,33,Madrid,55,49.93,WEB,Básico,1416.05,3,,2022-02-10,No
CLI-001178,CTR-001178,52,Barcelona,9,45.53,Aplicación,Premium,3140.41,0,6,2025-12-21,No
CLI-006708,CTR-006708,53,Barcelona,15,98.09,Teléfono,Premium,3280.3,2,,2025-06-14,No
CLI-002169,CTR-002169,44,Valencia,30,73.7,Teléfono,Premium,750,3,4,2024-03-14,Sí
CLI-008637,CTR-008637,42,Barcelona,14,67.99,Web,Básico,2880.38,4,10,2025-07-04,No
CLI-003465,CTR-003465,49,Alicante,79,45.9,Web,Estándar,1397.24,2,7,2020-02-11,No
CLI-006265,CTR-006265,27,Madrid,73,46.98,Teléfono,Básico,3756.53,3,7,2020-08-28,No
CLI-003386,CTR-003386,37,Barcelona,91,20.27,Aplicación,Premium,4406.39,0,7,2019-02-04,No
CLI-006084,CTR-006084,27,Alicante,39,79.03,Tienda,Básico,986.13,4,5,2023-06-25,Sí
CLI-000086,CTR-009936,39,Barcelona,23,80.98,Web,Básico,2575.03,5,5,2024-10-24,Sí
CLI-001945,CTR-001945,44,Madrid,81,96.45,web,Premium,2499.61,4,7,2019-12-25,No
CLI-007219,CTR-007219,23,Valencia,51,38.1,Tienda,Premium,3036.61,2,9,2022-06-10,No
CLI-002498,CTR-002498,50,Madrid,25,74.53,Tienda,Estándar,3688.52,0,7,2024-08-27,No
CLI-000127,CTR-000127,51,Zaragoza,8,69.37,Web,Estándar,1019.1,1,5,2026-01-01,Sí
CLI-000612,CTR-000612,44,Barcelona,76,38.95,Tienda,Estándar,2762.48,3,8,2020-05-18,No
CLI-000393,CTR-000393,43,Madrid,33,22.81,Aplicación,Básico,4319.1,3,,2023-12-05,No
CLI-003370,CTR-003370,49,Zaragoza,57,44.79,Web,Estándar,3885.11,5,7,2021-12-06,No
CLI-005021,CTR-005021,49,Madrid,12,33.09,Tienda,Empresa,,7,5,2025-09-14,Sí
CLI-007499,CTR-007499,20,Málaga,17,39.25,Web,Básico,,0,7,2025-04-13,No
CLI-000235,CTR-000235,57,Madrid,4,72.59,Tienda,Estándar,750,4,4,2026-05-06,Sí
CLI-008893,CTR-008893,37,Málaga,1,69.03,Aplicación,Estándar,750,7,6,2026-08-21,Sí
CLI-005552,CTR-005552,53,Barcelona,13,35.41,Aplicación,Estándar,,5,,2025-08-03,No
CLI-007776,CTR-007776,70,Barcelona,69,56.97,Teléfono,Básico,2235.27,0,,2020-12-18,No
CLI-005685,CTR-005685,54,Barcelona,87,53.52,Web,Empresa,2763.11,4,6,2019-06-15,No
CLI-001075,CTR-001075,33,Madrid,35,41.76,Web,Premium,2339.82,1,3,2023-10-05,Sí
CLI-006025,CTR-006025,33,Alicante,20,92.41,Teléfono,Premium,3877.07,2,5,2025-01-20,Sí
CLI-004661,CTR-004661,32,Barcelona,23,50.01,web,Premium,2763.24,1,10,2024-10-16,No
CLI-005225,CTR-005225,61,Málaga,31,76.76,Web,Básico,3593.92,4,7,2024-02-04,Sí
CLI-001393,CTR-001393,37,Málaga,33,67.17,Teléfono,Estándar,,2,,2023-12-27,Sí
CLI-002494,CTR-002494,25,Madrid,35,69.99,Tienda,Premium,1153.51,5,4,2023-10-17,Sí
CLI-001297,CTR-001297,46,Madrid,31,43.64,Tienda,Premium,1883.09,5,,2024-02-19,Sí
CLI-003807,CTR-003807,69,Madrid,32,47.07,web,Estándar,,1,6,2024-01-20,No
CLI-005287,CTR-005287,18,Málaga,44,76.83,Aplicación,Básico,1532.67,4,7,2023-01-02,Sí
CLI-002315,CTR-002315,21,Alicante,95,77.8,Web,Básico,,0,8,2018-10-19,No
CLI-005895,CTR-005895,51,Alicante,18,41.33,Web,Estándar,2062.89,4,,2025-03-19,Sí
CLI-006770,CTR-006770,31,Sevilla,15,35.82,Web,Básico,1133.38,4,6,2025-06-17,Sí
CLI-008617,CTR-008617,73,Málaga,51,23.53,Web,Premium,3328.99,5,,2022-06-10,No
CLI-008070,CTR-008070,41,Murcia,12,43.58,Aplicación,Empresa,1953.19,4,,2025-09-14,Sí
CLI-009161,CTR-009161,44,Valencia,33,76.88,Aplicación,Estándar,3388.87,3,7,2023-12-23,No
CLI-006043,CTR-006043,30,Barcelona,12,88.34,Aplicación,Premium,750,5,6,2025-09-25,Sí
CLI-002003,CTR-002003,38,Zaragoza,48,39.83,Web,Básico,7135.83,5,6,2022-09-04,No
CLI-008508,CTR-008508,42,Zaragoza,2,90.25,Web,Básico,1865.92,4,2,2026-07-12,Sí
CLI-005493,CTR-005493,18,Madrid,30,92.73,Tienda,Básico,1506.42,3,6,2024-03-05,Sí
CLI-008596,CTR-008596,37,Valencia,80,81.61,Web,Estándar,1464.71,0,9,2020-01-22,No
CLI-000302,CTR-000302,42,Murcia,14,69.24,Web,Básico,3617.23,1,8,2025-07-06,No
CLI-004220,CTR-004220,26,Sevilla,78,66.74,Teléfono,Básico,2760.74,3,9,2020-03-14,No
CLI-005396,CTR-005396,42,Madrid,33,53.01,Aplicación,Básico,1521.67,3,6,2023-12-04,Sí
CLI-007471,CTR-007471,28,Madrid,45,67.72,Aplicación,Estándar,,3,9,2022-12-17,No
CLI-007619,CTR-007619,32,Alicante,40,41.84,Web,Premium,3062.28,4,9,2023-05-28,No
CLI-007730,CTR-007730,56,Madrid,86,50.04,Tienda,Premium,2329.66,1,7,2019-07-25,No
CLI-004464,CTR-004464,43,Valencia,40,35.08,WEB,Estándar,,3,,2023-05-06,Sí
CLI-009052,CTR-009052,35,Valencia,89,31.87,Teléfono,Empresa,3782.77,0,10,2019-04-06,No
CLI-003084,CTR-003084,34,Zaragoza,35,175.59,Web,Estándar,,2,,2023-10-25,Sí
CLI-000355,CTR-000355,41,Barcelona,24,115.21,WEB,Estándar,2813.8,3,6,2024-09-10,No
CLI-002326,CTR-002326,49,Valencia,21,90.8,Tienda,Básico,2767.75,6,,2024-12-11,Sí
CLI-009647,CTR-009647,45,Alicante,54,70.51,Aplicación,Empresa,3392.1,0,8,2022-03-14,No
CLI-007316,CTR-007316,33,Alicante,51,74.73,Aplicación,Estándar,1842.42,3,10,2022-06-05,No
CLI-003906,CTR-003906,32,Barcelona,14,99.62,WEB,Premium,1358.1,1,,2025-07-28,No
CLI-009849,CTR-009849,45,Madrid,38,47.4,Tienda,Empresa,2820.5,0,7,2023-07-05,No
CLI-006800,CTR-006800,56,Alicante,40,57.77,Aplicación,Estándar,1937.63,3,7,2023-05-15,Sí
CLI-004594,CTR-004594,32,Barcelona,37,68.94,Aplicación,Básico,3626.55,3,7,2023-08-14,No
CLI-001451,CTR-001451,33,Barcelona,27,49.53,Teléfono,Empresa,783.33,4,9,2024-06-13,No
CLI-008900,CTR-008900,30,Valencia,7,62.58,Aplicación,Estándar,,2,2,2026-02-17,Sí
CLI-006818,CTR-006818,56,Málaga,21,77.73,Web,Básico,2736.78,3,,2024-12-14,No
CLI-005697,CTR-005697,37,Alicante,35,83.62,Web,Empresa,2399.93,6,5,2023-10-26,Sí
CLI-004178,CTR-004178,30,Sevilla,32,53.68,Teléfono,Estándar,2537.09,6,,2024-01-01,Sí
CLI-000167,CTR-000167,50,Madrid,44,71.43,Teléfono,Premium,,4,,2023-01-16,No
CLI-003303,CTR-003303,49,Madrid,96,77.48,Web,Estándar,1628.02,4,10,2018-09-21,No
CLI-000177,CTR-000177,30,Madrid,67,95.95,Tienda,Básico,2290,3,,2021-02-01,No
CLI-000822,CTR-000822,18,Murcia,71,52.38,Tienda,Estándar,3083.77,1,,2020-10-24,No
CLI-003298,CTR-003298,47,Barcelona,9,47.55,Teléfono,Básico,,3,,2025-12-11,No
CLI-006454,CTR-006454,40,Barcelona,87,56.17,Web,Estándar,3306.9,3,7,2019-06-18,No
CLI-002025,CTR-002025,33,Zaragoza,9,84.52,Web,Estándar,2643.3,3,8,2025-12-17,No
CLI-002410,CTR-002410,39,Madrid,47,103.79,Tienda,Estándar,3367.34,7,,2022-10-21,Sí
CLI-005495,CTR-005495,47,Barcelona,47,73.28,Tienda,Estándar,1622.1,0,7,2022-10-22,No
CLI-002094,CTR-002094,48,Sevilla,2,78.23,Tienda,Básico,1677.79,2,4,2026-07-06,Sí
CLI-007635,CTR-007635,58,Madrid,24,86.31,Aplicación,Premium,1848.56,4,,2024-09-19,No
CLI-004888,CTR-004888,27,Zaragoza,24,65.9,Tienda,Estándar,2118,2,8,2024-09-17,No
CLI-003930,CTR-003930,52,Madrid,75,62.5,Web,Estándar,,3,6,2020-06-17,No
CLI-002319,CTR-002319,18,Madrid,5,64.13,Web,Básico,1521.11,4,4,2026-04-25,Sí
CLI-003954,CTR-003954,47,Málaga,25,50.28,Tienda,Básico,3385.25,4,,2024-08-14,Sí
CLI-000991,CTR-000991,53,Zaragoza,70,71,Tienda,Estándar,3452.1,1,,2020-11-13,No
CLI-004729,CTR-004729,65,Sevilla,32,97.86,Web,Estándar,2776.54,4,5,2024-01-06,Sí
CLI-007411,CTR-007411,37,Murcia,38,66.81,Tienda,Básico,3496.41,2,,2023-07-13,Sí
CLI-005040,CTR-005040,52,Zaragoza,45,71.94,Tienda,Estándar,2428.86,2,5,2022-12-17,No
CLI-007349,CTR-007349,61,Murcia,36,83.43,Web,Básico,2022.06,0,7,2023-09-27,No
CLI-009183,CTR-009183,56,Madrid,95,48.19,Teléfono,Empresa,2911.76,0,9,2018-10-03,No
CLI-002804,CTR-002804,50,Sevilla,76,48.44,Web,Estándar,,3,6,2020-05-23,No
CLI-006868,CTR-006868,42,Valencia,28,55.27,Web,Estándar,2705.13,1,,2024-05-04,No
CLI-008284,CTR-008284,62,Valencia,60,68.63,Aplicación,Empresa,2950.21,4,8,2021-09-22,No
CLI-007886,CTR-007886,31,Sevilla,37,35.84,Web,Empresa,,7,8,2023-08-17,No
CLI-001452,CTR-001452,41,Madrid,13,51.55,Teléfono,Empresa,,5,3,2025-08-07,Sí
CLI-000646,CTR-000646,51,Valencia,74,37.51,Tienda,Básico,2851.16,4,,2020-07-18,No
CLI-000110,CTR-000110,32,Barcelona,8,33.95,Web,Premium,2133.45,5,3,2026-01-24,Sí
CLI-008285,CTR-008285,48,Málaga,2,98.89,Web,Estándar,3348.84,3,,2026-07-02,Sí
CLI-008495,CTR-008495,43,Valencia,26,33.97,Web,Premium,1516.46,2,6,2024-07-18,No
CLI-008883,CTR-008883,41,Sevilla,21,96.25,Aplicación,Empresa,2267.99,2,9,2024-12-18,No
CLI-005032,CTR-005032,22,Valencia,44,54.3,Web,Estándar,1262.02,5,2,2023-01-26,Sí
CLI-009371,CTR-009371,42,Málaga,94,68.07,WEB,Premium,3739.62,3,8,2018-11-16,No
CLI-004800,CTR-004800,41,Sevilla,21,82.36,Aplicación,Estándar,2284.1,3,7,2024-12-17,Sí
CLI-005940,CTR-005940,32,Málaga,36,63.05,Teléfono,Premium,2041.31,0,,2023-09-20,Sí
CLI-003033,CTR-003033,18,Valencia,2,48.79,Web,Básico,2368.2,5,2,2026-07-12,Sí
CLI-001773,CTR-001773,32,Murcia,48,56.63,Web,Básico,2504.18,2,,2022-09-21,Sí
CLI-009224,CTR-009224,48,Barcelona,21,51.31,Tienda,Básico,2685.44,5,,2024-12-22,Sí
CLI-008171,CTR-008171,54,Madrid,34,99.8,Web,Estándar,2218.21,5,6,2023-11-25,Sí
CLI-000874,CTR-000874,39,Valencia,61,57.67,Teléfono,Empresa,,3,7,2021-08-05,No
CLI-000942,CTR-000942,39,Málaga,58,65.8,Aplicación,Estándar,1713.6,4,,2021-11-22,No
CLI-000228,CTR-000228,58,Madrid,3,60.66,Tienda,Básico,3040.29,7,8,2026-06-04,Sí
CLI-001852,CTR-001852,48,Zaragoza,13,48.38,Teléfono,Premium,2725.7,2,5,2025-08-24,Sí
CLI-005478,CTR-005478,32,Valencia,38,59.92,Web,Estándar,2694.53,3,6,2023-07-22,Sí
CLI-000373,CTR-000373,43,Murcia,16,90.04,Teléfono,Empresa,4236.31,5,,2025-05-21,Sí
CLI-004495,CTR-004495,42,Madrid,17,42.09,Web,Básico,2652.74,4,,2025-04-20,No
CLI-000140,CTR-000140,49,Valencia,86,47.68,Web,Estándar,,3,4,2019-07-11,No
CLI-007955,CTR-007955,39,Valencia,11,75.73,Teléfono,Estándar,1126.04,5,7,2025-10-13,No
CLI-005890,CTR-005890,40,Málaga,43,88.27,Teléfono,Básico,3435.64,4,9,2023-02-25,No
CLI-000953,CTR-000953,43,Sevilla,10,319.27,Tienda,Básico,11001.39,3,6,2025-11-15,Sí
CLI-004056,CTR-004056,52,Zaragoza,34,32.67,Web,Premium,,4,4,2023-11-15,Sí
CLI-009217,CTR-009217,42,Madrid,59,81.93,Web,Premium,1700.6,2,,2021-10-07,No
CLI-004872,CTR-004872,44,Barcelona,60,45.32,Aplicación,Estándar,2215.99,0,6,2021-09-08,No
CLI-004492,CTR-004492,50,Málaga,41,38.73,Web,Estándar,2830.14,1,6,2023-04-12,No
CLI-005653,CTR-005653,49,Valencia,50,68.9,Web,Estándar,808.24,2,6,2022-07-24,No
CLI-001432,CTR-001432,36,Valencia,74,56.3,,Estándar,2419.86,6,6,2020-07-22,No
CLI-009045,CTR-009045,42,Barcelona,70,68.35,Web,Estándar,4462.21,2,7,2020-11-10,No
CLI-003969,CTR-003969,59,Alicante,92,61.18,Teléfono,Básico,,4,,2019-01-04,No
CLI-003548,CTR-003548,22,Madrid,96,89.99,Web,Estándar,2956.26,3,6,2018-09-09,No
CLI-000853,CTR-000853,42,Murcia,23,86.21,Tienda,Premium,3271.89,6,5,2024-10-19,Sí
CLI-000021,CTR-000021,39,Valencia,8,44.86,Tienda,Básico,3724.35,0,8,2026-01-17,No
CLI-005571,CTR-005571,49,Madrid,39,41.28,Tienda,Básico,2113.04,6,4,2023-06-26,Sí
CLI-000546,CTR-000546,28,Valencia,1,67.26,Aplicación,Empresa,3796.81,5,,2026-08-07,Sí
CLI-001160,CTR-001160,47,Barcelona,53,33.96,Web,Estándar,1489.45,3,,2022-04-06,No
CLI-002647,CTR-002647,51,Madrid,88,59.16,Web,Premium,3153.59,1,10,2019-05-22,No
CLI-001537,CTR-001537,32,Barcelona,75,45.62,Tienda,Premium,2104.46,4,7,2020-06-21,No
CLI-001168,CTR-001168,36,Zaragoza,8,81.24,Tienda,Estándar,,9,6,2026-01-01,Sí
CLI-001263,CTR-001263,43,Madrid,23,90.59,Web,Premium,4825.08,5,10,2024-10-27,No
CLI-000983,CTR-000983,31,Sevilla,16,21.48,Web,Estándar,2190.04,0,8,2025-05-10,No
CLI-006618,CTR-006618,25,Zaragoza,57,69.72,Aplicación,Estándar,4177.01,2,8,2021-12-07,No
CLI-002936,CTR-002936,39,Madrid,27,73.45,Tienda,Premium,2706.75,3,,2024-06-24,Sí
CLI-000729,CTR-000729,40,Sevilla,96,53.07,web,Básico,,4,6,2018-09-01,No
CLI-003266,CTR-003266,30,Barcelona,16,52.38,Tienda,Estándar,,7,,2025-05-03,Sí
CLI-002463,CTR-002463,37,Zaragoza,50,40.54,Web,Estándar,2236.49,0,7,2022-07-04,No
CLI-006328,CTR-006328,27,Zaragoza,18,47.39,WEB,Estándar,1068.14,3,6,2025-03-08,Sí
CLI-009339,CTR-009339,27,Zaragoza,3,76.98,Aplicación,Estándar,3404.55,3,,2026-06-05,Sí
CLI-002765,CTR-002765,26,Barcelona,66,72.92,Teléfono,Básico,2307.26,0,5,2021-03-05,No
CLI-001427,CTR-001427,33,Sevilla,39,101.58,Web,Básico,,7,4,2023-06-07,Sí
CLI-007062,CTR-007062,57,Barcelona,33,44.08,Web,Estándar,3299.4,2,6,2023-12-16,No
CLI-006468,CTR-006468,37,Barcelona,30,84.54,Tienda,Básico,,4,6,2024-03-01,Sí
CLI-004547,CTR-004547,30,Valencia,66,16.41,Web,Estándar,,2,9,2021-03-20,No
CLI-002774,CTR-002774,46,Alicante,45,44.42,Web,Premium,2141.91,4,7,2022-12-27,No
CLI-007473,CTR-007473,30,Murcia,59,24.84,Web,Básico,3265.64,2,,2021-10-08,No
CLI-001369,CTR-001369,60,Alicante,52,30.68,,Premium,1971.61,2,9,2022-05-14,No
CLI-002496,CTR-002496,61,Madrid,37,66.36,WEB,Premium,1836.06,4,9,2023-08-23,No
CLI-007028,CTR-007028,43,Málaga,24,70.74,Web,Premium,1957.82,3,4,2024-09-02,Sí
CLI-004420,CTR-004420,35,Murcia,43,49.69,Tienda,Básico,2867.85,5,10,2023-02-15,No
CLI-001232,CTR-001232,53,Alicante,28,79.64,Web,Básico,2845.38,2,6,2024-05-12,No
CLI-007961,CTR-007961,38,Murcia,31,92.28,Teléfono,Estándar,1282.45,7,,2024-02-19,Sí
CLI-009686,CTR-009686,63,Málaga,32,79.52,Web,Estándar,2779.34,5,,2024-01-19,Sí
CLI-005957,CTR-005957,39,Madrid,28,65.58,Tienda,Estándar,750,2,,2024-05-28,No
CLI-005678,CTR-005678,41,Málaga,7,72.44,Tienda,Estándar,3563.68,3,8,2026-02-26,Sí
CLI-000418,CTR-000418,58,Madrid,41,18.2,web,Empresa,2828.29,0,6,2023-04-13,No
CLI-004475,CTR-004475,32,Madrid,29,45.11,Web,Básico,,3,6,2024-04-21,No
CLI-008168,CTR-008168,40,Zaragoza,89,57.22,Web,Premium,,3,7,2019-04-22,No
CLI-009806,CTR-009806,33,Barcelona,41,50.92,web,Básico,,4,7,2023-04-10,Sí
CLI-009019,CTR-009019,55,Murcia,91,89.11,Web,Premium,3785.44,2,5,2019-02-20,No
CLI-000809,CTR-000809,53,Madrid,1,30.36,Tienda,Estándar,2038.16,4,6,2026-08-08,Sí
CLI-000263,CTR-000263,39,Madrid,37,32.18,Web,Estándar,2715.42,4,8,2023-08-13,No
CLI-004089,CTR-004089,56,Madrid,82,202.02,Tienda,Premium,11002.11,5,8,2019-11-16,No
CLI-005522,CTR-005522,43,Madrid,7,63.88,Teléfono,Premium,3815.5,0,,2026-02-18,No
CLI-009180,CTR-009180,36,Madrid,23,99.61,Aplicación,Estándar,,1,5,2024-10-15,Sí
CLI-000164,CTR-000164,42,Barcelona,10,44.17,Tienda,Premium,2423.51,6,,2025-11-12,Sí
CLI-000679,CTR-000679,21,Madrid,63,58.87,Web,Básico,810.08,0,6,2021-06-27,No
CLI-009665,CTR-009665,32,Valencia,2,71.9,Tienda,Premium,3062.05,10,6,2026-07-04,Sí
CLI-005736,CTR-005736,45,Sevilla,7,75.69,Tienda,Estándar,3151.88,4,4,2026-02-19,Sí
CLI-001554,CTR-001554,40,Alicante,3,74.47,Tienda,Premium,2000.95,6,,2026-06-18,Sí
CLI-003683,CTR-003683,22,Madrid,44,71.38,Aplicación,Básico,2108.4,3,,2023-01-09,Sí
CLI-002721,CTR-002721,38,Madrid,19,58.45,Teléfono,Premium,1979.08,4,6,2025-02-28,Sí
CLI-008223,CTR-008223,45,Zaragoza,32,31.14,Web,Estándar,1257.71,4,5,2024-01-18,Sí
CLI-004724,CTR-004724,38,Madrid,2,38.52,Web,Básico,3381.56,7,6,2026-07-01,Sí
CLI-003623,CTR-003623,26,Murcia,28,61.94,Teléfono,Premium,2886.84,6,3,2024-05-20,Sí
CLI-001341,CTR-001341,32,Sevilla,38,71.44,Web,Premium,2544.97,1,,2023-07-10,No
CLI-008710,CTR-008710,36,Málaga,1,123.88,Tienda,Estándar,1656.71,3,,2026-08-02,Sí
CLI-004470,CTR-004470,50,Barcelona,29,72.15,Web,Empresa,2270.61,8,3,2024-04-07,Sí
CLI-007151,CTR-007151,43,Sevilla,6,66.03,Tienda,Empresa,4918.28,3,9,2026-03-09,No
CLI-001450,CTR-001450,22,Alicante,41,95.05,Tienda,Estándar,3690.33,3,,2023-04-08,Sí
CLI-000717,CTR-000717,43,Madrid,42,59.68,Tienda,Premium,2635.35,5,,2023-03-20,Sí
CLI-000196,CTR-000196,58,Barcelona,70,79.69,Tienda,Básico,3768.14,1,7,2020-11-27,No
CLI-009629,CTR-009629,71,Barcelona,95,45.6,Tienda,Premium,2857.31,0,7,2018-10-18,No
CLI-004267,CTR-004267,41,Murcia,17,80.81,Aplicación,Premium,2438.1,0,8,2025-04-15,No
CLI-002536,CTR-002536,53,Málaga,42,76.12,Teléfono,Estándar,3926.92,3,,2023-03-20,Sí
CLI-001059,CTR-001059,22,Barcelona,5,56.05,Web,Estándar,2803.83,5,6,2026-04-21,Sí
CLI-001516,CTR-001516,47,Madrid,85,42.12,Web,Premium,,0,8,2019-08-05,No
CLI-004331,CTR-004331,58,Alicante,54,65.04,Web,Estándar,3263.35,1,,2022-03-24,No
CLI-004579,CTR-004579,62,Valencia,11,57.16,Teléfono,Básico,2691.09,3,7,2025-10-28,No
CLI-008105,CTR-008105,44,Madrid,69,71.47,Web,Premium,,4,8,2020-12-09,No
CLI-000042,CTR-009892,61,Zaragoza,33,59.82,Web,Estándar,1300.67,4,5,2023-12-01,Sí
CLI-007442,CTR-007442,44,Valencia,72,46.13,Web,Básico,3654.09,3,7,2020-09-24,No
CLI-001228,CTR-001228,58,Alicante,60,51.76,Web,Empresa,2888.04,1,,2021-09-28,No
CLI-004606,CTR-004606,53,Valencia,33,53.17,Web,Básico,1872.88,0,8,2023-12-08,No
CLI-000936,CTR-000936,53,Zaragoza,29,61.5,Web,Premium,,0,6,2024-04-27,No
CLI-008937,CTR-008937,64,Madrid,16,63.92,Web,Básico,2116.25,2,5,2025-05-03,Sí
CLI-003096,CTR-003096,34,Valencia,85,47.51,Aplicación,Estándar,2342.03,1,10,2019-08-21,No
CLI-008063,CTR-008063,43,Zaragoza,27,61.35,Web,Empresa,2313.28,3,,2024-06-25,Sí
CLI-000540,CTR-000540,40,Zaragoza,32,62.29,Web,Básico,2963.96,7,,2024-01-22,No
CLI-007520,CTR-007520,38,Valencia,63,63.55,Teléfono,Básico,2679.62,2,6,2021-06-15,No
CLI-008108,CTR-008108,39,Barcelona,23,59.1,Web,Estándar,1925.47,4,5,2024-10-03,Sí
CLI-009304,CTR-009304,57,Alicante,77,34.55,Aplicación,Premium,3091.48,0,8,2020-04-15,No
CLI-006900,CTR-006900,32,Sevilla,42,46.84,Teléfono,Básico,,6,3,2023-03-09,Sí
CLI-009290,CTR-009290,41,Valencia,37,92.35,Web,Premium,4008.49,2,5,2023-08-09,Sí
CLI-003378,CTR-003378,69,Madrid,57,41.7,Teléfono,Básico,2480.4,4,10,2021-12-19,No
CLI-007083,CTR-007083,42,Valencia,48,43.83,Tienda,Premium,1911.28,3,5,2022-09-24,Sí
CLI-002288,CTR-002288,41,Barcelona,64,72.07,Web,Estándar,1666.18,4,,2021-05-13,No
CLI-003068,CTR-003068,31,Madrid,91,94.6,Web,Estándar,2079.11,4,7,2019-02-25,No
CLI-000911,CTR-000911,40,Málaga,29,44.85,Web,Básico,,3,10,2024-04-02,No
CLI-006904,CTR-006904,49,Málaga,24,87.57,Web,Estándar,,4,5,2024-09-06,Sí
CLI-004831,CTR-004831,49,Málaga,29,68.25,Web,Premium,,1,6,2024-04-14,No
CLI-005796,CTR-005796,30,Madrid,2,39.08,Web,Estándar,3067.72,4,,2026-07-27,Sí
CLI-006490,CTR-006490,53,Sevilla,79,46.81,Aplicación,Empresa,2269.72,1,,2020-02-08,No
CLI-001021,CTR-001021,21,Barcelona,36,45,Web,Estándar,2381.43,2,5,2023-09-08,Sí
CLI-006644,CTR-006644,40,Barcelona,24,59.48,Web,Premium,2058.47,0,10,2024-09-06,No
CLI-005301,CTR-005301,45,Barcelona,31,83.05,Aplicación,Estándar,3198.58,1,,2024-02-17,No
CLI-005401,CTR-005401,33,Valencia,28,47.29,Tienda,Empresa,,4,7,2024-05-28,Sí
CLI-000815,CTR-000815,28,Valencia,46,55.99,Web,Básico,1521.81,3,5,2022-11-15,Sí
CLI-002290,CTR-002290,45,Madrid,27,69.77,web,Estándar,2611.15,5,5,2024-06-16,Sí
CLI-003560,CTR-003560,33,Barcelona,41,74.33,Aplicación,Premium,2542.51,3,4,2023-04-14,Sí
CLI-005626,CTR-005626,35,Sevilla,4,52,Aplicación,Premium,3218.06,1,7,2026-05-20,Sí
CLI-005654,CTR-005654,42,Madrid,42,105.07,Aplicación,Básico,3379.63,2,8,2023-03-28,No
CLI-001595,CTR-001595,44,Zaragoza,12,69.14,WEB,Premium,2824.96,4,9,2025-09-20,No
CLI-008135,CTR-008135,38,Sevilla,73,73.33,web,Estándar,2599.59,0,7,2020-08-07,No
CLI-005407,CTR-005407,72,Zaragoza,33,48.86,Web,Básico,1312.69,2,4,2023-12-21,Sí
CLI-003013,CTR-003013,54,Alicante,13,50.51,Tienda,Estándar,2655.01,5,,2025-08-10,Sí
CLI-007701,CTR-007701,45,Valencia,78,61.45,Aplicación,Básico,2471.71,2,,2020-03-21,No
CLI-009652,CTR-009652,44,Málaga,61,57.77,Web,Empresa,1075.14,3,8,2021-08-28,No
CLI-000792,CTR-000792,23,Murcia,87,66.7,Teléfono,Básico,,3,,2019-06-18,No
CLI-005730,CTR-005730,40,Barcelona,46,46.03,Web,Estándar,3789.75,5,6,2022-11-25,Sí
CLI-001280,CTR-001280,45,Málaga,39,71.62,Tienda,Básico,2753.86,3,8,2023-06-11,No
CLI-001442,CTR-001442,36,Zaragoza,85,60.83,Aplicación,Estándar,4318.3,5,,2019-08-18,No
CLI-006112,CTR-006112,57,Barcelona,39,100.32,Teléfono,Estándar,,1,10,2023-06-27,No
CLI-003841,CTR-003841,34,Barcelona,11,58.99,Aplicación,Estándar,3072.93,1,6,2025-10-14,No
CLI-009638,CTR-009638,42,Valencia,92,53.19,Tienda,Estándar,2945.54,0,,2019-01-06,No
CLI-001545,CTR-001545,67,Valencia,32,44.49,Tienda,Premium,750,7,,2024-01-11,Sí
CLI-003826,CTR-003826,30,Sevilla,57,83.35,Aplicación,Básico,2987.9,1,6,2021-12-03,No
CLI-009251,CTR-009251,42,Madrid,62,61.72,Aplicación,Básico,3508.69,1,8,2021-07-07,No
CLI-004500,CTR-004500,24,Murcia,93,73.36,Web,Premium,,2,7,2018-12-19,No
CLI-004330,CTR-004330,48,Alicante,13,72.73,Tienda,Estándar,,4,4,2025-08-21,Sí
CLI-008636,CTR-008636,53,Barcelona,47,81.04,Aplicación,Premium,,7,,2022-10-18,Sí
CLI-008850,CTR-008850,34,Valencia,54,50.76,Aplicación,Estándar,3838.32,0,10,2022-03-23,No
CLI-001208,CTR-001208,36,Madrid,26,109.13,Web,Básico,2387.08,3,4,2024-07-17,Sí
CLI-008750,CTR-008750,35,Madrid,89,65.79,Web,Empresa,3513.33,0,7,2019-04-26,No
CLI-008507,CTR-008507,41,Málaga,45,41.17,Web,Estándar,2842.69,3,5,2022-12-14,Sí
CLI-000742,CTR-000742,22,Barcelona,48,66.26,,Estándar,,6,7,2022-09-27,Sí
CLI-003602,CTR-003602,36,Madrid,32,89.18,Teléfono,Estándar,,2,5,2024-01-27,Sí
CLI-002725,CTR-002725,47,Málaga,3,83.74,Web,Estándar,1502.31,3,,2026-06-16,Sí
CLI-009047,CTR-009047,64,Madrid,91,30.11,Teléfono,Básico,2114.24,2,,2019-02-25,No
CLI-003361,CTR-003361,30,Madrid,7,35.63,WEB,Estándar,,5,5,2026-02-24,Sí
CLI-002603,CTR-002603,35,Sevilla,57,75.38,Tienda,Estándar,3109.36,5,9,2021-12-27,No
CLI-001314,CTR-001314,37,Valencia,10,55.61,Teléfono,Premium,1842.03,1,,2025-11-24,No
CLI-007445,CTR-007445,32,Barcelona,85,42.15,Tienda,Básico,1385.42,2,7,2019-08-28,No
CLI-007391,CTR-007391,38,Valencia,6,74.29,Tienda,Básico,,1,4,2026-03-07,Sí
CLI-002284,CTR-002284,71,Barcelona,24,120.04,Web,Básico,3613.83,4,,2024-09-19,No
CLI-008205,CTR-008205,50,Madrid,49,9.9,Web,Estándar,,0,,2022-08-07,No
CLI-003709,CTR-003709,58,Valencia,71,38.69,Tienda,Estándar,1871.98,2,6,2020-10-11,No
CLI-006018,CTR-006018,18,Sevilla,38,49.44,Web,Estándar,2912,6,4,2023-07-08,Sí
CLI-001243,CTR-001243,38,Barcelona,36,81.87,Aplicación,Premium,1903.23,6,7,2023-09-06,Sí
CLI-007959,CTR-007959,35,Madrid,36,35.49,Web,Premium,2735.92,2,5,2023-09-16,Sí
CLI-000650,CTR-000650,60,Madrid,87,33.87,Aplicación,Premium,3617.67,5,8,2019-06-07,No
CLI-009276,CTR-009276,45,Madrid,76,75.18,Web,Premium,3426.77,2,7,2020-05-04,No
CLI-005190,CTR-005190,48,Alicante,43,128.87,Web,Premium,1572.05,3,,2023-02-03,Sí
CLI-008959,CTR-008959,49,Barcelona,52,45.89,Tienda,Premium,2295.39,2,8,2022-05-08,No
CLI-004802,CTR-004802,47,Málaga,82,85.27,Web,Básico,3807.01,4,,2019-11-08,No
CLI-007147,CTR-007147,46,Madrid,57,66.07,Web,Estándar,3169.26,1,7,2021-12-04,No
CLI-004458,CTR-004458,18,Barcelona,21,21.89,Teléfono,Estándar,2810.89,6,5,2024-12-06,Sí
CLI-008176,CTR-008176,55,Alicante,66,61.42,Aplicación,Estándar,2544.75,1,5,2021-03-04,No
CLI-006101,CTR-006101,27,Barcelona,8,67.71,Aplicación,Premium,2695.03,3,,2026-01-01,Sí
CLI-008368,CTR-008368,37,Valencia,65,51.91,Web,Básico,,3,6,2021-04-05,No
CLI-008687,CTR-008687,62,Alicante,23,49.53,web,Premium,3284.96,1,6,2024-10-22,No
CLI-006707,CTR-006707,35,Sevilla,64,50.09,WEB,Estándar,3141.29,0,8,2021-05-04,No
CLI-001465,CTR-001465,38,Madrid,-10,70.37,Tienda,Estándar,1658.65,1,7,2025-06-06,No
CLI-007436,CTR-007436,47,Madrid,16,58.04,Web,Premium,,1,7,2025-05-07,No
CLI-006412,CTR-006412,31,Zaragoza,36,77.15,web,Estándar,3453.53,2,4,2023-09-20,Sí
CLI-005876,CTR-005876,21,Valencia,45,82.15,Teléfono,Básico,1991.81,4,,2022-12-16,Sí
CLI-000961,CTR-000961,44,Barcelona,32,62.32,Web,Premium,2135.36,0,,2024-01-11,No
CLI-004680,CTR-004680,51,Málaga,11,59.02,Web,Básico,,2,6,2025-10-12,Sí
CLI-001083,CTR-001083,34,Barcelona,56,48.14,Web,Premium,2007.1,3,6,2022-01-01,No
CLI-005962,CTR-005962,20,Madrid,70,33.7,Web,Básico,2422.15,1,,2020-11-24,No
CLI-007654,CTR-007654,53,Barcelona,32,144.01,Aplicación,Premium,2875.73,2,9,2024-01-20,No
CLI-004875,CTR-004875,55,Valencia,66,49.17,Tienda,Básico,3406.49,6,,2021-03-12,No
CLI-000846,CTR-000846,46,Zaragoza,27,48.19,Web,Básico,2736.29,1,,2024-06-13,No
CLI-006463,CTR-006463,45,Barcelona,87,29.2,Web,Empresa,1819.57,2,6,2019-06-17,No
CLI-001527,CTR-001527,35,Madrid,44,34.91,Web,Premium,2481.99,4,,2023-01-11,No
CLI-008178,CTR-008178,48,Valencia,49,9.9,Aplicación,Básico,1805.76,3,,2022-08-05,No
CLI-003934,CTR-003934,18,Barcelona,20,55.04,Web,Estándar,,0,7,2025-01-20,No
CLI-009294,CTR-009294,20,Sevilla,81,65.26,Tienda,Estándar,1624.65,3,8,2019-12-20,No
CLI-001966,CTR-001966,39,Madrid,87,45.21,web,Premium,,2,8,2019-06-08,No
CLI-008880,CTR-008880,51,Málaga,32,49.03,Aplicación,Estándar,3370.44,0,5,2024-01-13,No
CLI-009720,CTR-009720,56,Valencia,22,49.93,Aplicación,Básico,3096.65,3,,2024-11-05,Sí
CLI-005283,CTR-005283,40,Madrid,37,81.32,Web,Premium,2650.22,6,,2023-08-06,No
CLI-000569,CTR-000569,56,Madrid,82,35.14,Tienda,Estándar,2937.96,3,8,2019-11-08,No
CLI-008532,CTR-008532,33,Madrid,2,55.53,Web,Premium,,5,,2026-07-15,Sí
CLI-008888,CTR-008888,47,Barcelona,53,46.06,Teléfono,Estándar,1974.8,2,,2022-04-23,No
CLI-005334,CTR-005334,54,Sevilla,95,70.17,Web,Básico,3954.04,1,9,2018-10-13,No
CLI-001290,CTR-001290,50,Madrid,19,32.33,Web,Empresa,750,3,4,2025-02-06,Sí
CLI-001223,CTR-001223,56,Zaragoza,73,42.05,Aplicación,Estándar,2849.78,0,,2020-08-26,No
CLI-001259,CTR-001259,30,Sevilla,48,23.22,Aplicación,Básico,1864.97,1,7,2022-09-18,No
CLI-005922,CTR-005922,49,Madrid,30,34.33,Teléfono,Estándar,1731.13,4,6,2024-03-24,No
CLI-002164,CTR-002164,36,Valencia,42,103.21,Web,Básico,,4,7,2023-03-21,Sí
CLI-005716,CTR-005716,27,Madrid,31,64.17,Web,Estándar,2297.48,1,8,2024-02-03,No
CLI-006210,CTR-006210,49,Madrid,18,28.21,Aplicación,Básico,,3,8,2025-03-06,No
CLI-003531,CTR-003531,46,Sevilla,29,28.78,Web,Básico,2731.71,3,7,2024-04-24,No
CLI-004373,CTR-004373,55,Valencia,20,100.32,Web,Estándar,2874.98,4,,2025-01-21,Sí
CLI-005977,CTR-005977,37,Málaga,92,46.97,Web,Premium,2447.35,2,,2019-01-22,No
CLI-005553,CTR-005553,55,Zaragoza,34,50.49,Aplicación,Premium,3577.84,0,9,2023-11-22,No
CLI-001859,CTR-001859,33,Sevilla,35,83.58,,Estándar,2460.27,0,,2023-10-05,Sí
CLI-003910,CTR-003910,18,Málaga,39,67.69,Web,Estándar,1707.18,4,4,2023-06-04,Sí
CLI-001183,CTR-001183,38,Barcelona,43,69.61,Web,Estándar,3118.86,6,,2023-02-09,Sí
CLI-008314,CTR-008314,52,Madrid,30,90.11,Web,Básico,3003.25,0,,2024-03-20,No
CLI-002332,CTR-002332,34,Sevilla,71,44.73,Web,Básico,4485.18,5,,2020-10-08,No
CLI-002336,CTR-002336,24,Madrid,35,39.13,Aplicación,Premium,2133.2,2,6,2023-10-08,No
CLI-002204,CTR-002204,44,Barcelona,31,91.81,Teléfono,Premium,2546.51,3,,2024-02-07,Sí
CLI-008236,CTR-008236,56,Valencia,75,16.86,Web,Estándar,1738.12,2,8,2020-06-12,No
CLI-003240,CTR-003240,50,Sevilla,9,81.1,Web,Estándar,750,4,,2025-12-17,Sí
CLI-000070,CTR-009920,51,Madrid,5,79.01,Tienda,Premium,1990.64,1,3,2026-04-04,Sí
CLI-000977,CTR-000977,57,Murcia,23,61.28,Web,Básico,2483.73,5,,2024-10-13,Sí
CLI-000512,CTR-000512,59,Murcia,21,53.1,Teléfono,Empresa,1672.56,3,8,2024-12-19,No
CLI-006464,CTR-006464,52,Málaga,90,54,Teléfono,Empresa,1302.59,0,,2019-03-13,No
CLI-006622,CTR-006622,61,Madrid,73,27.57,Tienda,Básico,1921.28,4,8,2020-08-13,No
CLI-007631,CTR-007631,33,Valencia,65,60.37,Tienda,Estándar,2967.59,4,,2021-04-12,No
CLI-000329,CTR-000329,21,Sevilla,17,81.33,Tienda,Básico,1845.81,6,7,2025-04-24,Sí
CLI-005077,CTR-005077,59,Málaga,33,77.11,Tienda,Estándar,2401.86,2,,2023-12-21,No
CLI-004516,CTR-004516,34,Madrid,36,85.77,Web,Estándar,1106.9,4,6,2023-09-27,Sí
CLI-004216,CTR-004216,51,Zaragoza,95,73.51,Tienda,Estándar,3330.48,3,,2018-10-06,No
CLI-005294,CTR-005294,44,Madrid,87,44.71,Tienda,Básico,750,2,7,2019-06-22,No
CLI-002770,CTR-002770,33,Zaragoza,93,9.9,Web,Premium,,0,7,2018-12-17,No
CLI-004922,CTR-004922,35,Madrid,69,74.48,Web,Empresa,,3,7,2020-12-21,No
CLI-006320,CTR-006320,28,Murcia,50,57.94,Web,Básico,1984.67,1,9,2022-07-14,No
CLI-009474,CTR-009474,58,Madrid,34,54.7,Aplicación,Estándar,1989.22,2,8,2023-11-15,No
CLI-007095,CTR-007095,48,Madrid,84,190.78,Tienda,Estándar,,2,10,2019-09-22,No
CLI-001089,CTR-001089,41,Madrid,15,105.76,Aplicación,Estándar,750,5,3,2025-06-12,Sí
CLI-002238,CTR-002238,31,Madrid,4,79.34,Web,Estándar,,2,4,2026-05-21,Sí
CLI-008659,CTR-008659,33,Madrid,59,36.93,Web,Premium,1856.08,3,7,2021-10-16,No
CLI-003023,CTR-003023,51,Valencia,87,94.56,Web,Premium,2149.42,2,,2019-06-25,No
CLI-000523,CTR-000523,28,Murcia,69,63.85,Web,Empresa,1272.95,2,,2020-12-22,No
CLI-003836,CTR-003836,42,Madrid,47,72.12,Web,Empresa,3345.84,3,7,2022-10-25,Sí
CLI-004382,CTR-004382,50,Murcia,96,70.2,Web,Estándar,3732.45,1,7,2018-09-11,No
CLI-005894,CTR-005894,39,Málaga,27,34.54,Tienda,Premium,3045.09,2,,2024-06-16,No
CLI-008048,CTR-008048,31,Málaga,32,64.17,Web,Empresa,,0,4,2024-01-21,Sí
CLI-004811,CTR-004811,54,Zaragoza,48,95.03,Aplicación,Básico,4069.63,4,5,2022-09-14,Sí
CLI-005591,CTR-005591,24,Málaga,26,30.23,Aplicación,Estándar,,2,8,2024-07-09,No
CLI-003048,CTR-003048,52,Sevilla,60,42.18,,Estándar,4246.63,1,9,2021-09-22,No
CLI-007261,CTR-007261,42,Barcelona,35,77.21,Teléfono,Estándar,2701.8,4,5,2023-10-13,Sí
CLI-007058,CTR-007058,42,Valencia,92,29.45,Web,Empresa,3921.1,0,7,2019-01-11,No
CLI-002741,CTR-002741,50,Barcelona,38,101.93,Web,Premium,1622.49,3,,2023-07-27,Sí
CLI-008289,CTR-008289,44,Sevilla,36,72.71,WEB,Básico,1235.42,6,5,2023-09-15,Sí
CLI-004843,CTR-004843,23,Málaga,91,106.75,Tienda,Premium,,3,8,2019-02-15,No
CLI-006677,CTR-006677,50,Barcelona,82,77.94,Web,Estándar,2822.65,0,8,2019-11-11,No
CLI-009846,CTR-009846,19,Madrid,33,42.92,Web,Empresa,3290.77,0,5,2023-12-01,No
CLI-003730,CTR-003730,41,Barcelona,38,23.37,Aplicación,Premium,,1,7,2023-07-11,No
CLI-000780,CTR-000780,37,Alicante,30,68.11,Web,Básico,1468.17,3,6,2024-03-23,Sí
CLI-001171,CTR-001171,44,Madrid,58,65.41,Web,Estándar,1325.04,3,5,2021-11-26,No
CLI-001915,CTR-001915,37,Málaga,6,43.79,Tienda,Básico,2417.77,3,7,2026-03-11,Sí
CLI-002652,CTR-002652,44,Barcelona,42,55.91,Aplicación,Básico,1503.09,2,,2023-03-01,Sí
CLI-008635,CTR-008635,33,Sevilla,68,79.78,Tienda,Empresa,2243.23,0,5,2021-01-18,No
CLI-009389,CTR-009389,45,Madrid,13,79.48,Teléfono,Estándar,2515.43,0,8,2025-08-04,No
CLI-004581,CTR-004581,42,Barcelona,74,57.71,Web,Premium,,0,,2020-07-14,No
CLI-005670,CTR-005670,37,Madrid,28,23.08,Web,Premium,,2,5,2024-05-12,No
CLI-000204,CTR-000204,40,Valencia,32,51.85,WEB,Básico,3178.28,4,6,2024-01-28,Sí
CLI-000380,CTR-000380,34,Málaga,26,24.53,Web,Básico,2127.75,1,10,2024-07-21,No
CLI-002299,CTR-002299,47,Barcelona,44,71.14,Teléfono,Estándar,,2,5,2023-01-24,Sí
CLI-008044,CTR-008044,19,Sevilla,83,39.95,Tienda,Empresa,1059.47,3,,2019-10-05,No
CLI-001995,CTR-001995,33,Madrid,11,110.13,Teléfono,Premium,2173.66,6,6,2025-10-01,Sí
CLI-002809,CTR-002809,25,Murcia,13,56.5,Teléfono,Estándar,2465.41,5,,2025-08-13,Sí
CLI-008321,CTR-008321,42,Valencia,71,68.54,Web,Estándar,2393.08,3,7,2020-10-13,No
CLI-000726,CTR-000726,47,Valencia,34,23.57,Teléfono,Estándar,3423.85,0,9,2023-11-25,No
CLI-007343,CTR-007343,34,Barcelona,37,67.34,web,Estándar,2871.97,4,5,2023-08-11,Sí
CLI-004357,CTR-004357,47,Murcia,28,71.31,Tienda,Premium,1365.38,1,3,2024-05-13,Sí
CLI-006808,CTR-006808,31,Barcelona,68,45.71,Teléfono,Básico,4219.55,2,4,2021-01-22,No
CLI-008936,CTR-008936,43,Madrid,44,14.49,Web,Estándar,1925.9,3,7,2023-01-07,Sí
CLI-005534,CTR-005534,38,Valencia,49,81.47,Web,Premium,,2,9,2022-08-26,No
CLI-003851,CTR-003851,49,Valencia,76,48.94,Web,Básico,,1,7,2020-05-24,No
CLI-000735,CTR-000735,45,Madrid,88,92.29,Web,Básico,2094.73,2,8,2019-05-20,No
CLI-008947,CTR-008947,37,Barcelona,95,76.88,Tienda,Estándar,3192.12,1,,2018-10-06,No
CLI-002585,CTR-002585,49,Zaragoza,23,37.85,WEB,Premium,1305.54,0,7,2024-10-09,No
CLI-008565,CTR-008565,59,Madrid,76,39.65,Tienda,Básico,3111.31,4,4,2020-05-25,No
CLI-006471,CTR-006471,37,Madrid,67,56.36,Tienda,Básico,2249.55,0,,2021-02-20,No
CLI-005640,CTR-005640,24,Valencia,71,72.97,Tienda,Premium,3609.67,4,8,2020-10-27,No
CLI-009710,CTR-009710,42,Málaga,15,58.23,WEB,Básico,2448.38,5,5,2025-06-03,Sí
CLI-003118,CTR-003118,36,Murcia,11,59.9,Web,Premium,1058.14,2,7,2025-10-28,No
CLI-006797,CTR-006797,39,Alicante,21,65.86,Web,Estándar,792.78,6,,2024-12-04,Sí
CLI-009758,CTR-009758,31,Sevilla,44,82.8,Teléfono,Premium,2492.58,3,,2023-01-19,Sí
CLI-001273,CTR-001273,34,Madrid,90,90.9,Tienda,Empresa,2823.11,3,6,2019-03-19,No
CLI-004525,CTR-004525,32,Madrid,25,69.5,Tienda,Estándar,1092.69,0,,2024-08-14,Sí
CLI-001878,CTR-001878,48,Madrid,30,87.67,Web,Estándar,7792.38,4,4,2024-03-25,No
CLI-000832,CTR-000832,49,Valencia,27,43.28,Tienda,Empresa,1906.79,5,7,2024-06-16,No
CLI-002991,CTR-002991,51,Málaga,23,65.9,Web,Básico,3804.76,2,6,2024-10-06,Sí
CLI-000819,CTR-000819,38,Barcelona,14,61.78,web,Estándar,2456.21,2,7,2025-07-17,No
CLI-002491,CTR-002491,42,Murcia,18,27.34,Web,Premium,1570.18,5,3,2025-03-22,No
CLI-009555,CTR-009555,44,Madrid,13,52.77,Web,Premium,2292.96,1,,2025-08-25,No
CLI-003784,CTR-003784,40,Madrid,30,31.35,Tienda,Estándar,,0,6,2024-03-12,No
CLI-008406,CTR-008406,33,Barcelona,87,104.67,Tienda,Básico,,3,,2019-06-26,No
CLI-003900,CTR-003900,40,Murcia,23,50.56,web,Básico,3830.16,1,,2024-10-25,No
CLI-002768,CTR-002768,40,Madrid,48,70.68,Aplicación,Empresa,1898.27,3,6,2022-09-24,No
CLI-000833,CTR-000833,30,Madrid,21,63.96,Aplicación,Premium,3180.42,3,8,2024-12-10,No
CLI-002116,CTR-002116,50,Barcelona,47,63.59,Teléfono,Premium,,3,,2022-10-13,Sí
CLI-008271,CTR-008271,37,Valencia,36,70.45,Web,Premium,2315.98,4,7,2023-09-19,Sí
CLI-007535,CTR-007535,51,Málaga,54,31.69,Web,Empresa,3371.85,4,,2022-03-16,No
CLI-004144,CTR-004144,34,Alicante,10,58.19,Teléfono,Básico,2532.42,2,9,2025-11-22,No
CLI-008744,CTR-008744,58,Murcia,66,60.34,Tienda,Empresa,3241.63,3,,2021-03-13,No
CLI-005349,CTR-005349,53,Alicante,58,63.76,Aplicación,Estándar,3639.11,0,,2021-11-06,No
CLI-006816,CTR-006816,35,Málaga,17,64.93,Web,Premium,750,5,,2025-04-07,Sí
CLI-006693,CTR-006693,24,Barcelona,35,88.7,Tienda,Estándar,975.95,2,5,2023-10-02,Sí
CLI-002734,CTR-002734,36,Zaragoza,76,58.21,Tienda,Estándar,4589.63,4,6,2020-05-20,No
CLI-001109,CTR-001109,26,Barcelona,6,82.16,Tienda,Básico,1722.15,6,4,2026-03-16,Sí
CLI-007580,CTR-007580,28,Murcia,17,66.3,Web,Básico,3358.42,4,5,2025-04-16,Sí
CLI-004849,CTR-004849,48,Valencia,20,47.98,WEB,Empresa,1190.7,4,8,2025-01-02,No
CLI-008679,CTR-008679,36,Zaragoza,92,50.68,Web,Premium,2067.73,1,6,2019-01-08,No
CLI-004766,CTR-004766,51,Barcelona,16,48.76,Aplicación,Estándar,1237,5,,2025-05-28,Sí
CLI-000191,CTR-000191,41,Valencia,17,96.6,Web,Empresa,1910.71,5,4,2025-04-09,Sí
CLI-004312,CTR-004312,51,Madrid,12,47.08,Web,Estándar,2130.89,5,,2025-09-02,No
CLI-008233,CTR-008233,49,Valencia,4,76.36,Teléfono,Básico,1179.22,5,6,2026-05-09,Sí
CLI-009496,CTR-009496,27,Zaragoza,86,81.77,web,Estándar,,3,7,2019-07-19,No
CLI-007633,CTR-007633,22,Sevilla,10,52.35,Tienda,Básico,,8,,2025-11-25,Sí
CLI-000477,CTR-000477,44,Madrid,61,64.77,Web,Empresa,3269.7,2,8,2021-08-26,No
CLI-004570,CTR-004570,43,Madrid,15,76.28,Tienda,Básico,,3,6,2025-06-15,No
CLI-000830,CTR-000830,47,Madrid,57,55.19,Web,Básico,,3,10,2021-12-14,No
CLI-004403,CTR-004403,48,Barcelona,56,66.94,Tienda,Estándar,2998.13,2,8,2022-01-28,No
CLI-002993,CTR-002993,19,Sevilla,48,87.44,Tienda,Premium,2249.71,3,,2022-09-03,Sí
CLI-003609,CTR-003609,18,Sevilla,19,94.81,Tienda,Estándar,1458.64,1,8,2025-02-27,Sí
CLI-002187,CTR-002187,54,Zaragoza,11,38.28,Web,Básico,3455.56,1,5,2025-10-28,Sí
CLI-002845,CTR-002845,43,Madrid,23,54.88,Web,Básico,,4,,2024-10-23,Sí
CLI-004928,CTR-004928,64,Málaga,37,95.21,Tienda,Premium,1932.69,3,4,2023-08-01,Sí
CLI-000409,CTR-000409,18,Barcelona,31,40.92,Web,Premium,2049.08,2,8,2024-02-17,No
CLI-001408,CTR-001408,67,Barcelona,40,54.47,Aplicación,Básico,1896.24,5,5,2023-05-13,Sí
CLI-007985,CTR-007985,73,Madrid,74,65.53,Teléfono,Estándar,3818.51,0,5,2020-07-27,No
CLI-008670,CTR-008670,50,Valencia,88,9.9,Tienda,Estándar,1339.1,5,7,2019-05-25,No
CLI-001159,CTR-001159,19,Madrid,33,58.07,Teléfono,Estándar,4028.43,7,4,2023-12-01,Sí
CLI-005092,CTR-005092,43,Valencia,47,50.03,Tienda,Premium,,4,,2022-10-25,No
CLI-003511,CTR-003511,45,Málaga,45,28.54,Web,Básico,2841.56,4,8,2022-12-27,No
CLI-002188,CTR-002188,30,Zaragoza,2,48.88,Web,Premium,,5,5,2026-07-25,Sí
CLI-006937,CTR-006937,57,Madrid,91,72.68,Tienda,Premium,1600.58,2,6,2019-02-20,No
CLI-001018,CTR-001018,38,Sevilla,9,57.77,web,Básico,1416.29,0,,2025-12-25,No
CLI-004761,CTR-004761,40,Barcelona,68,53.56,WEB,Estándar,2508.11,3,8,2021-01-08,No
CLI-003217,CTR-003217,58,Murcia,96,39.14,Aplicación,Estándar,3009.24,3,,2018-09-24,No
CLI-003212,CTR-003212,56,Barcelona,28,71.13,web,Empresa,,5,10,2024-05-25,No
CLI-001479,CTR-001479,36,Madrid,20,52.57,Tienda,Básico,2703.92,6,3,2025-01-21,Sí
CLI-003395,CTR-003395,24,Valencia,73,69.1,Aplicación,Premium,3489.53,1,,2020-08-24,No
CLI-004265,CTR-004265,64,Madrid,27,62.58,Web,Básico,2369,0,9,2024-06-14,No
CLI-000963,CTR-000963,46,Alicante,7,49.44,Web,Premium,2644.84,0,7,2026-02-27,No
CLI-002672,CTR-002672,25,Valencia,23,118.54,Web,Estándar,1754.74,5,6,2024-10-17,Sí
CLI-002782,CTR-002782,30,Alicante,6,61.37,Aplicación,Estándar,2132.5,6,,2026-03-18,Sí
CLI-002236,CTR-002236,48,Barcelona,62,48.4,Aplicación,Premium,4122.45,2,,2021-07-11,No
CLI-002130,CTR-002130,49,Madrid,22,66.03,Aplicación,Básico,1688.6,0,7,2024-11-19,Sí
CLI-000814,CTR-000814,40,Málaga,27,57.79,Web,Básico,2427.02,1,,2024-06-22,No
CLI-003309,CTR-003309,29,Barcelona,7,85.15,Web,Estándar,3001.28,6,8,2026-02-07,No
CLI-005391,CTR-005391,69,Valencia,24,57.58,Aplicación,Básico,,2,7,2024-09-22,No
CLI-007208,CTR-007208,22,Málaga,19,70.33,Tienda,Básico,,5,4,2025-02-11,Sí
CLI-005632,CTR-005632,21,Madrid,31,100.9,Aplicación,Estándar,1607.56,2,5,2024-02-03,Sí
CLI-006664,CTR-006664,45,Barcelona,23,30.15,Tienda,Básico,,3,9,2024-10-15,No
CLI-008890,CTR-008890,61,Barcelona,50,72.17,Aplicación,Estándar,4598.71,0,5,2022-07-09,No
CLI-005120,CTR-005120,53,Madrid,12,55.09,Tienda,Básico,1891.98,3,,2025-09-28,No
CLI-002784,CTR-002784,30,Zaragoza,19,100.26,Web,Estándar,3147.54,6,6,2025-02-11,Sí
CLI-006182,CTR-006182,70,Málaga,43,74.19,Aplicación,Empresa,1184.4,3,7,2023-02-06,No
CLI-008982,CTR-008982,26,Zaragoza,27,62.98,Web,Premium,1877.34,4,4,2024-06-26,Sí
CLI-006687,CTR-006687,37,Madrid,12,40.33,Tienda,Estándar,3353.21,2,7,2025-09-16,No
CLI-008218,CTR-008218,58,Zaragoza,53,51.72,Web,Empresa,4455.26,0,8,2022-04-04,No
CLI-009040,CTR-009040,41,Barcelona,58,84.04,Tienda,Empresa,,3,8,2021-11-03,No
CLI-006437,CTR-006437,50,Barcelona,83,70.32,Tienda,Básico,3242.99,1,8,2019-10-10,No
CLI-009744,CTR-009744,62,Madrid,26,74.03,Web,Básico,1155.27,4,10,2024-07-10,No
CLI-006126,CTR-006126,27,Barcelona,2,49.56,Tienda,Estándar,2922.83,3,3,2026-07-27,Sí
CLI-004023,CTR-004023,37,Madrid,6,54.97,Web,Estándar,1860.63,2,8,2026-03-06,No
CLI-001489,CTR-001489,52,Barcelona,19,82,Aplicación,Básico,2486.55,4,5,2025-02-21,Sí
CLI-007366,CTR-007366,46,Madrid,95,25.75,Tienda,Premium,2819.89,1,,2018-10-18,No
CLI-004870,CTR-004870,37,Madrid,54,43.34,Tienda,Estándar,3956.54,1,6,2022-03-28,No
CLI-008777,CTR-008777,27,Barcelona,30,84.39,Web,Básico,,4,3,2024-03-06,Sí
CLI-007929,CTR-007929,55,Valencia,6,64.34,Web,Básico,793.56,4,,2026-03-24,Sí
CLI-000044,CTR-000044,41,Alicante,57,58.55,Teléfono,Básico,,4,7,2021-12-27,No
CLI-006668,CTR-006668,38,Sevilla,11,66.5,Teléfono,Básico,783.06,5,6,2025-10-20,Sí
CLI-008473,CTR-008473,33,Barcelona,61,94.2,Teléfono,Básico,1804.59,2,8,2021-08-23,No
CLI-001667,CTR-001667,48,Madrid,78,82.28,Aplicación,Empresa,3826.57,3,7,2020-03-24,No
CLI-003724,CTR-003724,21,Madrid,20,61.05,Teléfono,Básico,2604.23,1,5,2025-01-02,Sí
CLI-002995,CTR-002995,18,Málaga,61,52.22,Tienda,Básico,2339.77,3,,2021-08-22,No
CLI-004747,CTR-004747,43,Madrid,28,89.69,Tienda,Estándar,1606.75,4,,2024-05-07,Sí
CLI-009156,CTR-009156,48,Barcelona,85,45.21,Web,Premium,1344.98,0,8,2019-08-20,No
CLI-009362,CTR-009362,58,Málaga,57,49.49,Teléfono,Básico,2748.31,2,7,2021-12-27,No
CLI-006476,CTR-006476,24,Barcelona,27,62.23,Tienda,Premium,1731.52,7,4,2024-06-03,Sí
CLI-001088,CTR-001088,27,Málaga,37,60.76,Web,Básico,1447.03,7,,2023-08-25,Sí
CLI-009332,CTR-009332,59,Barcelona,61,91.66,Web,Estándar,1916.89,0,6,2021-08-11,No
CLI-000057,CTR-009907,36,Sevilla,66,63.22,Teléfono,Premium,3481.46,5,5,2021-03-24,No
CLI-006561,CTR-006561,32,Madrid,65,69.91,Web,Premium,,4,6,2021-04-16,No
CLI-001145,CTR-001145,43,Madrid,35,77.92,Tienda,Básico,895.9,1,,2023-10-05,Sí
CLI-007942,CTR-007942,19,Barcelona,21,43.17,Tienda,Básico,2818.66,6,6,2024-12-18,Sí
CLI-009792,CTR-009792,53,Barcelona,10,40.6,Tienda,Empresa,3845.68,2,5,2025-11-16,No
CLI-005213,CTR-005213,32,Zaragoza,46,59.34,Tienda,Premium,3756.38,0,,2022-11-02,No
CLI-003756,CTR-003756,41,Valencia,70,63.32,Tienda,Premium,2360.79,2,7,2020-11-12,No
CLI-003962,CTR-003962,31,Madrid,40,87.57,Tienda,Premium,3964.72,2,7,2023-05-16,No
CLI-001505,CTR-001505,44,Barcelona,48,90.77,Web,Premium,2816.03,5,8,2022-09-22,Sí
CLI-001893,CTR-001893,51,Barcelona,45,63.27,Tienda,Premium,4136.42,5,,2022-12-10,No
CLI-008768,CTR-008768,43,Barcelona,45,56.52,Web,Premium,2404.78,2,,2022-12-12,Sí
CLI-002190,CTR-002190,53,Sevilla,2,33.48,Tienda,Estándar,2544.92,5,3,2026-07-14,Sí
CLI-004770,CTR-004770,24,Zaragoza,44,43,Tienda,Premium,1397.75,7,6,2023-01-28,Sí
CLI-004393,CTR-004393,49,Málaga,94,9.9,Tienda,Estándar,3667.2,0,6,2018-11-23,No
CLI-009175,CTR-009175,33,Barcelona,32,48.28,Aplicación,Estándar,2525.15,0,7,2024-01-16,No
CLI-005851,CTR-005851,32,Valencia,26,65.37,Aplicación,Estándar,1616.73,3,4,2024-07-10,Sí
CLI-003937,CTR-003937,28,Alicante,23,64.77,Teléfono,Básico,3518.16,2,9,2024-10-12,No
CLI-005132,CTR-005132,66,Madrid,40,41.08,Web,Básico,3088.47,2,8,2023-05-20,No
CLI-001807,CTR-001807,52,Valencia,48,20.49,Tienda,Premium,3564.57,0,,2022-09-24,No
CLI-007045,CTR-007045,50,Murcia,77,43.77,Web,Estándar,,3,8,2020-04-27,No
CLI-007638,CTR-007638,43,Madrid,26,30.43,Web,Premium,4037.06,2,6,2024-07-27,No
CLI-002787,CTR-002787,37,Barcelona,80,55.7,Teléfono,Estándar,1555.51,1,8,2020-01-05,No
CLI-004569,CTR-004569,18,Sevilla,9,65.86,Web,Premium,,3,6,2025-12-14,Sí
CLI-000511,CTR-000511,39,Madrid,7,86.68,Tienda,Premium,2258.39,5,9,2026-02-09,Sí
CLI-002970,CTR-002970,35,Barcelona,36,52.73,Tienda,Estándar,2445.97,3,5,2023-09-28,Sí
CLI-005690,CTR-005690,45,Barcelona,83,28.16,Web,Estándar,2202.77,0,8,2019-10-06,No
CLI-005060,CTR-005060,21,Murcia,35,66.79,Tienda,Estándar,2749.95,2,4,2023-10-14,Sí
CLI-008825,CTR-008825,33,Murcia,34,76.11,WEB,Básico,2415.25,0,7,2023-11-26,No
CLI-008400,CTR-008400,64,Barcelona,47,87.22,Web,Básico,2413.42,4,7,2022-10-24,No
CLI-003570,CTR-003570,38,Barcelona,96,34.78,Web,Básico,3665.05,3,,2018-09-25,No
CLI-008625,CTR-008625,42,Alicante,88,53.52,Tienda,Básico,,2,6,2019-05-08,No
CLI-008024,CTR-008024,45,Sevilla,12,64.82,Teléfono,Estándar,1489.89,2,5,2025-09-24,Sí
CLI-006057,CTR-006057,56,Barcelona,28,71.37,Aplicación,Básico,1604.8,0,,2024-05-16,No
CLI-001444,CTR-001444,73,Valencia,91,43.41,Teléfono,Empresa,,2,9,2019-02-27,No
CLI-009521,CTR-009521,60,Valencia,91,73.18,Web,Estándar,1895.16,4,7,2019-02-25,No
CLI-005163,CTR-005163,37,Madrid,8,59.07,Web,Estándar,2333.59,2,9,2026-01-06,No
CLI-005237,CTR-005237,26,Valencia,46,50.86,Web,Empresa,1685.05,1,,2022-11-02,No
CLI-007561,CTR-007561,25,Madrid,28,69.22,Tienda,Premium,,4,5,2024-05-27,Sí
CLI-008886,CTR-008886,40,Sevilla,32,29.82,Web,Premium,1535.99,5,,2024-01-11,Sí
CLI-004315,CTR-004315,54,Zaragoza,10,94.5,Teléfono,Premium,1915.12,5,5,2025-11-05,Sí
CLI-004617,CTR-004617,62,Barcelona,5,81.07,Web,Estándar,1552.57,5,7,2026-04-20,Sí
CLI-007526,CTR-007526,34,Barcelona,35,75.22,Aplicación,Estándar,2646.93,3,,2023-10-19,Sí
CLI-005466,CTR-005466,27,Málaga,42,57.56,Web,Estándar,2391.36,1,,2023-03-05,No
CLI-000718,CTR-000718,54,Málaga,69,36.31,Tienda,Estándar,,4,,2020-12-08,No
CLI-003849,CTR-003849,18,Sevilla,1,77,web,Premium,2395.86,3,7,2026-08-12,Sí
CLI-006984,CTR-006984,34,Alicante,12,113.73,Aplicación,Estándar,4760.81,4,,2025-09-20,No
CLI-005321,CTR-005321,45,Madrid,16,52.07,Tienda,Estándar,1718.35,2,5,2025-05-03,Sí
CLI-009702,CTR-009702,44,Barcelona,13,23.6,Tienda,Estándar,3482.65,2,8,2025-08-21,No
CLI-009031,CTR-009031,56,Zaragoza,45,54.47,Teléfono,Empresa,2302.67,6,10,2022-12-27,No
CLI-006232,CTR-006232,26,Barcelona,21,79.09,web,Premium,3473.76,6,4,2024-12-21,Sí
CLI-005298,CTR-005298,34,Madrid,65,43.88,Teléfono,Empresa,2065.83,2,9,2021-04-21,No
CLI-004846,CTR-004846,30,Barcelona,74,83.76,Web,Estándar,750,0,9,2020-07-09,No
CLI-004309,CTR-004309,46,Valencia,35,56.9,Aplicación,Estándar,1920.16,3,7,2023-10-09,No
CLI-006304,CTR-006304,54,Alicante,68,67.21,Tienda,Empresa,,1,6,2021-01-19,No
CLI-005756,CTR-005756,54,Valencia,56,61.67,Aplicación,Estándar,,0,,2022-01-10,No
CLI-001597,CTR-001597,35,Alicante,32,42.31,Web,Empresa,3413.55,3,4,2024-01-02,Sí
CLI-005831,CTR-005831,33,Murcia,20,66.77,Tienda,Empresa,3243.1,4,,2025-01-15,No
CLI-004017,CTR-004017,54,Valencia,46,55.65,Web,Estándar,,1,6,2022-11-03,No
CLI-009765,CTR-009765,44,Madrid,52,54.51,Aplicación,Estándar,2083.16,2,6,2022-05-08,No
CLI-000231,CTR-000231,19,Zaragoza,40,57.23,Aplicación,Básico,2183.39,2,8,2023-05-19,No
CLI-008594,CTR-008594,55,Barcelona,77,54.9,Web,Estándar,2697.68,0,,2020-04-16,No
CLI-001071,CTR-001071,36,Madrid,14,62.1,Web,Premium,814.02,0,,2025-07-02,No
CLI-001086,CTR-001086,37,Málaga,52,40.28,Teléfono,Premium,,4,,2022-05-28,No
CLI-002216,CTR-002216,44,Sevilla,24,24.39,Tienda,Estándar,3614.67,2,7,2024-09-21,No
CLI-006053,CTR-006053,72,Madrid,13,41.49,Aplicación,Estándar,2219.82,2,5,2025-08-12,Sí
CLI-005545,CTR-005545,44,Alicante,17,55.36,Tienda,Premium,,4,3,2025-04-20,Sí
CLI-002374,CTR-002374,52,Madrid,74,57.58,Tienda,Estándar,,0,,2020-07-21,No
CLI-000658,CTR-000658,41,Barcelona,89,50.53,Web,Estándar,,0,,2019-04-12,No
CLI-001338,CTR-001338,33,Sevilla,4,92.14,Tienda,Básico,,4,6,2026-05-26,Sí
CLI-009343,CTR-009343,38,Sevilla,3,63.23,Teléfono,Premium,2719.73,3,8,2026-06-15,Sí
CLI-000229,CTR-000229,31,Zaragoza,12,50.84,Tienda,Premium,2277.3,6,4,2025-09-10,Sí
CLI-000251,CTR-000251,41,Zaragoza,45,68.11,Web,Estándar,1727.1,5,5,2022-12-13,Sí
CLI-006000,CTR-006000,54,Murcia,42,71.37,Aplicación,Empresa,3506.49,2,,2023-03-03,Sí
CLI-003735,CTR-003735,54,Madrid,92,59.62,Web,Estándar,2670.61,1,7,2019-01-10,No
CLI-009766,CTR-009766,32,Zaragoza,42,19.85,Tienda,Estándar,1643.78,3,3,2023-03-23,Sí
CLI-006676,CTR-006676,58,Madrid,31,73.01,Teléfono,Premium,1607.1,4,,2024-02-22,Sí
CLI-007032,CTR-007032,36,Málaga,19,44.07,Web,Básico,1692.18,2,6,2025-02-07,No
CLI-000036,CTR-009886,29,Madrid,96,61.72,Web,Premium,750,1,7,2018-09-28,No
CLI-003247,CTR-003247,56,Madrid,26,78.14,Tienda,Básico,2362.38,1,10,2024-07-11,No
CLI-009610,CTR-009610,56,Madrid,3,48.93,Web,Estándar,2616.28,5,,2026-06-20,Sí
CLI-000978,CTR-000978,45,Valencia,10,67.41,WEB,Premium,2627.97,3,5,2025-11-18,Sí
CLI-004945,CTR-004945,34,Valencia,26,55.97,Web,Premium,2181.28,1,,2024-07-22,No
CLI-003911,CTR-003911,39,Barcelona,27,35.61,Web,Premium,,1,3,2024-06-23,Sí
CLI-002664,CTR-002664,34,Sevilla,34,55.01,Tienda,Básico,2154.23,0,7,2023-11-02,No
CLI-007414,CTR-007414,49,Barcelona,66,59.54,web,Básico,3083.89,1,6,2021-03-21,No
CLI-004236,CTR-004236,46,Sevilla,58,55.71,Aplicación,Premium,3586.64,2,6,2021-11-11,No
CLI-001658,CTR-001658,18,Madrid,8,56.99,Web,Premium,2301.05,1,,2026-01-19,No
CLI-006921,CTR-006921,37,Málaga,1,138.36,Aplicación,Premium,12213.6,0,2,2026-08-05,Sí
CLI-008087,CTR-008087,54,Valencia,6,15.82,Teléfono,Premium,2715.13,0,,2026-03-23,No
CLI-002570,CTR-002570,38,Barcelona,78,51.44,Web,Básico,3857.64,1,10,2020-03-04,No
CLI-001791,CTR-001791,28,Valencia,85,55.71,Tienda,Estándar,3508.32,1,9,2019-08-28,No
CLI-004227,CTR-004227,45,Madrid,50,62.21,Web,Básico,2667.42,2,9,2022-07-26,No
CLI-004110,CTR-004110,54,Sevilla,46,46.52,Web,Básico,2612.83,1,,2022-11-17,No
CLI-001091,CTR-001091,34,Madrid,22,72.88,web,Premium,1079.98,5,3,2024-11-22,Sí
CLI-007819,CTR-007819,58,Barcelona,39,73.32,Teléfono,Estándar,2689.91,0,9,2023-06-23,No
CLI-003750,CTR-003750,47,Madrid,34,61.26,Aplicación,Empresa,3386.17,2,6,2023-11-06,No
CLI-000843,CTR-000843,45,Barcelona,3,73.11,Web,Básico,750,4,5,2026-06-06,Sí
CLI-009473,CTR-009473,37,Valencia,13,71.28,Tienda,Premium,1313.2,7,,2025-08-22,Sí
CLI-000851,CTR-000851,53,Sevilla,24,28.97,Tienda,Básico,750,5,,2024-09-28,Sí
CLI-006459,CTR-006459,43,Murcia,17,51.04,web,Empresa,3032.76,0,,2025-04-24,No
CLI-002223,CTR-002223,59,Valencia,12,75.83,Web,Premium,1917.97,2,,2025-09-18,No
CLI-000066,CTR-009916,31,Málaga,32,29.01,Web,Premium,,6,5,2024-01-01,Sí
CLI-004439,CTR-004439,54,Sevilla,72,49.8,Tienda,Premium,3268.51,3,10,2020-09-08,No
CLI-000529,CTR-000529,63,Zaragoza,79,76.15,web,Básico,3723.24,2,8,2020-02-07,No
CLI-001755,CTR-001755,50,Barcelona,14,58.22,Web,Básico,3747.95,1,8,2025-07-24,No
CLI-007567,CTR-007567,48,Barcelona,48,77.59,Web,Premium,,0,9,2022-09-17,No
CLI-004140,CTR-004140,40,Zaragoza,17,78.04,WEB,Estándar,1237.44,2,6,2025-04-20,Sí
CLI-002853,CTR-002853,41,Málaga,87,13.74,Tienda,Estándar,2324.26,2,6,2019-06-05,No
CLI-004457,CTR-004457,41,Madrid,14,48.4,Web,Premium,3323.84,2,,2025-07-10,No
CLI-002224,CTR-002224,49,Barcelona,35,87.33,Tienda,Estándar,1582.61,5,,2023-10-28,Sí
CLI-003608,CTR-003608,18,Alicante,15,88.8,Web,Estándar,,5,7,2025-06-20,Sí
CLI-002999,CTR-002999,32,Madrid,6,63.05,Web,Estándar,,3,6,2026-03-06,Sí
CLI-001896,CTR-001896,31,Barcelona,67,43.64,Web,Estándar,2871.24,0,8,2021-02-20,No
CLI-000401,CTR-000401,60,Murcia,58,62.92,Tienda,Básico,,0,10,2021-11-10,No
CLI-004408,CTR-004408,18,Barcelona,88,98.39,Teléfono,Premium,1014.54,0,6,2019-05-17,No
CLI-007325,CTR-007325,22,Zaragoza,34,57.46,Web,Básico,,4,4,2023-11-03,Sí
CLI-004842,CTR-004842,51,Málaga,55,43.71,Aplicación,Premium,2631.05,4,6,2022-02-22,No
CLI-001205,CTR-001205,29,Sevilla,91,93.58,Web,Estándar,3099.03,0,8,2019-02-16,No
CLI-008665,CTR-008665,42,Valencia,91,38.37,Web,Estándar,2398.4,0,8,2019-02-05,No
CLI-000566,CTR-000566,31,Zaragoza,47,60.12,Web,Premium,2179.19,4,5,2022-10-17,Sí
CLI-004459,CTR-004459,25,Barcelona,40,65.79,Web,Empresa,,2,5,2023-05-26,Sí
CLI-004810,CTR-004810,37,Madrid,40,55.45,Web,Básico,1490.95,1,,2023-05-07,No
CLI-005368,CTR-005368,56,Madrid,79,57.96,Web,Premium,,3,7,2020-02-13,No
CLI-002661,CTR-002661,34,Barcelona,17,58.03,Tienda,Premium,1909.56,5,,2025-04-23,No
CLI-007056,CTR-007056,39,Murcia,36,88.93,Web,Premium,,5,4,2023-09-24,Sí
CLI-008957,CTR-008957,24,Barcelona,49,74.51,Teléfono,Básico,3119.8,1,8,2022-08-16,No
CLI-005450,CTR-005450,20,Madrid,3,26.1,Aplicación,Premium,1151.24,5,5,2026-06-15,Sí
CLI-008823,CTR-008823,50,Madrid,92,39.57,Teléfono,Premium,2779.94,1,,2019-01-16,No
CLI-006678,CTR-006678,51,Madrid,64,57.12,Web,Estándar,3499.76,0,7,2021-05-27,No
CLI-006597,CTR-006597,49,Madrid,87,31.55,Tienda,Premium,3714.87,4,7,2019-06-27,No
CLI-000320,CTR-000320,54,Madrid,45,82.15,Tienda,Estándar,3377.42,1,6,2022-12-28,No
CLI-003408,CTR-003408,33,Zaragoza,85,83.29,Web,Básico,1833.7,0,,2019-08-25,No
CLI-005117,CTR-005117,24,Barcelona,56,29.54,Web,Premium,4076.76,2,,2022-01-21,No
CLI-009135,CTR-009135,21,Barcelona,7,60.88,WEB,Empresa,,4,5,2026-02-05,Sí
CLI-002891,CTR-002891,50,Barcelona,19,51.49,Teléfono,Empresa,2750.76,0,,2025-02-03,No
CLI-002942,CTR-002942,39,Sevilla,8,47.91,Tienda,Básico,2803.81,0,6,2026-01-10,No
CLI-004160,CTR-004160,36,Zaragoza,60,48.4,,Empresa,2961.11,4,7,2021-09-16,No
CLI-006410,CTR-006410,35,Sevilla,20,72.11,Web,Estándar,3013.75,6,2,2025-01-12,Sí
CLI-009402,CTR-009402,46,Barcelona,93,76.17,Web,Básico,2604.16,5,8,2018-12-27,No
CLI-005951,CTR-005951,52,Alicante,72,64.29,web,Básico,2827.49,3,8,2020-09-24,No
CLI-002354,CTR-002354,43,Alicante,43,47.52,Web,Estándar,3237.83,0,,2023-02-26,No
CLI-001663,CTR-001663,22,Barcelona,11,86.12,Web,Estándar,2795.27,6,,2025-10-19,Sí
CLI-008784,CTR-008784,46,Sevilla,37,69.31,Tienda,Básico,3407.82,7,8,2023-08-13,Sí
CLI-005928,CTR-005928,31,Murcia,33,74.59,Aplicación,Premium,2698.69,4,7,2023-12-04,Sí
CLI-009439,CTR-009439,115,Málaga,5,46.27,Tienda,Empresa,2032.25,4,6,2026-04-08,Sí
CLI-009634,CTR-009634,58,Zaragoza,72,72.08,Web,Estándar,2762.29,7,,2020-09-04,No
CLI-006679,CTR-006679,48,Barcelona,19,29.9,Tienda,Básico,2870.73,1,5,2025-02-25,No
CLI-008791,CTR-008791,35,Sevilla,63,38.37,Teléfono,Premium,2414.75,4,,2021-06-21,No
CLI-008039,CTR-008039,42,Zaragoza,7,49.56,Teléfono,Estándar,,3,5,2026-02-21,Sí
CLI-001806,CTR-001806,24,Madrid,73,44.4,Web,Premium,2157.63,0,5,2020-08-21,No
CLI-006730,CTR-006730,42,Barcelona,37,84.5,Aplicación,Estándar,2465.11,3,7,2023-08-08,Sí
CLI-000944,CTR-000944,40,Murcia,47,60.99,Tienda,Estándar,3114.76,6,5,2022-10-15,Sí
CLI-000606,CTR-000606,18,Barcelona,43,80.38,Tienda,Básico,1246.71,5,5,2023-02-23,Sí
CLI-000266,CTR-000266,40,Sevilla,5,26.49,Tienda,Premium,2367.64,3,6,2026-04-13,Sí
CLI-005144,CTR-005144,28,Murcia,54,104.27,Web,Empresa,1657.29,1,9,2022-03-27,No
CLI-006416,CTR-006416,43,Valencia,87,52.76,Aplicación,Estándar,,3,8,2019-06-09,No
CLI-000508,CTR-000508,41,Madrid,10,68.19,Web,Estándar,1962.88,0,6,2025-11-13,No
CLI-008414,CTR-008414,44,Zaragoza,48,45.08,Web,Empresa,3578.11,3,5,2022-09-04,Sí
CLI-002206,CTR-002206,57,Barcelona,80,91.45,Teléfono,Premium,2550.69,1,,2020-01-03,No
CLI-001110,CTR-001110,25,Valencia,32,65.13,Web,Premium,1973.52,6,5,2024-01-03,Sí
CLI-008196,CTR-008196,63,Sevilla,14,46.13,Tienda,Básico,3396.53,2,7,2025-07-18,No
CLI-002797,CTR-002797,38,Málaga,41,72.29,Aplicación,Estándar,1357.12,1,,2023-04-25,No
CLI-002524,CTR-002524,30,Sevilla,96,64.33,Web,Estándar,1443.45,4,,2018-09-23,No
CLI-005589,CTR-005589,43,Sevilla,16,41.94,Web,Estándar,2980.89,2,5,2025-05-07,No
CLI-000006,CTR-009856,77,Sevilla,66,39.82,Tienda,Estándar,4440.87,1,7,2021-03-08,No
CLI-007534,CTR-007534,40,Madrid,90,28.31,Tienda,Estándar,2675.94,4,6,2019-03-10,No
CLI-001947,CTR-001947,45,Madrid,12,54.89,Web,Estándar,1461.38,3,3,2025-09-12,Sí
CLI-008917,CTR-008917,33,Barcelona,15,61.42,Teléfono,Estándar,,2,,2025-06-13,Sí
CLI-007876,CTR-007876,50,Valencia,33,86.13,Web,Empresa,,5,3,2023-12-06,Sí
CLI-008912,CTR-008912,29,Barcelona,67,40.59,Web,Estándar,2198.68,0,7,2021-02-28,No
CLI-003679,CTR-003679,71,Barcelona,77,69.98,Web,Premium,2255.77,3,8,2020-04-26,No
CLI-008275,CTR-008275,42,Barcelona,32,59.69,Teléfono,Premium,3475.6,0,,2024-01-06,No
CLI-001211,CTR-001211,43,Barcelona,44,81.77,Teléfono,Básico,1460.47,3,6,2023-01-13,Sí
CLI-004992,CTR-004992,30,Barcelona,36,62.9,Teléfono,Premium,1328.37,7,5,2023-09-21,Sí
CLI-007214,CTR-007214,42,Alicante,29,57.04,Web,Estándar,2535.98,3,3,2024-04-05,Sí
CLI-009108,CTR-009108,34,Valencia,27,102.24,Teléfono,Estándar,3360.39,5,7,2024-06-14,Sí
CLI-007135,CTR-007135,26,Sevilla,7,85.57,Aplicación,Básico,1306.14,4,4,2026-02-09,Sí
CLI-005026,CTR-005026,30,Barcelona,28,94.72,Teléfono,Básico,2387.81,3,4,2024-05-26,Sí
CLI-009376,CTR-009376,72,Sevilla,56,67.53,Tienda,Premium,2519.24,2,7,2022-01-06,No
CLI-001989,CTR-001989,35,Madrid,23,87.63,Tienda,Estándar,,1,,2024-10-12,No
CLI-000454,CTR-000454,46,Murcia,47,72,Aplicación,Básico,2125.91,7,6,2022-10-26,Sí
CLI-006162,CTR-006162,24,Valencia,28,67.29,Aplicación,Estándar,2218.27,6,3,2024-05-26,Sí
CLI-004428,CTR-004428,55,Madrid,57,105.82,Web,Básico,1604.29,5,,2021-12-09,No
CLI-004926,CTR-004926,49,Sevilla,76,45.68,Teléfono,Premium,3921.81,2,6,2020-05-06,No
CLI-008202,CTR-008202,32,Madrid,8,53.31,Teléfono,Básico,1772.14,0,,2026-01-15,No
CLI-006263,CTR-006263,50,Málaga,13,23.09,Teléfono,Premium,2431.84,3,,2025-08-14,No
CLI-007460,CTR-007460,36,Valencia,65,79.18,Tienda,Estándar,2151.22,2,,2021-04-07,No
CLI-007910,CTR-007910,35,Madrid,36,68.69,Teléfono,Estándar,1531.87,5,4,2023-09-17,Sí
CLI-002965,CTR-002965,49,Madrid,65,59.81,Web,Estándar,,0,7,2021-04-21,No
CLI-003031,CTR-003031,18,Sevilla,69,33.55,Web,Premium,2575.79,4,9,2020-12-18,No
CLI-001993,CTR-001993,54,Madrid,28,63.88,Web,Estándar,2355.69,2,,2024-05-17,No
CLI-005494,CTR-005494,48,Barcelona,22,52.65,Web,Estándar,1448.7,7,9,2024-11-27,Sí
CLI-008249,CTR-008249,49,Alicante,5,72.51,Aplicación,Premium,1821.73,2,5,2026-04-14,Sí
CLI-008253,CTR-008253,68,Barcelona,23,81.02,Tienda,Estándar,2919.05,5,9,2024-10-06,No
CLI-006929,CTR-006929,22,Sevilla,21,74.31,Web,Estándar,1568.85,4,5,2024-12-09,Sí
CLI-000038,CTR-000038,52,Barcelona,68,56.29,Teléfono,Premium,3849.71,2,7,2021-01-14,No
CLI-000261,CTR-000261,45,Zaragoza,70,64.45,Web,Básico,,5,7,2020-11-20,No
CLI-005030,CTR-005030,33,Zaragoza,10,14.47,Web,Premium,,3,5,2025-11-23,Sí
CLI-005176,CTR-005176,43,Murcia,44,69,Tienda,Básico,795.12,6,,2023-01-18,Sí
CLI-006671,CTR-006671,41,Barcelona,82,57.89,Web,Estándar,3279.85,3,9,2019-11-07,No
CLI-002448,CTR-002448,45,Barcelona,50,36.07,Tienda,Premium,,0,,2022-07-10,No
CLI-002964,CTR-002964,43,Zaragoza,35,53.84,web,Premium,2012.74,6,6,2023-10-21,Sí
CLI-005525,CTR-005525,47,Valencia,45,68.95,Teléfono,Estándar,3000.1,5,,2022-12-15,Sí
CLI-002239,CTR-002239,42,Málaga,40,23.88,Teléfono,Básico,2791.69,0,6,2023-05-26,No
CLI-000325,CTR-000325,57,Valencia,45,54.88,Web,Estándar,1945.04,1,9,2022-12-27,No
CLI-007572,CTR-007572,25,Madrid,19,75.95,Tienda,Estándar,,4,6,2025-02-02,Sí
CLI-000121,CTR-000121,26,Madrid,47,55.87,Tienda,Empresa,,0,8,2022-10-10,Sí
CLI-001902,CTR-001902,30,Madrid,47,78.26,Tienda,Premium,1458.06,1,9,2022-10-02,No
CLI-009105,CTR-009105,45,Madrid,62,32.74,Aplicación,Estándar,2948.51,4,4,2021-07-09,No
CLI-000183,CTR-000183,34,Málaga,13,55.79,Aplicación,Estándar,,4,,2025-08-16,Sí
CLI-001623,CTR-001623,31,Barcelona,48,82.4,Tienda,Premium,3156.71,1,,2022-09-14,No
CLI-001928,CTR-001928,48,Madrid,68,46.49,Web,Básico,,3,6,2021-01-15,No
CLI-003944,CTR-003944,31,Málaga,58,214.79,Tienda,Estándar,12338.16,2,,2021-11-15,No
CLI-002123,CTR-002123,46,Alicante,26,70.14,Tienda,Estándar,,5,,2024-07-06,Sí
CLI-007746,CTR-007746,23,Barcelona,5,67.88,Web,Básico,2616.62,7,3,2026-04-18,Sí
CLI-005622,CTR-005622,66,Madrid,95,24.52,Web,Estándar,2210.41,5,6,2018-10-12,No
CLI-000618,CTR-000618,36,Barcelona,1,94.17,Web,Estándar,2704.76,6,5,2026-08-25,Sí
CLI-009278,CTR-009278,50,Murcia,34,40.71,Web,Estándar,3907.82,5,6,2023-11-13,Sí
CLI-001848,CTR-001848,44,Málaga,8,67.24,Web,Básico,,2,6,2026-01-01,Sí
CLI-000751,CTR-000751,22,Alicante,34,71.71,Teléfono,Premium,,4,,2023-11-10,No
CLI-007425,CTR-007425,20,Madrid,31,51.81,Teléfono,Básico,3838.83,2,6,2024-02-23,No
CLI-003721,CTR-003721,44,Murcia,66,96.13,Teléfono,Estándar,3638.24,1,7,2021-03-20,No
CLI-001900,CTR-001900,44,Madrid,10,78.15,Web,Básico,1961.06,2,,2025-11-14,No
CLI-001563,CTR-001563,60,Barcelona,45,77.33,Aplicación,Básico,3237.96,0,,2022-12-07,No
CLI-003759,CTR-003759,34,Murcia,39,86.98,Web,Estándar,2330.44,5,4,2023-06-09,Sí
CLI-006821,CTR-006821,62,Madrid,43,50.47,Web,Estándar,2310.59,3,8,2023-02-04,No
CLI-008738,CTR-008738,34,Valencia,41,61.95,Tienda,Básico,,6,6,2023-04-04,Sí
CLI-001122,CTR-001122,53,Valencia,16,41.55,Web,Estándar,3130.85,1,10,2025-05-03,No
CLI-003652,CTR-003652,49,Madrid,40,102.14,Tienda,Estándar,2539.62,4,6,2023-05-27,Sí
CLI-001013,CTR-001013,43,Barcelona,46,65.83,Aplicación,Estándar,,6,7,2022-11-20,Sí
CLI-002208,CTR-002208,56,Madrid,25,57.68,Web,Básico,3521.12,5,8,2024-08-18,No
CLI-005270,CTR-005270,58,Madrid,96,60.79,Teléfono,Empresa,2902.86,0,6,2018-09-04,No
CLI-007792,CTR-007792,28,Barcelona,48,86.89,Web,Estándar,2298.76,1,,2022-09-16,Sí
CLI-007678,CTR-007678,36,Barcelona,18,93.85,Teléfono,Básico,1709.2,6,7,2025-03-11,Sí
CLI-009121,CTR-009121,39,Valencia,44,68.88,Tienda,Premium,,3,5,2023-01-11,Sí
CLI-004166,CTR-004166,44,Málaga,38,70.47,Tienda,Básico,2630.75,2,4,2023-07-01,Sí
CLI-003596,CTR-003596,49,Sevilla,42,60.73,web,Estándar,,2,9,2023-03-14,No
CLI-000559,CTR-000559,27,Valencia,56,81.66,Web,Empresa,2843.49,1,10,2022-01-20,No
CLI-005300,CTR-005300,49,Alicante,16,83.37,Aplicación,Premium,2883.31,4,6,2025-05-25,Sí
CLI-008181,CTR-008181,57,Barcelona,7,107.75,Tienda,Premium,3270.37,1,8,2026-02-19,No
CLI-000536,CTR-000536,18,Barcelona,18,72.48,Web,Premium,,1,,2025-03-11,No
CLI-002847,CTR-002847,44,Murcia,93,102.9,Web,Estándar,3491,1,,2018-12-13,No
CLI-007126,CTR-007126,27,Barcelona,36,39.63,Teléfono,Empresa,3033.89,3,3,2023-09-26,Sí
CLI-008341,CTR-008341,55,Barcelona,6,29.05,Web,Premium,1296.31,6,7,2026-03-28,No
CLI-005837,CTR-005837,49,Madrid,57,36.13,Tienda,Estándar,2633.47,0,9,2021-12-28,No
CLI-005216,CTR-005216,31,Madrid,44,37.39,Web,Estándar,2689.25,0,7,2023-01-24,No
CLI-001397,CTR-001397,36,Madrid,35,35.77,Web,Básico,3346.63,3,5,2023-10-14,No
CLI-006749,CTR-006749,61,Sevilla,50,38.38,Teléfono,Premium,,1,,2022-07-21,No
CLI-003184,CTR-003184,18,Valencia,40,78.93,Tienda,Básico,3262.28,2,,2023-05-11,Sí
CLI-000259,CTR-000259,70,Valencia,95,61.68,Web,Estándar,,4,,2018-10-19,No
CLI-006482,CTR-006482,53,Madrid,62,80.8,Web,Estándar,1624.6,5,7,2021-07-11,No
CLI-008265,CTR-008265,33,Murcia,17,69,Teléfono,Estándar,2060.49,0,9,2025-04-02,No
CLI-001512,CTR-001512,27,Madrid,42,90.82,Teléfono,Estándar,1682.77,2,5,2023-03-20,Sí
CLI-003708,CTR-003708,58,Madrid,25,73.64,Aplicación,Básico,,0,,2024-08-05,No
CLI-004919,CTR-004919,18,Madrid,48,69.97,Web,Estándar,2279.17,6,4,2022-09-08,Sí
CLI-001173,CTR-001173,41,Madrid,84,36.83,Tienda,Estándar,2787.02,2,,2019-09-16,No
CLI-000785,CTR-000785,23,Madrid,78,53.62,Teléfono,Básico,1810.77,5,9,2020-03-10,No
CLI-005299,CTR-005299,39,Málaga,8,28.45,Web,Básico,,1,8,2026-01-19,No
CLI-007139,CTR-007139,43,Valencia,55,68.49,Web,Estándar,3190.54,4,6,2022-02-26,No
CLI-000920,CTR-000920,57,Madrid,66,48.45,Tienda,Básico,,0,,2021-03-02,No
CLI-005181,CTR-005181,23,Barcelona,83,49.26,Web,Básico,2981.94,3,10,2019-10-20,No
CLI-007367,CTR-007367,60,Málaga,11,62.12,Teléfono,Estándar,1925.23,0,7,2025-10-23,No
CLI-000274,CTR-000274,46,Málaga,37,63.3,Web,Premium,2633.39,0,6,2023-08-17,No
CLI-004324,CTR-004324,45,Alicante,68,65.55,Web,Premium,,0,4,2021-01-19,No
CLI-006462,CTR-006462,60,Barcelona,82,62.03,web,Estándar,2729.75,0,7,2019-11-03,No
CLI-008536,CTR-008536,41,Madrid,70,52.2,Teléfono,Básico,,4,8,2020-11-23,No
CLI-006299,CTR-006299,49,Alicante,74,49.67,Tienda,Premium,2966.63,2,8,2020-07-13,No
CLI-003112,CTR-003112,19,Barcelona,39,75.23,Teléfono,Estándar,1626.8,3,6,2023-06-27,Sí
CLI-000152,CTR-000152,57,Zaragoza,83,40.3,Web,Estándar,4010.34,0,,2019-10-13,No
CLI-009055,CTR-009055,33,Valencia,59,108.68,Tienda,Premium,2662.11,6,10,2021-10-25,No
CLI-004071,CTR-004071,40,Madrid,11,62.76,Web,Estándar,2323.72,0,4,2025-10-19,Sí
CLI-006260,CTR-006260,22,Valencia,23,59.84,Web,Empresa,2847.84,4,6,2024-10-03,Sí
CLI-004814,CTR-004814,19,Madrid,30,33.58,Web,Empresa,2876.19,5,4,2024-03-11,Sí
CLI-000804,CTR-000804,33,Barcelona,15,51.25,Teléfono,Básico,2934.94,3,2,2025-06-13,Sí
CLI-002046,CTR-002046,48,Barcelona,61,74.65,Web,Estándar,2548.1,3,,2021-08-01,No
CLI-006823,CTR-006823,68,Barcelona,87,100.91,Tienda,Estándar,,6,,2019-06-04,No
CLI-009844,CTR-009844,42,Madrid,49,49.99,Aplicación,Estándar,2467.03,3,10,2022-08-12,No
CLI-009284,CTR-009284,24,Málaga,10,85.24,Tienda,Estándar,3420.11,3,,2025-11-16,No
CLI-007192,CTR-007192,48,Alicante,21,72.89,Web,Básico,4191.89,3,5,2024-12-13,Sí
CLI-004364,CTR-004364,59,Zaragoza,80,17.47,Web,Estándar,1240.87,0,5,2020-01-19,No
CLI-000060,CTR-000060,55,Madrid,13,26.19,Aplicación,Estándar,3565.46,1,8,2025-08-18,No
CLI-006938,CTR-006938,18,Barcelona,11,69.55,Web,Estándar,,8,4,2025-10-16,Sí
CLI-003577,CTR-003577,47,Alicante,68,56.12,Web,Estándar,1675.89,3,9,2021-01-12,No
CLI-002152,CTR-002152,63,Málaga,19,56.85,Web,Básico,2564.1,2,8,2025-02-18,No
CLI-002476,CTR-002476,52,Valencia,27,47.13,Web,Estándar,1802.99,2,8,2024-06-22,No
CLI-004739,CTR-004739,51,Madrid,72,28.12,Teléfono,Estándar,1539.93,1,7,2020-09-07,No
CLI-008860,CTR-008860,18,Zaragoza,65,69.08,Teléfono,Premium,,3,8,2021-04-15,No
CLI-009850,CTR-009850,47,Sevilla,30,10.26,web,Básico,2413.83,3,,2024-03-26,Sí
CLI-009033,CTR-009033,47,Madrid,27,45.92,Web,Estándar,1941.33,5,,2024-06-07,Sí
CLI-004206,CTR-004206,46,Murcia,19,92.19,Web,Estándar,1564.76,5,5,2025-02-05,Sí
CLI-002757,CTR-002757,43,Barcelona,9,89.17,Tienda,Premium,3305.68,3,4,2025-12-17,Sí
CLI-007087,CTR-007087,43,Zaragoza,79,75.1,Web,Básico,2288.51,1,5,2020-02-06,No
CLI-005596,CTR-005596,27,Madrid,86,54.25,Web,Básico,3269.76,3,7,2019-07-24,No
CLI-003279,CTR-003279,38,Barcelona,57,73.73,Teléfono,Empresa,,1,,2021-12-21,No
CLI-002394,CTR-002394,42,Madrid,25,80.23,Aplicación,Empresa,1242.87,5,5,2024-08-07,Sí
CLI-003959,CTR-003959,50,Madrid,6,79.12,Web,Estándar,,4,9,2026-03-08,No
CLI-007982,CTR-007982,57,Murcia,39,107.99,Aplicación,Estándar,3218.31,0,,2023-06-13,No
CLI-002635,CTR-002635,39,Madrid,15,73.41,Web,Básico,2313.19,5,6,2025-06-24,Sí
CLI-002507,CTR-002507,44,Zaragoza,6,48.7,Web,Básico,3766.41,2,6,2026-03-23,No
CLI-002868,CTR-002868,40,Barcelona,63,107.2,Tienda,Estándar,,2,4,2021-06-03,No
CLI-003175,CTR-003175,30,Madrid,32,104.41,Aplicación,Empresa,2281.51,3,5,2024-01-22,Sí
CLI-007368,CTR-007368,36,Sevilla,15,65,Web,Estándar,1994.48,0,7,2025-06-24,No
CLI-003953,CTR-003953,37,Valencia,38,80.75,Teléfono,Estándar,3453.58,4,6,2023-07-06,Sí
CLI-008333,CTR-008333,37,Barcelona,89,90.15,Aplicación,Estándar,1823.53,4,5,2019-04-21,No
CLI-002877,CTR-002877,38,Alicante,69,33.33,Teléfono,Estándar,871.37,2,8,2020-12-06,No
CLI-005018,CTR-005018,41,Barcelona,7,73.14,Teléfono,Premium,3870.73,4,9,2026-02-15,No
CLI-008557,CTR-008557,47,Murcia,36,50.29,Web,Estándar,807.73,2,,2023-09-06,Sí
CLI-002414,CTR-002414,54,Murcia,27,60.85,Web,Premium,3180.2,3,8,2024-06-19,Sí
CLI-008862,CTR-008862,56,Murcia,11,75.35,Web,Premium,2587.81,1,7,2025-10-14,No
CLI-004465,CTR-004465,49,Madrid,63,37.3,Tienda,Estándar,3101.26,0,10,2021-06-27,No
CLI-009186,CTR-009186,56,Sevilla,79,32.88,Teléfono,Básico,3549.98,4,7,2020-02-21,No
CLI-008420,CTR-008420,51,Madrid,22,85.98,Tienda,Premium,2166.92,0,,2024-11-22,Sí
CLI-002780,CTR-002780,37,Madrid,12,84.92,Web,Básico,2789.21,4,,2025-09-28,Sí
CLI-002670,CTR-002670,69,Madrid,40,40.5,Web,Estándar,,0,,2023-05-10,No
CLI-007245,CTR-007245,45,Sevilla,25,39.29,Web,Estándar,2434.7,4,,2024-08-03,Sí
CLI-005943,CTR-005943,38,Málaga,64,31.19,web,Básico,,1,,2021-05-23,No
CLI-008045,CTR-008045,60,Murcia,37,51.22,Teléfono,Empresa,3796.05,1,,2023-08-04,No
CLI-002519,CTR-002519,26,Sevilla,41,63.11,Web,Premium,3275.39,5,,2023-04-18,No
CLI-002798,CTR-002798,34,Alicante,11,65.21,,Premium,,6,,2025-10-03,Sí
CLI-007920,CTR-007920,34,Zaragoza,31,62.73,Teléfono,Básico,1972.33,1,7,2024-02-10,No
CLI-008998,CTR-008998,33,Murcia,24,77.19,Teléfono,Premium,1986.94,2,4,2024-09-20,Sí
CLI-007484,CTR-007484,58,Murcia,48,70.59,Web,Básico,2380,4,5,2022-09-24,Sí
CLI-008693,CTR-008693,35,Zaragoza,52,53.03,Teléfono,Básico,3070.61,1,6,2022-05-28,No
CLI-008851,CTR-008851,59,Sevilla,29,50.65,Web,Premium,2586.44,3,8,2024-04-23,No
CLI-008075,CTR-008075,31,Sevilla,39,91.01,Tienda,Premium,2402.02,7,,2023-06-16,Sí
CLI-005054,CTR-005054,33,Madrid,42,88.9,Teléfono,Estándar,,5,,2023-03-07,Sí
CLI-005250,CTR-005250,45,Madrid,18,75.05,Aplicación,Básico,,3,4,2025-03-07,Sí
CLI-003591,CTR-003591,48,Madrid,25,89.64,Tienda,Empresa,,7,6,2024-08-18,Sí
CLI-003264,CTR-003264,38,Madrid,68,48.09,Web,Premium,2397.12,2,8,2021-01-21,No
CLI-007306,CTR-007306,57,Madrid,88,72.69,Teléfono,Estándar,3798.51,2,9,2019-05-28,No
CLI-003506,CTR-003506,61,Madrid,3,32.15,Teléfono,Premium,2144.29,1,5,2026-06-20,Sí
CLI-004966,CTR-004966,24,Barcelona,23,79.75,Tienda,Estándar,3086.53,3,,2024-10-08,No
CLI-004971,CTR-004971,44,Málaga,6,65.5,Web,Premium,3757.4,1,8,2026-03-09,No
CLI-001437,CTR-001437,45,Madrid,68,42.36,Web,Empresa,2756.05,0,7,2021-01-03,No
CLI-001136,CTR-001136,42,Valencia,14,54.14,Aplicación,Premium,2873.76,6,6,2025-07-06,Sí
CLI-007552,CTR-007552,53,Valencia,17,59.41,Aplicación,Básico,2658.42,0,6,2025-04-12,No
CLI-003035,CTR-003035,49,Murcia,87,82.26,Aplicación,Premium,,4,,2019-06-11,No
CLI-009814,CTR-009814,50,Málaga,45,68.85,Tienda,Empresa,,3,8,2022-12-28,No
CLI-002404,CTR-002404,57,Valencia,27,79.01,Teléfono,Estándar,1174.42,2,6,2024-06-16,Sí
CLI-008090,CTR-008090,31,Madrid,25,44.63,Web,Premium,750,5,,2024-08-20,Sí
CLI-004982,CTR-004982,38,Barcelona,1,88.24,Web,Estándar,,8,,2026-08-22,Sí
CLI-000897,CTR-000897,53,Zaragoza,21,74.71,Web,Premium,,0,10,2024-12-13,No
CLI-002944,CTR-002944,53,Madrid,92,69.07,Tienda,Premium,1267.79,3,7,2019-01-07,No
CLI-007859,CTR-007859,42,Madrid,44,32.67,Web,Básico,2355.07,5,9,2023-01-02,No
CLI-006411,CTR-006411,35,Madrid,54,68.99,Tienda,Premium,2808.13,0,9,2022-03-27,No
CLI-004955,CTR-004955,67,Málaga,31,114.75,Tienda,Premium,1895.83,6,,2024-02-05,Sí
CLI-005699,CTR-005699,38,Alicante,47,85.62,Web,Estándar,2972.65,2,5,2022-10-18,Sí
CLI-002183,CTR-002183,34,Zaragoza,10,43.93,WEB,Estándar,3873.67,5,,2025-11-06,Sí
CLI-008199,CTR-008199,35,Madrid,85,40.59,Tienda,Estándar,3353.04,3,9,2019-08-11,No
CLI-001404,CTR-001404,48,Barcelona,31,72.13,Tienda,Premium,,5,7,2024-02-17,No
CLI-009204,CTR-009204,29,Madrid,9,75.72,Tienda,Estándar,1631.62,5,9,2025-12-04,Sí
CLI-004316,CTR-004316,38,Madrid,89,167.51,Aplicación,Estándar,7238.13,3,,2019-04-02,No
CLI-009805,CTR-009805,56,Barcelona,39,73.7,Aplicación,Premium,2233.29,6,4,2023-06-13,Sí
CLI-001077,CTR-001077,59,Madrid,35,52.59,Tienda,Empresa,4703.97,2,7,2023-10-10,No
CLI-001960,CTR-001960,29,Madrid,56,71.98,Tienda,Estándar,750,3,8,2022-01-19,No
CLI-003242,CTR-003242,50,Madrid,23,58.8,Web,Premium,2636.4,7,,2024-10-18,Sí
CLI-008575,CTR-008575,38,Madrid,79,69.5,Aplicación,Básico,2704.97,1,5,2020-02-12,No
CLI-007579,CTR-007579,27,Alicante,23,62.08,Web,Estándar,,5,3,2024-10-22,Sí
CLI-000077,CTR-009927,54,Zaragoza,9,95.79,Tienda,Premium,2137.62,1,,2025-12-19,Sí
CLI-007980,CTR-007980,54,Madrid,92,71.07,Tienda,Premium,2884.69,3,6,2019-01-27,No
CLI-005009,CTR-005009,62,Zaragoza,87,81.66,Web,Premium,3274.6,0,,2019-06-11,No
CLI-009397,CTR-009397,54,Valencia,16,84.37,Web,Básico,1418.99,2,,2025-05-06,Sí
CLI-004074,CTR-004074,26,Valencia,28,81.33,WEB,Estándar,,1,,2024-05-07,Sí
CLI-005023,CTR-005023,31,Málaga,8,89.98,Tienda,Premium,1561.34,2,6,2026-01-10,Sí
CLI-002263,CTR-002263,31,Madrid,37,39.58,Tienda,Básico,1847.18,5,4,2023-08-13,Sí
CLI-008036,CTR-008036,44,Alicante,43,72.3,Teléfono,Estándar,1974.29,4,,2023-02-27,No
CLI-006481,CTR-006481,40,Madrid,35,54.18,Web,Básico,2997.44,4,4,2023-10-14,Sí
CLI-003922,CTR-003922,52,Málaga,33,76.69,Tienda,Empresa,2653.14,6,,2023-12-03,Sí
CLI-002373,CTR-002373,43,Sevilla,51,72.48,Tienda,Estándar,,5,8,2022-06-23,No
CLI-004371,CTR-004371,42,Murcia,19,60.31,Web,Estándar,2069.47,6,5,2025-02-18,Sí
CLI-003616,CTR-003616,58,Murcia,11,97.72,Tienda,Premium,,3,,2025-10-09,No
CLI-007213,CTR-007213,49,Málaga,67,71.28,Teléfono,Estándar,2039.5,0,9,2021-02-11,No
CLI-000573,CTR-000573,47,Málaga,16,9.9,Tienda,Estándar,1922.78,1,8,2025-05-20,No
CLI-006675,CTR-006675,46,Valencia,80,80.14,Aplicación,Premium,,2,7,2020-01-22,No
CLI-004701,CTR-004701,22,Madrid,32,54.15,Tienda,Premium,2665.99,5,4,2024-01-09,Sí
CLI-005497,CTR-005497,19,Madrid,44,88.1,Teléfono,Premium,,2,6,2023-01-10,Sí
CLI-003599,CTR-003599,32,Madrid,56,85.16,Web,Estándar,3171.26,2,7,2022-01-11,No
CLI-000761,CTR-000761,46,Málaga,49,70.58,Web,Premium,3530.56,0,6,2022-08-07,No
CLI-001199,CTR-001199,53,Madrid,61,51.32,Web,Estándar,4791.07,1,6,2021-08-11,No
CLI-001889,CTR-001889,50,Barcelona,36,68.36,Web,Empresa,3526.13,0,5,2023-09-13,No
CLI-007182,CTR-007182,25,Madrid,1,89.52,Web,Estándar,1369.15,5,6,2026-08-04,Sí
CLI-004695,CTR-004695,34,Madrid,51,72.89,Aplicación,Estándar,2629.04,1,10,2022-06-06,No
CLI-002318,CTR-002318,57,Barcelona,42,42.41,Web,Empresa,,5,5,2023-03-26,Sí
CLI-002320,CTR-002320,43,Barcelona,76,82.68,Aplicación,Premium,750,0,6,2020-05-11,No
CLI-006292,CTR-006292,34,Barcelona,81,80.83,Web,Estándar,3250.7,0,7,2019-12-22,No
CLI-002927,CTR-002927,18,Málaga,30,25.7,Web,Premium,,2,4,2024-03-25,Sí
CLI-002684,CTR-002684,48,Málaga,26,82.77,Aplicación,Empresa,1790.45,4,5,2024-07-12,Sí
CLI-009722,CTR-009722,50,Valencia,27,47.16,Aplicación,Básico,3358.15,2,7,2024-06-14,No
CLI-009020,CTR-009020,28,Murcia,25,27.34,Web,Básico,2615.12,2,,2024-08-18,Sí
CLI-008925,CTR-008925,21,Madrid,26,72.25,Web,Estándar,2383.36,7,7,2024-07-01,Sí
CLI-009486,CTR-009486,31,Málaga,28,82.33,Web,Básico,2654.69,6,5,2024-05-02,Sí
CLI-001068,CTR-001068,54,Málaga,78,84.11,Web,Básico,3584.81,2,7,2020-03-03,No
CLI-007648,CTR-007648,62,Murcia,70,69.57,Web,Estándar,3550.7,2,9,2020-11-18,No
CLI-004777,CTR-004777,23,Madrid,13,48.97,Tienda,Estándar,2576.5,4,5,2025-08-08,Sí
CLI-002900,CTR-002900,55,Barcelona,83,53.29,Aplicación,Básico,2801.56,2,7,2019-10-13,No
CLI-000655,CTR-000655,54,Madrid,1,75.79,Teléfono,Estándar,1478.52,5,6,2026-08-21,Sí
CLI-004171,CTR-004171,40,Barcelona,15,78.3,Web,Premium,2532.83,4,7,2025-06-28,Sí
CLI-003714,CTR-003714,47,Alicante,82,69.66,Web,Estándar,3179.09,4,,2019-11-07,No
CLI-006058,CTR-006058,18,Alicante,26,61.27,Web,Básico,1703.14,4,3,2024-07-14,Sí
CLI-004494,CTR-004494,35,Madrid,24,29.66,Aplicación,Estándar,2684.68,0,6,2024-09-12,No
CLI-001426,CTR-001426,29,Valencia,12,96.67,Web,Premium,750,3,7,2025-09-21,No
CLI-004775,CTR-004775,43,Barcelona,43,65.64,Teléfono,Estándar,2581.07,0,7,2023-02-04,No
CLI-000866,CTR-000866,29,Madrid,4,52.32,Tienda,Estándar,1804.45,3,5,2026-05-03,Sí
CLI-000465,CTR-000465,41,Barcelona,48,116.12,Tienda,Básico,1794.19,3,5,2022-09-11,Sí
CLI-007205,CTR-007205,64,Barcelona,23,70.82,Tienda,Premium,3761.58,0,5,2024-10-21,No
CLI-004630,CTR-004630,35,Málaga,34,60.89,WEB,Estándar,2762.23,4,5,2023-11-21,Sí
CLI-002092,CTR-002092,33,Madrid,51,40.22,Tienda,Premium,2372.99,2,10,2022-06-02,No
CLI-005637,CTR-005637,33,Madrid,54,14.37,Web,Básico,1702.81,7,,2022-03-24,No
CLI-009703,CTR-009703,18,Barcelona,24,66.49,Teléfono,Básico,2855.95,2,5,2024-09-14,Sí
CLI-005892,CTR-005892,38,Madrid,16,41.32,Teléfono,Premium,2270.74,5,,2025-05-24,Sí
CLI-001662,CTR-001662,26,Madrid,84,84.53,Aplicación,Estándar,2915.67,2,9,2019-09-08,No
CLI-006659,CTR-006659,44,Madrid,56,60.48,Teléfono,Empresa,3462.38,0,,2022-01-26,No
CLI-007376,CTR-007376,29,Málaga,89,50.8,Aplicación,Básico,,1,,2019-04-22,No
CLI-004541,CTR-004541,50,Sevilla,94,43,Tienda,Básico,3033.09,2,,2018-11-16,No
CLI-005263,CTR-005263,49,Sevilla,2,41.01,Web,Estándar,1350.57,3,4,2026-07-21,Sí
CLI-008165,CTR-008165,43,Madrid,35,61.97,Aplicación,Estándar,1267.55,2,8,2023-10-06,No
CLI-003634,CTR-003634,44,Valencia,76,38.79,Web,Básico,1840.7,1,9,2020-05-24,No
CLI-006241,CTR-006241,48,Valencia,94,78.36,Web,Básico,3709.04,1,,2018-11-25,No
CLI-004788,CTR-004788,51,Valencia,45,49.77,Aplicación,Básico,1184.18,4,,2022-12-04,Sí
CLI-003690,CTR-003690,31,Barcelona,37,74.47,Tienda,Estándar,2911.88,4,,2023-08-20,No
CLI-006231,CTR-006231,41,Barcelona,71,57.05,Tienda,Premium,2862.21,2,9,2020-10-06,No
CLI-009589,CTR-009589,35,Valencia,62,24.55,Teléfono,Premium,2450.76,2,5,2021-07-11,No
CLI-009209,CTR-009209,32,Madrid,8,44.83,Aplicación,Básico,1992.53,2,,2026-01-21,Sí
CLI-008765,CTR-008765,36,Zaragoza,50,86.95,Teléfono,Básico,3841.32,4,8,2022-07-16,No
CLI-005365,CTR-005365,54,Zaragoza,41,58.47,Tienda,Estándar,2128.62,3,3,2023-04-15,Sí
CLI-008511,CTR-008511,41,Málaga,13,68.24,Web,Estándar,2980.09,3,7,2025-08-15,Sí
CLI-004073,CTR-004073,42,Madrid,41,38.67,Teléfono,Estándar,2366.38,1,,2023-04-06,No
CLI-007254,CTR-007254,32,Barcelona,49,42.34,Tienda,Empresa,3121.97,4,,2022-08-13,No
CLI-004558,CTR-004558,47,Madrid,47,62.98,Tienda,Premium,2508.07,3,7,2022-10-19,Sí
CLI-001680,CTR-001680,36,Madrid,27,63.58,Teléfono,Estándar,,6,5,2024-06-19,Sí
CLI-004078,CTR-004078,44,Sevilla,76,63.3,Web,Básico,1750.54,1,9,2020-05-18,No
CLI-008214,CTR-008214,28,Valencia,6,59.57,Aplicación,Estándar,1730.36,1,,2026-03-17,Sí
CLI-004291,CTR-004291,54,Zaragoza,37,66.26,Teléfono,Premium,1845.76,1,6,2023-08-13,No
CLI-004158,CTR-004158,43,Valencia,19,70.47,Tienda,Premium,750,7,,2025-02-11,Sí
CLI-004301,CTR-004301,71,Madrid,51,76.34,Web,Básico,1871.07,4,8,2022-06-14,No
CLI-003975,CTR-003975,49,Málaga,54,57.76,Teléfono,Estándar,,4,,2022-03-12,No
CLI-006743,CTR-006743,50,Barcelona,36,57.71,Teléfono,Empresa,1724.86,4,,2023-09-15,Sí
CLI-002478,CTR-002478,30,Madrid,23,64.79,Web,Estándar,,3,6,2024-10-15,Sí
CLI-009103,CTR-009103,49,Barcelona,93,62.77,Web,Estándar,2108.94,0,8,2018-12-13,No
CLI-001679,CTR-001679,44,Madrid,19,45.4,Teléfono,Estándar,1619.07,1,7,2025-02-23,No
CLI-006686,CTR-006686,23,Barcelona,51,54.15,Aplicación,Básico,,2,,2022-06-08,No
CLI-001547,CTR-001547,39,Valencia,86,85.76,Teléfono,Premium,3267.02,2,9,2019-07-05,No
CLI-004188,CTR-004188,54,Barcelona,11,61.48,Web,Estándar,2447.36,0,7,2025-10-02,No
CLI-005761,CTR-005761,48,Valencia,41,76.02,Tienda,Premium,2286.65,4,7,2023-04-17,Sí
CLI-005012,CTR-005012,40,Madrid,9,58.06,Tienda,Estándar,2592.11,1,8,2025-12-13,No
CLI-001823,CTR-001823,31,Murcia,3,74.53,Web,Básico,2992.85,7,8,2026-06-22,Sí
CLI-003294,CTR-003294,27,Sevilla,87,51.91,Web,Empresa,3658.7,0,10,2019-06-27,No
CLI-006010,CTR-006010,52,Madrid,17,72.84,Tienda,Estándar,1248.98,1,,2025-04-13,No
CLI-006954,CTR-006954,40,Madrid,70,58.68,Web,Premium,,0,7,2020-11-02,No
CLI-008363,CTR-008363,37,Madrid,61,80.03,Tienda,Básico,,1,7,2021-08-03,No
CLI-001024,CTR-001024,22,Zaragoza,43,72.85,Tienda,Estándar,1089.84,5,6,2023-02-07,Sí
CLI-003110,CTR-003110,34,Barcelona,21,28.74,Web,Estándar,1630.17,5,,2024-12-01,Sí
CLI-000057,CTR-000057,40,Zaragoza,27,38.98,Web,Estándar,1766.97,4,,2024-06-15,No
CLI-006203,CTR-006203,37,Murcia,19,87.06,web,Premium,,2,,2025-02-11,Sí
CLI-002234,CTR-002234,54,Madrid,46,51.26,Tienda,Estándar,,3,8,2022-11-07,No
CLI-008158,CTR-008158,58,Barcelona,53,48.16,Tienda,Estándar,2158.39,1,,2022-04-01,No
CLI-007937,CTR-007937,35,Barcelona,27,42.19,Tienda,Estándar,1834.26,6,4,2024-06-24,Sí
CLI-003617,CTR-003617,34,Murcia,26,43.7,Web,Premium,1935.66,4,5,2024-07-06,Sí
CLI-008674,CTR-008674,39,Valencia,47,65.4,Aplicación,Estándar,2023.41,1,9,2022-10-08,No
CLI-008299,CTR-008299,37,Madrid,39,57.05,Tienda,Premium,1487.65,2,7,2023-06-16,Sí
CLI-009008,CTR-009008,37,Valencia,19,96.34,Web,Estándar,2810.1,2,7,2025-02-23,No
CLI-003426,CTR-003426,55,Madrid,47,68.01,Tienda,Básico,,1,7,2022-10-15,No
CLI-006804,CTR-006804,31,Valencia,40,103.63,Tienda,Básico,1889.61,2,6,2023-05-21,No
CLI-006893,CTR-006893,24,Madrid,18,95.91,Tienda,Básico,1328.75,3,,2025-03-18,Sí
CLI-007277,CTR-007277,19,Barcelona,81,47.42,Tienda,Básico,2610.05,1,,2019-12-25,No
CLI-001994,CTR-001994,50,Madrid,22,64.19,Web,Premium,2206.04,0,8,2024-11-26,No
CLI-001860,CTR-001860,63,Valencia,43,71.26,Teléfono,Básico,,1,7,2023-02-18,No
CLI-003508,CTR-003508,46,Valencia,67,100.49,Tienda,Estándar,1882.39,3,5,2021-02-08,No
CLI-002926,CTR-002926,18,Madrid,34,76.43,Tienda,Empresa,2090.43,5,,2023-11-05,No
CLI-001868,CTR-001868,48,Valencia,46,15.82,Tienda,Estándar,3754.21,2,8,2022-11-12,No
CLI-005265,CTR-005265,33,Madrid,23,93.75,Web,Premium,2266.77,3,5,2024-10-22,Sí
CLI-001746,CTR-001746,71,Murcia,7,71.9,,Premium,,1,7,2026-02-03,Sí
CLI-000939,CTR-000939,45,Barcelona,30,66.15,Tienda,Empresa,3794.17,4,6,2024-03-14,Sí
CLI-008946,CTR-008946,47,Valencia,21,54.95,Aplicación,Estándar,2553.92,7,5,2024-12-24,Sí
CLI-002122,CTR-002122,67,Madrid,55,33.28,Web,Estándar,2881.56,1,,2022-02-16,No
CLI-004741,CTR-004741,21,Málaga,33,102.15,Web,Básico,2056.35,4,8,2023-12-18,No
CLI-009119,CTR-009119,28,Madrid,51,95.78,Teléfono,Básico,,3,8,2022-06-13,No
CLI-009327,CTR-009327,48,Madrid,54,88.82,web,Estándar,3448.98,1,7,2022-03-09,No
CLI-009087,CTR-009087,40,Zaragoza,24,86.32,Tienda,Estándar,4861.46,1,,2024-09-11,No
CLI-003764,CTR-003764,43,Sevilla,24,44.17,Web,Estándar,,4,6,2024-09-15,Sí
CLI-003120,CTR-003120,46,Sevilla,95,58.08,Tienda,Básico,2914.38,2,,2018-10-02,No
CLI-002633,CTR-002633,48,Madrid,55,67.62,Web,Premium,4103.08,4,8,2022-02-18,No
CLI-008802,CTR-008802,40,Madrid,3,77.8,Web,Estándar,,4,6,2026-06-04,Sí
CLI-000249,CTR-000249,35,Valencia,24,90.21,Web,Estándar,750,0,10,2024-09-02,No
CLI-005555,CTR-005555,33,Madrid,65,58.32,Web,Estándar,2452.33,1,,2021-04-03,No
CLI-004432,CTR-004432,59,Sevilla,75,69.71,Web,Estándar,2939.41,4,8,2020-06-10,No
CLI-008663,CTR-008663,45,Barcelona,74,47.43,Teléfono,Básico,1929.16,1,8,2020-07-05,No
CLI-004033,CTR-004033,25,Barcelona,20,85.95,Web,Estándar,,5,,2025-01-12,Sí
CLI-008038,CTR-008038,30,Madrid,29,80.84,Teléfono,Empresa,2558.46,6,3,2024-04-03,Sí
CLI-000835,CTR-000835,55,Valencia,53,35.81,Tienda,Estándar,,4,,2022-04-09,No
CLI-001699,CTR-001699,27,Madrid,27,88.91,Aplicación,Básico,1576.17,1,,2024-06-16,Sí
CLI-006070,CTR-006070,42,Valencia,24,62.85,Tienda,Básico,3362.35,5,,2024-09-19,Sí
CLI-009820,CTR-009820,20,Valencia,27,74.83,Web,Estándar,1624.98,3,3,2024-06-28,Sí
CLI-001799,CTR-001799,55,Madrid,66,55.66,Tienda,Estándar,3097.58,2,6,2021-03-02,No
CLI-007655,CTR-007655,57,Valencia,25,60.9,Web,Básico,2765.15,3,,2024-08-20,Sí
CLI-001219,CTR-001219,38,Sevilla,66,41.14,,Estándar,4011.53,1,9,2021-03-04,No
CLI-009753,CTR-009753,52,Barcelona,20,54.58,Web,Básico,3624.81,0,,2025-01-06,No
CLI-000379,CTR-000379,38,Málaga,91,44.58,Web,Empresa,,3,10,2019-02-07,No
CLI-004582,CTR-004582,50,Valencia,96,53.1,Aplicación,Estándar,2007.99,0,7,2018-09-11,No
CLI-003657,CTR-003657,38,Valencia,44,48.82,Aplicación,Premium,,0,,2023-01-07,Sí
CLI-000317,CTR-000317,43,Zaragoza,47,66.83,Web,Premium,3177.56,5,,2022-10-28,Sí
CLI-001371,CTR-001371,35,Valencia,76,81.06,Teléfono,Básico,1206.86,2,10,2020-05-22,No
CLI-007571,CTR-007571,43,Sevilla,14,45.54,Tienda,Empresa,2891.45,6,8,2025-07-20,No
CLI-002112,CTR-002112,70,Murcia,18,69.26,Aplicación,Básico,3222.53,1,,2025-03-10,No
CLI-006628,CTR-006628,28,Málaga,78,53.79,Tienda,Premium,2749.86,2,7,2020-03-18,No
CLI-006737,CTR-006737,40,Valencia,32,54.67,Web,Básico,2880.12,8,3,2024-01-18,Sí
CLI-004407,CTR-004407,55,Barcelona,94,76.73,Aplicación,Estándar,2162.95,2,7,2018-11-07,No
CLI-008273,CTR-008273,22,Madrid,16,82.59,Teléfono,Estándar,1841.2,0,6,2025-05-06,Sí
CLI-004697,CTR-004697,31,Murcia,69,40.76,Tienda,Premium,3186.74,0,8,2020-12-02,No
CLI-007694,CTR-007694,39,Valencia,73,94.71,Tienda,Premium,2036.26,1,9,2020-08-17,No
CLI-003834,CTR-003834,30,Murcia,35,171.67,Tienda,Empresa,4757.94,4,,2023-10-03,Sí
CLI-004935,CTR-004935,48,Valencia,13,85.29,Teléfono,Premium,3291.21,1,8,2025-08-25,No
CLI-005982,CTR-005982,41,Valencia,91,30.27,Web,Estándar,,4,7,2019-02-09,No
CLI-006486,CTR-006486,44,Alicante,23,66.63,Web,Estándar,2038.86,3,4,2024-10-06,No
CLI-001838,CTR-001838,23,Madrid,35,92.04,Aplicación,Básico,1898.73,6,,2023-10-09,Sí
CLI-007308,CTR-007308,53,Sevilla,22,47.75,Aplicación,Estándar,2339.25,1,8,2024-11-24,No
CLI-003999,CTR-003999,33,Alicante,5,84.57,Tienda,Premium,1196.23,3,,2026-04-10,Sí
CLI-006505,CTR-006505,35,Zaragoza,5,50.59,Aplicación,Estándar,2192.49,6,5,2026-04-14,Sí
CLI-005371,CTR-005371,39,Sevilla,42,80.73,Web,Premium,2096.52,3,5,2023-03-08,Sí
CLI-000794,CTR-000794,46,Murcia,18,50.77,Aplicación,Básico,2252.88,2,7,2025-03-10,No
CLI-000597,CTR-000597,34,Alicante,67,19.81,Aplicación,Estándar,2073.89,4,8,2021-02-24,No
CLI-003302,CTR-003302,76,Barcelona,41,69.32,Web,Empresa,,4,7,2023-04-16,Sí
CLI-005320,CTR-005320,29,Barcelona,29,80.14,Teléfono,Estándar,2884.47,8,4,2024-04-10,Sí
CLI-004135,CTR-004135,50,Sevilla,72,68.58,Web,Estándar,2816.97,1,8,2020-09-03,No
CLI-008008,CTR-008008,37,Madrid,67,64.61,Tienda,Estándar,4071.5,1,6,2021-02-23,No
CLI-009391,CTR-009391,31,Zaragoza,68,180.6,Web,Básico,8779.08,2,,2021-01-10,No
CLI-002686,CTR-002686,57,Madrid,84,36.64,Web,Básico,2453.7,2,7,2019-09-27,No
CLI-003743,CTR-003743,47,Sevilla,29,71.5,Web,Estándar,1568.93,5,,2024-04-10,Sí
CLI-003956,CTR-003956,29,Madrid,48,66.05,Teléfono,Básico,2746.19,6,6,2022-09-09,Sí
CLI-007339,CTR-007339,45,Madrid,19,53.69,Web,Estándar,,0,,2025-02-17,No
CLI-001036,CTR-001036,46,Madrid,22,66.17,Web,Empresa,,1,5,2024-11-03,Sí
CLI-003423,CTR-003423,38,Madrid,47,65.37,Tienda,Premium,3123.46,0,,2022-10-21,No
CLI-003082,CTR-003082,50,Valencia,25,31.54,Teléfono,Estándar,3318.87,4,,2024-08-17,No
CLI-007757,CTR-007757,51,Barcelona,36,60.56,Web,Estándar,,0,7,2023-09-27,No
CLI-009182,CTR-009182,39,Valencia,83,43.49,Teléfono,Premium,3155.95,4,8,2019-10-27,No
CLI-001619,CTR-001619,18,Alicante,40,65.43,Tienda,Básico,,3,4,2023-05-01,Sí
CLI-005514,CTR-005514,39,Zaragoza,82,78.14,web,Básico,3024.43,0,7,2019-11-25,No
CLI-003362,CTR-003362,36,Barcelona,1,39.04,Tienda,Básico,1156.07,3,4,2026-08-27,Sí
CLI-007761,CTR-007761,34,Valencia,94,50.95,Web,Estándar,1755.02,1,7,2018-11-22,No
CLI-001119,CTR-001119,42,Madrid,32,27.71,Web,Básico,1652.13,0,5,2024-01-05,No
CLI-003494,CTR-003494,45,Madrid,18,76,Tienda,Estándar,3423.14,2,9,2025-03-07,No
CLI-000275,CTR-000275,53,Sevilla,57,87.77,Web,Premium,2371.85,5,10,2021-12-12,No
CLI-006638,CTR-006638,26,Madrid,25,55.96,Tienda,Estándar,2218.02,3,5,2024-08-07,No
CLI-007332,CTR-007332,41,Sevilla,83,49.39,Teléfono,Básico,2928.46,2,6,2019-10-04,No
CLI-003455,CTR-003455,49,Murcia,93,55.34,Web,Premium,,3,10,2018-12-18,No
CLI-005226,CTR-005226,32,Madrid,30,69.34,Web,Premium,2709.91,4,8,2024-03-28,Sí
CLI-001456,CTR-001456,50,Madrid,68,39.6,Web,Estándar,1712.47,6,7,2021-01-02,No
CLI-006861,CTR-006861,39,Murcia,41,78.14,Web,Estándar,2096.32,0,8,2023-04-04,No
CLI-003008,CTR-003008,36,Madrid,76,49.57,,Estándar,4098.65,2,,2020-05-12,No
CLI-009544,CTR-009544,29,Madrid,39,85.85,Aplicación,Premium,2985.85,3,10,2023-06-09,No
CLI-001185,CTR-001185,36,Valencia,65,68.05,Aplicación,Estándar,1657.06,4,,2021-04-19,No
CLI-005056,CTR-005056,18,Madrid,25,40.85,Teléfono,Básico,931.34,5,4,2024-08-09,Sí
CLI-008510,CTR-008510,41,Zaragoza,36,96.99,Teléfono,Estándar,,1,6,2023-09-14,No
CLI-007262,CTR-007262,37,Zaragoza,84,64.32,web,Básico,1016.34,3,10,2019-09-08,No
CLI-002573,CTR-002573,55,Málaga,10,64.12,Teléfono,Premium,1405.54,6,8,2025-11-05,No
CLI-008748,CTR-008748,46,Alicante,17,32.6,Teléfono,Básico,2462.34,5,,2025-04-11,Sí
CLI-007121,CTR-007121,37,Zaragoza,27,67.1,Tienda,Estándar,,1,,2024-06-05,No
CLI-004574,CTR-004574,51,Alicante,58,82.87,web,Premium,2240.53,4,9,2021-11-25,No
CLI-000599,CTR-000599,18,Madrid,46,69.41,Web,Básico,3546.49,5,,2022-11-05,Sí
CLI-002283,CTR-002283,33,Valencia,52,59.92,Teléfono,Premium,1557.88,0,10,2022-05-11,No
CLI-002883,CTR-002883,27,Madrid,81,63.7,Web,Estándar,3377.51,0,9,2019-12-11,No
CLI-005857,CTR-005857,42,Valencia,11,53.31,Web,Empresa,1916.51,4,5,2025-10-21,Sí
CLI-005473,CTR-005473,50,Madrid,57,71.24,Web,Empresa,4301.24,2,,2021-12-11,No
CLI-005303,CTR-005303,30,Madrid,32,42.3,Web,Estándar,1875.98,2,6,2024-01-18,Sí
CLI-008300,CTR-008300,41,Sevilla,3,43.01,Web,Estándar,2393.26,5,,2026-06-04,Sí
CLI-001688,CTR-001688,35,Barcelona,18,79.84,Tienda,Estándar,3109.15,4,,2025-03-06,Sí
CLI-005435,CTR-005435,32,Murcia,83,22.87,Aplicación,Premium,1892.36,2,7,2019-10-25,No
CLI-008958,CTR-008958,58,Valencia,70,52.43,Web,Premium,2806.1,5,8,2020-11-13,No
CLI-006417,CTR-006417,34,Alicante,20,44.45,Tienda,Estándar,,2,,2025-01-14,No
CLI-000907,CTR-000907,34,Sevilla,9,66.18,WEB,Premium,2197.66,3,7,2025-12-13,Sí
CLI-008144,CTR-008144,51,Sevilla,73,48.36,Tienda,Premium,3135.64,1,8,2020-08-03,No
CLI-000136,CTR-000136,52,Madrid,48,56.38,Teléfono,Básico,1961.91,2,,2022-09-10,Sí
CLI-002079,CTR-002079,20,Madrid,31,71.85,Web,Estándar,4958.85,5,7,2024-02-24,Sí
CLI-003487,CTR-003487,25,Madrid,10,47.58,Teléfono,Básico,3250.72,3,7,2025-11-06,No
CLI-003249,CTR-003249,41,Barcelona,75,96.28,Teléfono,Básico,2432.12,3,,2020-06-19,No
CLI-000670,CTR-000670,57,Valencia,61,96.82,Web,Estándar,2432.09,2,8,2021-08-25,No
CLI-001999,CTR-001999,32,Valencia,51,81.51,Teléfono,Premium,2117.21,6,6,2022-06-03,No
CLI-000882,CTR-000882,63,Sevilla,39,88.36,Web,Estándar,2545.49,3,,2023-06-18,Sí
CLI-000408,CTR-000408,60,Sevilla,26,84.13,,Básico,,4,6,2024-07-11,Sí
CLI-001101,CTR-001101,46,Sevilla,24,58.66,Web,Estándar,3325.98,2,9,2024-09-12,No
CLI-002579,CTR-002579,38,Madrid,72,35.53,Tienda,Básico,2786.6,3,7,2020-09-27,No
CLI-008357,CTR-008357,47,Málaga,52,33.17,Web,Estándar,3216.42,3,,2022-05-21,No
CLI-008410,CTR-008410,48,Madrid,70,30.56,Tienda,Estándar,3911.22,3,9,2020-11-24,No
CLI-006610,CTR-006610,29,Alicante,37,45.93,Web,Premium,1890.59,0,8,2023-08-02,No
CLI-001123,CTR-001123,43,Madrid,12,74.03,Web,Premium,2784.91,2,7,2025-09-04,No
CLI-003779,CTR-003779,45,Barcelona,9,54.35,,Básico,,2,2,2025-12-27,Sí
CLI-007183,CTR-007183,24,Madrid,26,50.89,Web,Básico,3271.27,2,8,2024-07-09,No
CLI-002032,CTR-002032,52,Madrid,17,71.28,Web,Estándar,3040.7,4,4,2025-04-28,Sí
CLI-003396,CTR-003396,26,Zaragoza,25,53.25,Teléfono,Básico,2558.95,5,,2024-08-20,Sí
CLI-003847,CTR-003847,31,Málaga,4,72.51,Web,Estándar,,4,6,2026-05-09,Sí
CLI-005809,CTR-005809,62,Zaragoza,25,82.22,Tienda,Estándar,2623.24,5,,2024-08-24,No
CLI-001102,CTR-001102,57,Murcia,32,54.13,Web,Estándar,2528.07,1,6,2024-01-15,No
CLI-003716,CTR-003716,37,Barcelona,28,84.82,Web,Estándar,3299.92,2,7,2024-05-19,No
CLI-005995,CTR-005995,44,Zaragoza,24,59.05,Tienda,Premium,,6,5,2024-09-20,Sí
CLI-009203,CTR-009203,40,Madrid,79,50.37,Aplicación,Estándar,2619.84,1,8,2020-02-24,No
CLI-008069,CTR-008069,51,Murcia,39,31.19,Web,Empresa,3480.88,0,8,2023-06-19,No
CLI-005397,CTR-005397,47,Barcelona,30,76.37,Aplicación,Premium,1445.55,6,,2024-03-09,Sí
CLI-005362,CTR-005362,28,Zaragoza,40,64.05,Tienda,Estándar,750,1,,2023-05-21,No
CLI-009603,CTR-009603,44,Zaragoza,55,58.41,Web,Premium,,0,7,2022-02-16,No
CLI-006692,CTR-006692,32,Alicante,45,82.78,Tienda,Empresa,2016.24,1,5,2022-12-14,No
CLI-007146,CTR-007146,37,Barcelona,19,97.3,Teléfono,Estándar,1373.97,1,7,2025-02-16,Sí
CLI-005503,CTR-005503,34,Málaga,10,65.03,Aplicación,Estándar,1932.37,4,6,2025-11-04,Sí
CLI-006407,CTR-006407,41,Barcelona,95,87.41,Teléfono,Estándar,2119.02,3,,2018-10-08,No
CLI-008201,CTR-008201,32,Madrid,10,50.85,Web,Premium,3134.62,7,5,2025-11-25,Sí
CLI-007668,CTR-007668,33,Barcelona,72,66.9,WEB,Premium,2065.26,1,6,2020-09-15,No
CLI-009084,CTR-009084,50,Sevilla,37,71.13,Web,Estándar,2632.98,7,5,2023-08-04,Sí
CLI-006796,CTR-006796,18,Sevilla,17,109.15,Teléfono,Estándar,2597.5,5,,2025-04-09,Sí
CLI-009198,CTR-009198,49,Zaragoza,36,42.32,Tienda,Premium,2822.59,2,7,2023-09-16,No
CLI-007569,CTR-007569,27,Sevilla,23,49.1,Teléfono,Premium,2106.8,2,4,2024-10-11,Sí
CLI-001864,CTR-001864,34,Barcelona,16,47.76,Tienda,Premium,3275.45,2,6,2025-05-02,Sí
CLI-008445,CTR-008445,54,Málaga,32,63.64,Tienda,Premium,2112.81,1,6,2024-01-02,No
CLI-005936,CTR-005936,27,Madrid,41,49.5,Web,Empresa,,1,,2023-04-09,No
CLI-002408,CTR-002408,30,Barcelona,25,70.33,Web,Premium,2686.55,0,7,2024-08-12,No
CLI-004319,CTR-004319,39,Sevilla,79,46.56,Teléfono,Estándar,2445,5,5,2020-02-03,No
CLI-004967,CTR-004967,36,Alicante,50,55.77,Tienda,Básico,3237.06,1,7,2022-07-13,No
CLI-005950,CTR-005950,39,Alicante,75,69.06,Aplicación,Estándar,950.99,1,,2020-06-20,No
CLI-002818,CTR-002818,24,Madrid,3,84.41,Web,Empresa,2016.29,4,,2026-06-27,Sí
CLI-004654,CTR-004654,52,Madrid,74,73.21,Web,Estándar,2717.23,2,8,2020-07-11,No
CLI-005547,CTR-005547,37,Valencia,39,94.61,Teléfono,Estándar,3032.29,1,,2023-06-06,No
CLI-006310,CTR-006310,46,Valencia,20,59.24,Web,Estándar,2365.64,3,3,2025-01-20,Sí
CLI-007652,CTR-007652,43,Madrid,50,68.6,Tienda,Estándar,2052.89,4,9,2022-07-22,No
CLI-007818,CTR-007818,34,Madrid,48,75.13,Teléfono,Básico,2337.64,5,3,2022-09-02,Sí
CLI-005879,CTR-005879,46,Madrid,58,24.03,Aplicación,Estándar,,2,,2021-11-12,No
CLI-000067,CTR-000067,23,Madrid,58,50,Teléfono,Premium,,0,7,2021-11-08,No
CLI-001419,CTR-001419,48,Valencia,35,37.55,Tienda,Básico,3223.8,0,,2023-10-05,No
CLI-009252,CTR-009252,39,Valencia,85,12.47,Tienda,Básico,,2,10,2019-08-07,No
CLI-005729,CTR-005729,33,Barcelona,7,43.41,Tienda,Premium,2870.2,6,,2026-02-03,Sí
CLI-002420,CTR-002420,38,Málaga,28,55.72,Web,Básico,2647.35,0,,2024-05-25,No
CLI-004610,CTR-004610,36,Valencia,36,33.88,Web,Básico,4621.05,4,,2023-09-09,No
CLI-006119,CTR-006119,36,Valencia,26,46.58,Tienda,Estándar,,7,8,2024-07-24,Sí
CLI-003656,CTR-003656,19,Valencia,50,70.17,Tienda,Estándar,,0,8,2022-07-13,No
CLI-001920,CTR-001920,52,Barcelona,9,94.75,Web,Premium,2671.54,4,,2025-12-07,No
CLI-000037,CTR-000037,25,Barcelona,11,53.87,Web,Básico,2331.35,4,5,2025-10-14,Sí
CLI-005156,CTR-005156,44,Valencia,73,48.17,Web,Premium,2000.61,2,,2020-08-01,No
CLI-000929,CTR-000929,26,Sevilla,8,32.01,Web,Estándar,2696.02,5,,2026-01-27,Sí
CLI-009576,CTR-009576,55,Madrid,11,49.42,Web,Básico,1046.91,5,7,2025-10-12,Sí
CLI-003897,CTR-003897,18,Madrid,61,62.06,Teléfono,Básico,1662.6,1,,2021-08-16,No
CLI-000045,CTR-009895,52,Málaga,27,93.07,Web,Básico,,3,,2024-06-13,No
CLI-002127,CTR-002127,51,Madrid,23,56.03,Web,Estándar,2221.47,3,4,2024-10-20,Sí
CLI-000215,CTR-000215,30,Valencia,10,76.12,Teléfono,Estándar,3033.71,4,5,2025-11-04,No
CLI-009624,CTR-009624,61,Barcelona,53,83.17,Tienda,Premium,3889.11,1,7,2022-04-18,No
CLI-004778,CTR-004778,32,Barcelona,31,74.11,Web,Empresa,2700.83,1,10,2024-02-18,No
CLI-003606,CTR-003606,44,Málaga,53,45.67,Teléfono,Básico,2419.92,3,7,2022-04-07,No
CLI-002584,CTR-002584,46,Barcelona,30,60.35,Aplicación,Básico,2772.02,2,7,2024-03-20,No
CLI-009191,CTR-009191,58,Barcelona,25,44.77,Web,Empresa,2508.73,0,7,2024-08-02,No
CLI-008492,CTR-008492,28,Madrid,20,60.41,Web,Premium,,8,,2025-01-17,Sí
CLI-002181,CTR-002181,42,Valencia,49,82.68,Teléfono,Básico,2091.42,2,,2022-08-24,No
CLI-008689,CTR-008689,36,Murcia,6,78.55,Web,Premium,,4,,2026-03-02,Sí
CLI-003358,CTR-003358,29,Barcelona,65,73.06,Tienda,Estándar,,3,6,2021-04-20,No
CLI-001041,CTR-001041,44,Zaragoza,7,51.88,Web,Estándar,3812.85,2,,2026-02-08,No
CLI-005805,CTR-005805,33,Barcelona,44,86.49,Teléfono,Premium,1588.79,5,,2023-01-03,Sí
CLI-008175,CTR-008175,45,Barcelona,52,83.37,Web,Estándar,3021.82,2,,2022-05-14,No
CLI-004338,CTR-004338,46,Alicante,15,69.08,Web,Premium,,4,7,2025-06-27,Sí
CLI-004571,CTR-004571,42,Málaga,1,63.78,Tienda,Básico,1265.09,4,1,2026-08-14,Sí
CLI-005322,CTR-005322,40,Valencia,73,58.5,Aplicación,Estándar,3105.2,1,6,2020-08-19,No
CLI-005051,CTR-005051,36,Madrid,22,53.55,Tienda,Básico,2217.53,5,4,2024-11-27,Sí
CLI-005078,CTR-005078,27,Madrid,11,323.12,Tienda,Estándar,5421.09,4,5,2025-10-05,Sí
CLI-004355,CTR-004355,65,Sevilla,28,62.42,Aplicación,Básico,3096.97,2,5,2024-05-15,Sí
CLI-006296,CTR-006296,47,Zaragoza,39,87.22,Aplicación,Estándar,3424.96,4,,2023-06-01,Sí
CLI-005067,CTR-005067,54,Madrid,44,84.28,Tienda,Estándar,1027.99,7,,2023-01-17,Sí
CLI-005991,CTR-005991,57,Madrid,38,75.09,Web,Premium,2110.11,6,5,2023-07-12,Sí
CLI-006169,CTR-006169,51,Madrid,48,97.36,Tienda,Premium,2068.23,4,6,2022-09-20,Sí
CLI-005930,CTR-005930,53,Barcelona,36,47.23,Web,Premium,750,4,7,2023-09-23,No
CLI-000806,CTR-000806,45,Málaga,29,44.52,Web,Estándar,3400.85,2,5,2024-04-25,Sí
CLI-009154,CTR-009154,23,Alicante,64,57.9,Aplicación,Estándar,2504.87,3,6,2021-05-09,No
CLI-007823,CTR-007823,46,Alicante,69,71.41,Web,Estándar,1092.84,0,9,2020-12-27,No
CLI-005855,CTR-005855,45,Sevilla,95,48.66,Web,Empresa,3830.17,2,,2018-10-10,No
CLI-001220,CTR-001220,69,Valencia,88,58.09,Tienda,Premium,,0,,2019-05-14,No
CLI-007323,CTR-007323,46,Sevilla,92,25.77,Aplicación,Premium,2153.37,1,7,2019-01-22,No
CLI-005477,CTR-005477,50,Málaga,95,40.92,Tienda,Estándar,3416.33,0,8,2018-10-03,No
CLI-005180,CTR-005180,38,Valencia,42,93.34,Teléfono,Básico,3072.71,5,5,2023-03-22,Sí
CLI-005148,CTR-005148,38,Barcelona,30,59.23,Web,Básico,750,2,6,2024-03-09,Sí
CLI-002896,CTR-002896,48,Madrid,22,37.74,Tienda,Estándar,1768.53,3,6,2024-11-01,No
CLI-004381,CTR-004381,47,Madrid,77,63.13,Teléfono,Premium,1555.55,3,7,2020-04-26,No
CLI-000741,CTR-000741,27,Sevilla,87,100.49,Web,Estándar,2905.25,0,4,2019-06-23,No
CLI-003676,CTR-003676,42,Madrid,86,58.9,Tienda,Empresa,2610.37,2,7,2019-07-11,No
CLI-002990,CTR-002990,18,Madrid,32,94.93,Teléfono,Estándar,,5,7,2024-01-05,Sí
CLI-005307,CTR-005307,38,Barcelona,54,86.98,Tienda,Premium,3097.83,4,5,2022-03-09,No
CLI-001653,CTR-001653,19,Barcelona,40,88.63,Aplicación,Premium,2196.26,0,9,2023-05-15,No
CLI-000989,CTR-000989,44,Málaga,92,33.28,Web,Estándar,2041.91,5,9,2019-01-10,No
CLI-007979,CTR-007979,54,Madrid,42,26.22,Tienda,Estándar,2740.59,3,10,2023-03-01,No
CLI-002488,CTR-002488,31,Valencia,87,9.9,Web,Estándar,,0,9,2019-06-02,No
CLI-002201,CTR-002201,46,Valencia,36,61.28,Web,Estándar,750,5,5,2023-09-22,Sí
CLI-008054,CTR-008054,57,Murcia,76,68.49,web,Premium,2627.83,5,9,2020-05-03,No
CLI-003218,CTR-003218,40,Murcia,27,86.6,Web,Estándar,4015.69,4,4,2024-06-24,Sí
CLI-003895,CTR-003895,21,Barcelona,41,85.41,Aplicación,Básico,1209.56,1,7,2023-04-10,Sí
CLI-000993,CTR-000993,61,Málaga,17,65.38,Tienda,Básico,3154.59,2,,2025-04-12,Sí
CLI-001610,CTR-001610,39,Sevilla,79,16.37,Web,Empresa,,3,7,2020-02-01,No
CLI-001214,CTR-001214,56,Madrid,33,48.55,Tienda,Básico,3292.89,1,5,2023-12-13,No
CLI-004211,CTR-004211,29,Madrid,59,53.13,Teléfono,Premium,3455.61,1,,2021-10-14,No
CLI-002083,CTR-002083,41,Málaga,41,39.67,Teléfono,Estándar,2308.5,2,6,2023-04-03,Sí
CLI-007265,CTR-007265,42,Madrid,33,91.54,Tienda,Estándar,,2,,2023-12-06,Sí
CLI-006565,CTR-006565,30,Madrid,82,39.17,Teléfono,Básico,3832.23,3,7,2019-11-13,No
CLI-003478,CTR-003478,39,Alicante,93,78.64,Tienda,Empresa,1515.71,4,7,2018-12-09,No
CLI-003356,CTR-003356,54,Madrid,66,41.87,Aplicación,Empresa,2880.81,5,7,2021-03-17,No
CLI-008474,CTR-008474,49,Madrid,82,58.99,Teléfono,Premium,3090.19,0,5,2019-11-27,No
CLI-005187,CTR-005187,49,Madrid,25,59.26,Tienda,Estándar,1723.27,0,,2024-08-06,No
CLI-002743,CTR-002743,44,Madrid,17,74.64,Web,Premium,,3,,2025-04-06,Sí
CLI-000238,CTR-000238,61,Murcia,48,65.06,Tienda,Estándar,3209.22,0,7,2022-09-05,No
CLI-001659,CTR-001659,31,Madrid,31,71.99,Teléfono,Básico,3237.94,4,8,2024-02-08,Sí
CLI-002609,CTR-002609,45,Madrid,56,53.87,Teléfono,Estándar,,2,,2022-01-19,No
CLI-004988,CTR-004988,37,Madrid,29,58.86,Web,Estándar,1602.19,5,8,2024-04-05,Sí
CLI-007867,CTR-007867,56,Barcelona,77,77.05,Aplicación,Empresa,2787.79,4,10,2020-04-09,No
CLI-006926,CTR-006926,70,Málaga,24,47.23,Web,Estándar,,7,6,2024-09-06,Sí
CLI-000330,CTR-000330,18,Zaragoza,3,50.48,Teléfono,Premium,,5,4,2026-06-24,Sí
CLI-005361,CTR-005361,51,Barcelona,15,34.2,Web,Empresa,2364.14,2,10,2025-06-24,No
CLI-009445,CTR-009445,40,Madrid,3,46.05,Web,Básico,,1,,2026-06-07,Sí
CLI-005799,CTR-005799,60,Alicante,24,47.49,Web,Premium,2177.09,6,4,2024-09-06,Sí
CLI-005902,CTR-005902,63,Barcelona,25,76.94,Aplicación,Premium,2954.29,1,8,2024-08-13,No
CLI-002472,CTR-002472,48,Valencia,10,43.53,Teléfono,Premium,,1,,2025-11-26,No
CLI-003069,CTR-003069,53,Barcelona,1,105.32,web,Empresa,,5,7,2026-08-11,Sí
CLI-002135,CTR-002135,43,Barcelona,69,40.23,Teléfono,Básico,2273.81,0,,2020-12-11,No
CLI-000888,CTR-000888,28,Madrid,81,67.62,Aplicación,Básico,4111.77,2,,2019-12-25,No
CLI-002875,CTR-002875,42,Madrid,29,45.29,Tienda,Empresa,2438.44,0,,2024-04-02,No
CLI-007486,CTR-007486,35,Zaragoza,32,67.28,Aplicación,Básico,3052.26,4,5,2024-01-18,Sí
CLI-004583,CTR-004583,38,Murcia,75,97.6,Web,Estándar,2018.8,4,,2020-06-27,No
CLI-003584,CTR-003584,32,Málaga,60,77.68,Web,Básico,3062.04,1,9,2021-09-20,No
CLI-008876,CTR-008876,60,Murcia,96,52.9,Tienda,Premium,798.17,0,,2018-09-07,No
CLI-003633,CTR-003633,40,Valencia,6,63.17,Teléfono,Estándar,2019.24,5,,2026-03-21,Sí
CLI-007400,CTR-007400,38,Madrid,78,75.52,Tienda,Premium,2102.25,0,7,2020-03-18,No
CLI-001114,CTR-001114,34,Sevilla,6,46.62,Teléfono,Estándar,,1,,2026-03-26,Sí
CLI-007986,CTR-007986,40,Murcia,51,56.09,Tienda,Premium,,0,9,2022-06-27,No
CLI-003553,CTR-003553,42,Murcia,13,66.25,Web,Empresa,1624.04,2,5,2025-08-27,Sí
CLI-000075,CTR-000075,37,Murcia,41,61.04,Web,Premium,2818.51,6,5,2023-04-07,Sí
CLI-000887,CTR-000887,28,Barcelona,26,66.32,Aplicación,Estándar,2884.4,2,,2024-07-10,Sí
CLI-000237,CTR-000237,44,Málaga,2,83.22,Teléfono,Premium,2728.67,4,,2026-07-16,Sí
CLI-008081,CTR-008081,29,Barcelona,77,96.43,Web,Básico,3173.82,1,8,2020-04-28,No
CLI-001517,CTR-001517,41,Murcia,23,66.22,Web,Básico,3020.42,4,4,2024-10-03,Sí
CLI-003037,CTR-003037,50,Alicante,68,10.65,WEB,Estándar,2617.33,2,8,2021-01-18,No
CLI-002702,CTR-002702,54,Valencia,8,40.59,web,Empresa,1314.03,0,6,2026-01-16,No
CLI-007604,CTR-007604,42,Zaragoza,82,75.68,Web,Premium,1209.28,0,8,2019-11-11,No
CLI-001357,CTR-001357,72,Málaga,71,9.9,Tienda,Empresa,2721.21,0,,2020-10-13,No
CLI-009706,CTR-009706,63,Madrid,6,64.04,Teléfono,Básico,2814.48,0,7,2026-03-21,No
CLI-003211,CTR-003211,52,Valencia,21,63.65,Web,Estándar,,0,8,2024-12-19,No
CLI-002378,CTR-002378,54,Zaragoza,32,41.1,Web,Empresa,2863.41,1,9,2024-01-27,No
CLI-003580,CTR-003580,35,Barcelona,96,116.03,Aplicación,Básico,,1,7,2018-09-13,No
CLI-000667,CTR-000667,30,Barcelona,25,91.23,Teléfono,Premium,,0,,2024-08-03,Sí
CLI-006004,CTR-006004,41,Sevilla,11,79.63,Web,Estándar,,5,,2025-10-11,Sí
CLI-001573,CTR-001573,25,Zaragoza,94,30.87,Tienda,Estándar,4029.35,3,10,2018-11-04,No
CLI-002616,CTR-002616,61,Madrid,6,37.74,Web,Empresa,2054.64,3,,2026-03-04,Sí
CLI-009246,CTR-009246,38,Valencia,21,44.42,Web,Básico,1658.95,0,,2024-12-14,No
CLI-005607,CTR-005607,47,Sevilla,44,77.36,Aplicación,Básico,1619.71,5,8,2023-01-16,Sí
CLI-006414,CTR-006414,46,Murcia,48,36.89,Web,Premium,3101.72,2,7,2022-09-20,No
CLI-003189,CTR-003189,18,Madrid,22,60.76,,Básico,1830.66,5,5,2024-11-15,Sí
CLI-000561,CTR-000561,51,Málaga,87,71.01,Teléfono,Premium,1085.55,3,10,2019-06-10,No
CLI-009696,CTR-009696,36,Madrid,46,74.72,Teléfono,Estándar,2771.29,6,7,2022-11-19,Sí
CLI-007834,CTR-007834,49,Barcelona,28,58.69,Tienda,Premium,,1,7,2024-05-15,No
CLI-007153,CTR-007153,28,Valencia,25,72.44,Web,Premium,3940.41,0,9,2024-08-18,No
CLI-005848,CTR-005848,34,Málaga,61,35.21,Aplicación,Básico,2374.85,3,5,2021-08-13,No
CLI-004297,CTR-004297,35,Valencia,19,22.47,Tienda,Estándar,1955.27,3,5,2025-02-28,Sí
CLI-003674,CTR-003674,49,Zaragoza,76,56.25,Tienda,Estándar,1951.1,2,9,2020-05-14,No
CLI-006524,CTR-006524,46,Madrid,54,34.17,Tienda,Estándar,2290.64,4,5,2022-03-10,No
CLI-004008,CTR-004008,43,Sevilla,85,55.5,Web,Premium,961.92,0,,2019-08-04,No
CLI-000555,CTR-000555,51,Sevilla,21,59.37,web,Estándar,2763.93,2,8,2024-12-23,No
CLI-001156,CTR-001156,34,Barcelona,87,66.19,Teléfono,Premium,2067.94,4,,2019-06-08,No
CLI-004045,CTR-004045,21,Zaragoza,15,52.65,Tienda,Premium,2215.98,1,10,2025-06-11,No
CLI-003840,CTR-003840,31,Madrid,47,75.23,Tienda,Básico,,5,,2022-10-23,Sí
CLI-009657,CTR-009657,58,Murcia,19,75.88,Aplicación,Básico,2011.85,1,9,2025-02-11,No
CLI-001175,CTR-001175,53,Valencia,69,71.61,Web,Básico,1573.76,5,6,2020-12-28,No
CLI-002715,CTR-002715,25,Alicante,40,31.57,Aplicación,Premium,2868.67,7,,2023-05-23,Sí
CLI-004159,CTR-004159,72,Barcelona,79,48.56,Teléfono,Estándar,2005.89,2,6,2020-02-13,No
CLI-002406,CTR-002406,57,Murcia,56,84.46,Web,Premium,,4,,2022-01-27,No
CLI-006822,CTR-006822,44,Madrid,46,70.49,Tienda,Básico,1097.99,2,,2022-11-28,Sí
CLI-008745,CTR-008745,37,Madrid,20,42.58,Teléfono,Estándar,,3,6,2025-01-19,No
CLI-005732,CTR-005732,27,Valencia,74,49.8,Tienda,Premium,3572.21,1,7,2020-07-19,No
CLI-008316,CTR-008316,38,Madrid,24,89.39,Tienda,Premium,3491.56,1,,2024-09-08,Sí
CLI-007461,CTR-007461,44,Madrid,20,101.48,Teléfono,Premium,2424.89,0,,2025-01-02,No
CLI-000019,CTR-000019,35,Valencia,34,52.54,Tienda,Premium,1295.46,2,10,2023-11-07,Sí
CLI-008104,CTR-008104,43,Madrid,22,91.94,Tienda,Premium,,9,,2024-11-08,Sí
CLI-007904,CTR-007904,31,Madrid,67,67.38,Web,Estándar,2310.52,1,5,2021-02-11,No
CLI-007417,CTR-007417,41,Málaga,9,68.2,Tienda,Premium,3095.07,4,,2025-12-18,No
CLI-003528,CTR-003528,37,Madrid,34,58.34,Web,Estándar,1942.98,5,6,2023-11-20,No
CLI-003503,CTR-003503,30,Sevilla,76,42.7,Tienda,Estándar,2485.69,4,9,2020-05-01,No
CLI-009063,CTR-009063,66,Murcia,24,39.88,Aplicación,Estándar,2098.01,4,,2024-09-04,No
CLI-007925,CTR-007925,47,Madrid,11,34.61,Aplicación,Premium,2451.45,5,8,2025-10-03,Sí
CLI-009249,CTR-009249,54,Valencia,78,50.79,Web,Básico,3722.05,2,,2020-03-15,No
CLI-008997,CTR-008997,53,Madrid,95,36.31,Web,Premium,2409.09,1,8,2018-10-03,No
CLI-002618,CTR-002618,66,Valencia,71,70.75,Tienda,Premium,1713.13,1,,2020-10-10,No
CLI-001752,CTR-001752,23,Alicante,46,46.28,Teléfono,Básico,,4,,2022-11-24,Sí
CLI-002228,CTR-002228,32,Málaga,38,85.16,Teléfono,Básico,1796.83,2,8,2023-07-10,No
CLI-004374,CTR-004374,41,Sevilla,11,56.9,Aplicación,Premium,1203.66,9,3,2025-10-01,Sí
CLI-009631,CTR-009631,46,Barcelona,55,31.84,WEB,Estándar,3226.35,3,7,2022-02-27,No
CLI-001655,CTR-001655,37,Málaga,85,83.83,Web,Básico,2244.96,1,7,2019-08-28,No
CLI-002121,CTR-002121,34,Madrid,40,30.41,Tienda,Premium,2680.78,4,3,2023-05-25,Sí
CLI-002106,CTR-002106,31,Barcelona,45,47.83,,Empresa,3210.29,4,6,2022-12-14,No
CLI-009216,CTR-009216,41,Madrid,31,50.48,Tienda,Estándar,2499.3,4,5,2024-02-14,Sí
CLI-008381,CTR-008381,33,Murcia,14,41.38,Teléfono,Estándar,4614.12,3,6,2025-07-19,No
CLI-008465,CTR-008465,37,Barcelona,43,46.96,Tienda,Premium,2622.63,4,8,2023-02-19,No
CLI-005780,CTR-005780,60,Sevilla,39,40.19,Teléfono,Premium,2628.47,0,8,2023-06-23,No
CLI-007364,CTR-007364,28,Zaragoza,45,102.41,Web,Básico,,4,8,2022-12-05,No
CLI-004184,CTR-004184,37,Barcelona,17,82.35,Tienda,Estándar,4181.4,2,5,2025-04-07,No
CLI-008856,CTR-008856,57,Valencia,29,82.45,Aplicación,Estándar,1811.69,0,,2024-04-10,No
CLI-008755,CTR-008755,38,Alicante,44,92.33,Teléfono,Premium,,1,,2023-01-10,Sí
CLI-006704,CTR-006704,26,Barcelona,17,43.88,Teléfono,Básico,1143.06,7,8,2025-04-17,Sí
CLI-004809,CTR-004809,41,Madrid,5,76.01,Teléfono,Estándar,3079.04,6,,2026-04-26,Sí
CLI-006132,CTR-006132,35,Alicante,21,66.54,Teléfono,Estándar,2348.37,3,8,2024-12-21,No
CLI-003637,CTR-003637,24,Valencia,23,57.82,Web,Estándar,2988.33,4,,2024-10-23,Sí
CLI-005221,CTR-005221,56,Alicante,8,41.81,Tienda,Premium,3288.52,2,,2026-01-05,No
CLI-003132,CTR-003132,39,Málaga,43,45.72,Web,Premium,,0,,2023-02-14,No
CLI-009472,CTR-009472,42,Valencia,42,61.9,Web,Estándar,3165.23,1,8,2023-03-28,No
CLI-002059,CTR-002059,57,Madrid,84,51,Teléfono,Estándar,2346,0,8,2019-09-26,No
CLI-001412,CTR-001412,37,Murcia,29,79.84,Aplicación,Premium,2859.54,4,5,2024-04-16,Sí
CLI-005464,CTR-005464,42,Málaga,60,58.79,Teléfono,Premium,,0,,2021-09-12,No
CLI-009360,CTR-009360,22,Barcelona,29,50.83,web,Premium,1654.43,1,5,2024-04-25,No
CLI-000153,CTR-000153,40,Zaragoza,14,87.21,Aplicación,Empresa,991.18,3,5,2025-07-28,Sí
CLI-001907,CTR-001907,39,Murcia,45,98.34,Web,Estándar,1533.94,4,5,2022-12-15,Sí
CLI-009548,CTR-009548,57,Barcelona,9,45.61,Tienda,Premium,1154.2,5,,2025-12-12,Sí
CLI-006853,CTR-006853,48,Sevilla,47,52.98,Tienda,Estándar,1866.52,2,,2022-10-14,Sí
CLI-003379,CTR-003379,30,Valencia,10,77.76,Web,Premium,,4,5,2025-11-18,Sí
CLI-007452,CTR-007452,33,Murcia,42,77.53,Aplicación,Básico,1836.5,5,4,2023-03-08,Sí
CLI-009460,CTR-009460,31,Barcelona,39,85.51,Tienda,Estándar,1616.89,1,,2023-06-27,No
CLI-002331,CTR-002331,50,Barcelona,13,71.4,Web,Premium,2442,3,6,2025-08-08,No
CLI-006294,CTR-006294,50,Málaga,17,68.07,Aplicación,Estándar,3264.89,1,7,2025-04-16,No
CLI-006881,CTR-006881,28,Zaragoza,12,57.52,Aplicación,Básico,1474.37,3,,2025-09-08,Sí
CLI-008999,CTR-008999,41,Barcelona,39,50.08,Aplicación,Estándar,2734.86,7,4,2023-06-27,Sí
CLI-007530,CTR-007530,18,Madrid,12,32.49,Web,Estándar,2947.03,5,6,2025-09-26,No
CLI-002115,CTR-002115,37,Sevilla,28,81.31,Web,Básico,1722.24,0,,2024-05-17,No
CLI-000050,CTR-009900,34,Valencia,22,24.67,Tienda,Premium,3509.98,0,,2024-11-04,No
CLI-001409,CTR-001409,18,Murcia,4,84.72,Web,Premium,1151.14,3,4,2026-05-23,Sí
CLI-001633,CTR-001633,65,Sevilla,79,75.37,Web,Básico,3535.31,1,8,2020-02-19,No
CLI-009163,CTR-009163,56,Madrid,13,42.31,Aplicación,Estándar,2317.25,5,,2025-08-28,Sí
CLI-003918,CTR-003918,30,Madrid,42,100.99,Tienda,Estándar,1775.88,5,,2023-03-21,Sí
CLI-000926,CTR-000926,47,Madrid,27,21.83,Web,Premium,2275.53,0,6,2024-06-12,No
CLI-000046,CTR-009896,45,Madrid,16,58.93,Teléfono,Estándar,1920.81,5,3,2025-05-01,Sí
CLI-004732,CTR-004732,47,Madrid,56,34.8,Aplicación,Básico,1617.92,0,7,2022-01-14,No
CLI-003792,CTR-003792,47,Valencia,12,85.05,Tienda,Premium,,2,6,2025-09-16,Sí
CLI-000190,CTR-000190,24,Madrid,43,78.45,Web,Empresa,1281.12,2,4,2023-02-01,Sí
CLI-000948,CTR-000948,59,Alicante,32,53.33,Web,Estándar,4245.77,4,,2024-01-06,No
CLI-006446,CTR-006446,42,Málaga,32,45.05,Web,Premium,,0,,2024-01-07,No
CLI-003545,CTR-003545,22,Alicante,89,71.09,WEB,Estándar,1734.2,2,7,2019-04-13,No
CLI-000526,CTR-000526,35,Zaragoza,90,43.19,Web,Básico,2406.26,0,,2019-03-11,No
CLI-008129,CTR-008129,46,Murcia,9,67.31,Web,Premium,1436.1,2,5,2025-12-22,Sí
CLI-007455,CTR-007455,20,Sevilla,54,40.92,Web,Estándar,2888.83,4,8,2022-03-17,No
CLI-008758,CTR-008758,44,Zaragoza,82,65.76,web,Premium,2140.69,0,,2019-11-10,No
CLI-004435,CTR-004435,21,Madrid,9,66.92,WEB,Básico,2508.1,6,,2025-12-01,Sí
CLI-008952,CTR-008952,42,Sevilla,5,84.11,Web,Premium,,7,,2026-04-28,Sí
CLI-003939,CTR-003939,60,Sevilla,57,95.96,Aplicación,Premium,3057.88,3,,2021-12-26,No
CLI-007508,CTR-007508,34,Sevilla,27,59.32,Tienda,Premium,2362.62,2,,2024-06-24,No
CLI-002396,CTR-002396,33,Alicante,33,97.77,Teléfono,Premium,1773.01,4,,2023-12-18,Sí
CLI-008177,CTR-008177,63,Zaragoza,17,25.5,Tienda,Básico,2351.26,0,6,2025-04-15,No
CLI-005076,CTR-005076,46,Barcelona,53,70.51,Teléfono,Estándar,1966.28,1,6,2022-04-10,No
CLI-000103,CTR-000103,51,Valencia,44,55.32,Teléfono,Premium,,3,6,2023-01-09,No
CLI-003703,CTR-003703,46,Zaragoza,74,68.77,web,Estándar,3517.75,2,7,2020-07-01,No
CLI-005484,CTR-005484,46,Barcelona,23,30.75,Aplicación,Premium,2831.35,0,,2024-10-05,No
CLI-000553,CTR-000553,34,Madrid,26,21.53,Tienda,Estándar,3634.93,5,15,2024-07-26,No
CLI-004786,CTR-004786,24,Madrid,10,96.6,Web,Estándar,1322.65,2,,2025-11-24,Sí
CLI-005357,CTR-005357,30,Barcelona,39,55.86,Aplicación,Estándar,2287.47,5,,2023-06-28,No
CLI-004270,CTR-004270,49,Zaragoza,75,61.13,WEB,Básico,2351,2,7,2020-06-24,No
CLI-003814,CTR-003814,43,Barcelona,56,54.19,Web,Estándar,2153.54,0,7,2022-01-23,No
CLI-008688,CTR-008688,35,Madrid,10,104.76,Tienda,Premium,2421.33,3,7,2025-11-04,No
CLI-009788,CTR-009788,39,Sevilla,55,72.19,Teléfono,Premium,1924.87,4,6,2022-02-17,No
CLI-008405,CTR-008405,24,Madrid,76,33.58,Tienda,Estándar,2426.51,0,9,2020-05-10,No
CLI-005994,CTR-005994,23,Barcelona,12,72.37,Aplicación,Premium,1806.25,4,5,2025-09-23,Sí
CLI-008638,CTR-008638,53,Sevilla,31,60.88,Teléfono,Estándar,1355.2,6,6,2024-02-07,Sí
CLI-000365,CTR-000365,18,Barcelona,47,44.13,Web,Empresa,3694.49,0,,2022-10-08,No
CLI-002760,CTR-002760,35,Barcelona,42,73.89,web,Estándar,3188.11,6,,2023-03-10,Sí
CLI-001048,CTR-001048,32,Madrid,45,27.16,Aplicación,Empresa,2905.52,3,6,2022-12-25,No
CLI-008682,CTR-008682,49,Barcelona,36,73.53,Web,Estándar,2302.33,3,6,2023-09-16,No
CLI-003204,CTR-003204,26,Barcelona,72,25.52,Web,Básico,,4,8,2020-09-27,No
CLI-006233,CTR-006233,44,Barcelona,54,21.48,Web,Estándar,1947.1,2,9,2022-03-05,No
CLI-000262,CTR-000262,40,Murcia,35,82.35,Aplicación,Estándar,2572.54,2,6,2023-10-16,Sí
CLI-006151,CTR-006151,32,Madrid,34,54.21,Teléfono,Premium,3012.64,2,6,2023-11-04,Sí
CLI-004807,CTR-004807,52,Alicante,25,98.3,Tienda,Estándar,4475.58,0,10,2024-08-26,No
CLI-006781,CTR-006781,55,Barcelona,79,56.95,Tienda,Básico,2347.04,0,,2020-02-14,No
CLI-001742,CTR-001742,38,Barcelona,70,70.06,Web,Estándar,2263.16,2,7,2020-11-18,No
CLI-000689,CTR-000689,45,Valencia,28,9.9,Web,Estándar,,0,,2024-05-20,No
CLI-001599,CTR-001599,34,Zaragoza,90,74.89,Web,Premium,2593.67,2,,2019-03-02,No
CLI-002145,CTR-002145,38,Murcia,43,76.96,Teléfono,Premium,750,3,6,2023-02-14,Sí
CLI-001638,CTR-001638,44,Madrid,13,41.73,Web,Básico,2054.57,4,,2025-08-23,No
CLI-008037,CTR-008037,36,Alicante,34,62.39,Teléfono,Básico,1930.18,0,10,2023-11-01,No
CLI-000077,CTR-000077,41,Valencia,28,112.15,Web,Premium,2255.94,4,5,2024-05-19,Sí
CLI-002016,CTR-002016,61,Barcelona,39,65.31,,Estándar,3300.94,3,,2023-06-07,Sí
CLI-007142,CTR-007142,29,Barcelona,66,53.29,Aplicación,Estándar,2784.64,1,7,2021-03-17,No
CLI-000722,CTR-000722,37,Barcelona,26,50.27,Teléfono,Empresa,1362.53,2,5,2024-07-03,No
CLI-006950,CTR-006950,31,Zaragoza,10,77.65,Web,Estándar,1381.97,4,6,2025-11-05,Sí
CLI-000362,CTR-000362,77,Málaga,81,58.69,Web,Premium,2019.25,3,7,2019-12-27,No
CLI-002365,CTR-002365,30,Murcia,40,91.78,Tienda,Estándar,,3,,2023-05-08,Sí
CLI-005275,CTR-005275,18,Valencia,37,83.32,Web,Básico,2906.26,7,,2023-08-16,Sí
CLI-002151,CTR-002151,44,Alicante,65,50.27,Web,Estándar,3082.29,4,,2021-04-04,No
CLI-004113,CTR-004113,69,Valencia,58,60.79,WEB,Básico,3928.66,0,,2021-11-23,No
CLI-005345,CTR-005345,37,Madrid,54,63.32,Web,Estándar,1487.34,7,,2022-03-19,No
CLI-006907,CTR-006907,42,Madrid,14,47.99,web,Estándar,3239.99,0,9,2025-07-21,No
CLI-002945,CTR-002945,31,Madrid,91,54.17,Tienda,Básico,3684.41,3,,2019-02-25,No
CLI-002859,CTR-002859,47,Madrid,63,53.91,Web,Estándar,2393.69,3,6,2021-06-18,No
CLI-006750,CTR-006750,43,Barcelona,83,31.04,Aplicación,Estándar,2846.04,3,,2019-10-24,No
CLI-003500,CTR-003500,50,Alicante,23,55.05,Web,Básico,3155.04,4,8,2024-10-20,No
CLI-009099,CTR-009099,51,Barcelona,6,56.56,Web,Estándar,1082.49,6,4,2026-03-07,Sí
CLI-004867,CTR-004867,40,Málaga,11,73.6,Web,Premium,,6,9,2025-10-02,Sí
CLI-005433,CTR-005433,52,Barcelona,23,26.31,WEB,Estándar,3029.42,3,,2024-10-04,No
CLI-002397,CTR-002397,53,Barcelona,33,53.29,Teléfono,Estándar,,4,7,2023-12-04,No
CLI-001328,CTR-001328,46,Barcelona,10,72.13,Teléfono,Premium,3700.85,2,,2025-11-27,No
CLI-005347,CTR-005347,49,Sevilla,24,49.88,Teléfono,Premium,3095.5,5,5,2024-09-19,Sí
CLI-002363,CTR-002363,35,Málaga,25,62.27,Web,Premium,1990.93,7,6,2024-08-19,Sí
CLI-004048,CTR-004048,39,Alicante,91,44.52,Tienda,Estándar,2880.25,2,,2019-02-10,No
CLI-006117,CTR-006117,37,Alicante,18,56.93,Aplicación,Premium,2638.35,4,3,2025-03-09,Sí
CLI-005787,CTR-005787,38,Barcelona,84,82.43,Aplicación,Básico,2033.39,2,8,2019-09-24,No
CLI-002037,CTR-002037,50,Málaga,17,19.41,Web,Premium,3554.24,4,,2025-04-04,No
CLI-005395,CTR-005395,48,Barcelona,51,80.82,Web,Estándar,1182.46,2,,2022-06-04,No
CLI-001118,CTR-001118,26,Sevilla,64,95.26,WEB,Estándar,3924.24,0,10,2021-05-17,No
CLI-005816,CTR-005816,65,Madrid,86,23.42,Web,Estándar,3440.49,0,,2019-07-19,No
CLI-004269,CTR-004269,27,Zaragoza,11,47.14,Teléfono,Estándar,1491.4,5,6,2025-10-03,Sí
CLI-000933,CTR-000933,70,Barcelona,30,36.35,Aplicación,Básico,,4,6,2024-03-16,No
CLI-007622,CTR-007622,40,Murcia,12,78.49,Teléfono,Estándar,1880.73,0,8,2025-09-01,No
CLI-001169,CTR-001169,36,Murcia,29,53.32,Web,Estándar,3968.25,4,8,2024-04-04,No
CLI-009061,CTR-009061,46,Madrid,10,76.96,Tienda,Estándar,,4,4,2025-11-18,Sí
CLI-006450,CTR-006450,33,Zaragoza,32,95.96,Tienda,Básico,1672.24,1,,2024-01-23,No
CLI-003262,CTR-003262,40,Barcelona,12,72.43,Web,Estándar,1205.87,4,,2025-09-24,Sí
CLI-003903,CTR-003903,31,Alicante,74,55.53,Web,Estándar,1940.14,2,10,2020-07-24,No
CLI-006556,CTR-006556,38,Zaragoza,42,38.91,Teléfono,Premium,2406.51,5,4,2023-03-15,No
CLI-003687,CTR-003687,47,Murcia,7,60.29,Web,Estándar,750,3,,2026-02-11,No
CLI-000756,CTR-000756,47,Madrid,20,99.89,Aplicación,Premium,2521.88,7,4,2025-01-18,Sí
CLI-006999,CTR-006999,45,Barcelona,37,82.87,web,Básico,1886.54,3,6,2023-08-28,No
CLI-003167,CTR-003167,74,Murcia,93,60.81,Web,Estándar,3097.63,3,6,2018-12-19,No
CLI-006914,CTR-006914,26,Málaga,6,92.73,Tienda,Estándar,2703.68,3,4,2026-03-24,No
CLI-004387,CTR-004387,54,Málaga,84,95.04,Web,Estándar,3288.57,3,6,2019-09-16,No
CLI-007131,CTR-007131,40,Zaragoza,63,46.82,Web,Básico,1406.03,0,8,2021-06-02,No
CLI-001351,CTR-001351,37,Alicante,59,52.1,Tienda,Básico,2266.26,0,,2021-10-23,No
CLI-009102,CTR-009102,31,Alicante,8,65.22,Web,Premium,3222.46,6,4,2026-01-12,Sí
CLI-007995,CTR-007995,49,Málaga,46,71.7,Tienda,Estándar,2865.84,7,6,2022-11-03,Sí
CLI-001978,CTR-001978,47,Barcelona,61,81.94,Tienda,Estándar,1095.85,2,9,2021-08-05,No
CLI-002659,CTR-002659,53,Sevilla,34,40.11,Web,Básico,750,3,5,2023-11-21,Sí
CLI-001647,CTR-001647,51,Alicante,84,65.58,Tienda,Estándar,2218,3,8,2019-09-12,No
CLI-004323,CTR-004323,38,Alicante,16,46.44,Web,Básico,,5,3,2025-05-27,Sí
CLI-002251,CTR-002251,59,Madrid,10,63.87,Tienda,Empresa,1535.46,9,6,2025-11-18,Sí
CLI-008904,CTR-008904,40,Valencia,9,55.25,WEB,Premium,2401.31,0,,2025-12-06,No
CLI-003935,CTR-003935,62,Barcelona,63,368.16,Web,Básico,9233.43,1,7,2021-06-10,No
CLI-000480,CTR-000480,18,Barcelona,48,72.17,Web,Estándar,,5,,2022-09-18,Sí
CLI-003543,CTR-003543,40,Sevilla,29,52.47,Teléfono,Estándar,2204,5,,2024-04-20,Sí
CLI-006814,CTR-006814,43,Alicante,68,72.87,Teléfono,Básico,1439.41,2,7,2021-01-09,No
CLI-004302,CTR-004302,18,Sevilla,71,43.3,Aplicación,Empresa,1433.97,2,5,2020-10-25,No
CLI-008286,CTR-008286,78,Sevilla,10,64.45,Teléfono,Básico,750,4,4,2025-11-08,Sí
CLI-004755,CTR-004755,18,Valencia,46,56.45,Teléfono,Básico,2334.66,4,4,2022-11-10,Sí
CLI-006076,CTR-006076,49,Valencia,29,64.64,Web,Estándar,1237.39,3,,2024-04-15,No
CLI-005764,CTR-005764,33,Málaga,51,69.92,Web,Estándar,,2,7,2022-06-14,No
CLI-007533,CTR-007533,44,Murcia,5,84.07,Teléfono,Estándar,2465.73,2,6,2026-04-14,Sí
CLI-003441,CTR-003441,56,Málaga,13,49.05,Web,Estándar,2024.79,0,,2025-08-18,No
CLI-005934,CTR-005934,44,Sevilla,4,45.57,Tienda,Estándar,,5,6,2026-05-13,Sí
CLI-003815,CTR-003815,51,Zaragoza,56,61.96,Web,Básico,3326.14,2,5,2022-01-17,No
CLI-001551,CTR-001551,51,Madrid,46,45.09,Web,Básico,2759.06,2,,2022-11-26,No
CLI-006555,CTR-006555,44,Málaga,14,75.37,Tienda,Premium,2131.83,3,,2025-07-21,No
CLI-003060,CTR-003060,46,Barcelona,67,92.01,Aplicación,Premium,3109.34,4,,2021-02-20,No
CLI-001677,CTR-001677,35,Málaga,27,41.81,Web,Estándar,973.98,5,,2024-06-03,Sí
CLI-008694,CTR-008694,52,Murcia,92,77.54,Tienda,Estándar,2601.59,0,8,2019-01-10,No
CLI-002351,CTR-002351,36,Valencia,36,96.82,Web,Estándar,,5,8,2023-09-13,No
CLI-009301,CTR-009301,39,Barcelona,10,69.38,Tienda,Estándar,1881.64,1,9,2025-11-13,No
CLI-003119,CTR-003119,18,Barcelona,11,48.41,Aplicación,Estándar,3315.53,5,6,2025-10-11,Sí
CLI-009028,CTR-009028,63,Madrid,30,48,Aplicación,Estándar,750,6,6,2024-03-11,Sí
CLI-006873,CTR-006873,48,Barcelona,39,91.99,Web,Estándar,,5,5,2023-06-18,Sí
CLI-001651,CTR-001651,68,Málaga,31,64.06,Web,Premium,1151.83,4,,2024-02-09,No
CLI-004253,CTR-004253,50,Madrid,34,69.19,Teléfono,Premium,,1,7,2023-11-28,No
CLI-009488,CTR-009488,40,Sevilla,88,53.07,Aplicación,Premium,2351.47,5,8,2019-05-19,No
CLI-006769,CTR-006769,28,Madrid,36,64.43,Web,Premium,,2,6,2023-09-12,Sí
CLI-000541,CTR-000541,59,Madrid,77,91.9,Web,Estándar,3272.15,0,9,2020-04-10,No
CLI-000469,CTR-000469,23,Madrid,14,75.74,web,Básico,2766.19,1,,2025-07-27,No
CLI-000339,CTR-000339,45,Valencia,33,63.72,Teléfono,Estándar,3364,3,,2023-12-16,No
CLI-004412,CTR-004412,38,Alicante,18,82.81,Aplicación,Premium,2140.42,5,,2025-03-01,Sí
CLI-006736,CTR-006736,30,Barcelona,23,74.41,Web,Premium,1561.07,0,,2024-10-03,No
CLI-001686,CTR-001686,47,Sevilla,66,36.86,Web,Básico,2177.45,0,4,2021-03-02,No
CLI-007671,CTR-007671,49,Madrid,59,42.55,Teléfono,Estándar,,3,6,2021-10-26,No
CLI-007365,CTR-007365,43,Barcelona,40,38.48,WEB,Premium,1113.09,5,,2023-05-20,Sí
CLI-005269,CTR-005269,20,Madrid,20,68.1,Tienda,Estándar,3397.25,0,9,2025-01-20,No
CLI-009482,CTR-009482,43,Zaragoza,12,69.89,Web,Estándar,4229.29,4,6,2025-09-12,No
CLI-004712,CTR-004712,49,Murcia,34,76.18,Aplicación,Básico,,4,,2023-11-15,Sí
CLI-007063,CTR-007063,61,Valencia,7,84.19,Web,Premium,2497.22,1,7,2026-02-14,No
CLI-008083,CTR-008083,23,Madrid,19,44.77,Tienda,Estándar,1889.71,5,,2025-02-14,Sí
CLI-005788,CTR-005788,55,Málaga,74,41.81,Web,Empresa,,2,9,2020-07-06,No
CLI-000635,CTR-000635,34,Málaga,23,26.26,Web,Premium,,4,7,2024-10-23,Sí
CLI-006560,CTR-006560,52,Málaga,14,29.38,Web,Básico,1440.73,0,9,2025-07-12,No
CLI-004361,CTR-004361,41,Madrid,50,35.64,Tienda,Empresa,4547.09,1,8,2022-07-05,No
CLI-000179,CTR-000179,22,Zaragoza,6,67.74,Aplicación,Estándar,,3,5,2026-03-06,Sí
CLI-007372,CTR-007372,34,Zaragoza,12,39.57,Teléfono,Premium,1957.42,4,7,2025-09-11,Sí
CLI-006235,CTR-006235,37,Valencia,16,89.8,Aplicación,Premium,2561.3,3,7,2025-05-06,Sí
CLI-007852,CTR-007852,38,Barcelona,77,47.92,Teléfono,Estándar,1829.15,1,,2020-04-21,No
CLI-008714,CTR-008714,44,Málaga,40,64.24,Web,Estándar,1861.45,5,6,2023-05-24,No
CLI-002553,CTR-002553,18,Barcelona,15,42.59,Web,Estándar,3984.82,1,7,2025-06-05,No
CLI-000171,CTR-000171,29,Murcia,48,123.23,Web,Estándar,3376.24,4,6,2022-09-05,Sí
CLI-003943,CTR-003943,55,Sevilla,39,68.46,Web,Premium,1351.75,3,4,2023-06-19,Sí
CLI-008369,CTR-008369,45,Madrid,15,49.97,Web,Estándar,1688.42,0,,2025-06-18,No
CLI-005160,CTR-005160,58,Murcia,5,59.73,WEB,Estándar,2853.54,2,6,2026-04-04,Sí
CLI-004519,CTR-004519,63,Barcelona,48,77.56,web,Empresa,1880.3,5,3,2022-09-01,Sí
CLI-006253,CTR-006253,19,Valencia,29,53.04,Web,Empresa,2744.46,2,5,2024-04-24,Sí
CLI-002282,CTR-002282,34,Madrid,69,40.33,Web,Estándar,3869.13,5,6,2020-12-14,No
CLI-001847,CTR-001847,67,Barcelona,10,58.85,Web,Premium,750,3,7,2025-11-08,Sí
CLI-003535,CTR-003535,19,Valencia,12,53.76,Aplicación,Premium,3479.65,0,6,2025-09-24,Sí
CLI-002612,CTR-002612,30,Barcelona,36,104.12,Tienda,Estándar,3955.36,3,6,2023-09-13,Sí
CLI-000068,CTR-000068,44,Madrid,8,103.88,Web,Básico,1702.56,5,6,2026-01-03,Sí
CLI-008945,CTR-008945,31,Murcia,7,71.41,web,Básico,3544.8,8,,2026-02-17,Sí
CLI-003138,CTR-003138,51,Barcelona,48,82.43,Web,Premium,3058.94,3,5,2022-09-12,Sí
CLI-004202,CTR-004202,26,Sevilla,83,24.7,Tienda,Estándar,2838.62,4,,2019-10-02,No
CLI-004005,CTR-004005,34,Zaragoza,9,40.7,Teléfono,Básico,1173.82,4,5,2025-12-11,Sí
CLI-001157,CTR-001157,50,Madrid,15,87.93,Tienda,Estándar,2587.49,5,6,2025-06-16,Sí
CLI-009436,CTR-009436,26,Málaga,13,76.91,Tienda,Premium,,3,3,2025-08-19,Sí
CLI-002808,CTR-002808,34,Murcia,24,68.21,Web,Estándar,2526.04,3,8,2024-09-01,Sí
CLI-001621,CTR-001621,18,Madrid,30,72.38,,Premium,2573.42,6,4,2024-03-13,Sí
CLI-004386,CTR-004386,46,Sevilla,20,28,Aplicación,Básico,2141.54,7,5,2025-01-15,Sí
CLI-007932,CTR-007932,29,Barcelona,26,83.51,Teléfono,Estándar,2508.46,6,,2024-07-19,Sí
CLI-003216,CTR-003216,34,Madrid,88,45.39,Web,Premium,4010.51,6,8,2019-05-09,No
CLI-000629,CTR-000629,43,Madrid,12,84.25,Teléfono,Básico,2648.49,3,,2025-09-05,No
CLI-008103,CTR-008103,57,Madrid,17,73.37,Web,Estándar,2570.69,5,,2025-04-03,No
CLI-002578,CTR-002578,44,Madrid,1,77,Aplicación,Estándar,2536.72,2,,2026-08-19,Sí
CLI-004377,CTR-004377,46,Madrid,46,85.01,WEB,Premium,1577.22,5,,2022-11-15,Sí
CLI-002148,CTR-002148,26,Murcia,15,61.31,Tienda,Estándar,,4,6,2025-06-20,Sí
CLI-004776,CTR-004776,56,Sevilla,94,53.37,Tienda,Estándar,2687.39,1,8,2018-11-25,No
CLI-009666,CTR-009666,53,Valencia,21,83.44,Web,Premium,1038.59,0,,2024-12-17,No
CLI-001112,CTR-001112,39,Murcia,59,306.07,Web,Básico,8119.32,2,7,2021-10-12,No
CLI-007181,CTR-007181,50,Madrid,28,68.17,Tienda,Estándar,,4,,2024-05-20,Sí
CLI-008803,CTR-008803,34,Madrid,49,78.36,Tienda,Premium,3534.84,0,8,2022-08-03,No
CLI-006374,CTR-006374,43,Barcelona,16,9.9,Web,Básico,750,2,3,2025-05-04,Sí
CLI-002656,CTR-002656,71,Madrid,96,82.28,Aplicación,Premium,3121.15,2,,2018-09-12,No
CLI-006709,CTR-006709,39,Málaga,29,62.5,Web,Estándar,,7,,2024-04-20,Sí
CLI-000089,CTR-009939,38,Madrid,73,49.33,Web,Básico,3221.68,2,6,2020-08-16,No
CLI-003890,CTR-003890,26,Valencia,17,94.85,Tienda,Básico,2721.7,5,4,2025-04-07,Sí
CLI-000201,CTR-000201,50,Madrid,30,58.06,Web,Premium,3783.97,4,,2024-03-08,Sí
CLI-009359,CTR-009359,47,Valencia,12,90.61,Web,Estándar,,4,5,2025-09-01,Sí
CLI-000592,CTR-000592,18,Barcelona,60,34.98,Aplicación,Estándar,2894.57,1,6,2021-09-18,No
CLI-008726,CTR-008726,56,Barcelona,70,56.02,Aplicación,Premium,,0,7,2020-11-05,No
CLI-002372,CTR-002372,43,Málaga,36,70.67,Web,Estándar,1349.86,1,,2023-09-05,Sí
CLI-008807,CTR-008807,37,Valencia,54,39.45,Web,Estándar,,1,5,2022-03-22,No
CLI-009268,CTR-009268,30,Barcelona,38,67.92,Aplicación,Premium,2344.34,0,9,2023-07-05,No
CLI-003010,CTR-003010,38,Barcelona,55,57.21,Teléfono,Empresa,4750.77,5,,2022-02-14,No
CLI-000494,CTR-000494,37,Madrid,17,28.29,Web,Premium,1812.6,6,8,2025-04-17,No
CLI-006318,CTR-006318,46,Alicante,23,96.55,Aplicación,Premium,3489.99,4,6,2024-10-03,Sí
CLI-005888,CTR-005888,39,Zaragoza,81,67.63,Web,Estándar,1484.85,4,,2019-12-09,No
CLI-004514,CTR-004514,50,Barcelona,96,20.44,Tienda,Estándar,3053.08,1,5,2018-09-10,No
CLI-002678,CTR-002678,43,Barcelona,40,101.61,Aplicación,Estándar,2591.93,2,6,2023-05-04,Sí
CLI-005662,CTR-005662,18,Málaga,2,34.99,Teléfono,Estándar,2422.7,2,,2026-07-12,Sí
CLI-008650,CTR-008650,46,Madrid,46,46.12,Web,Premium,,5,9,2022-11-27,No
CLI-000870,CTR-000870,21,Madrid,21,31.93,Web,Premium,2233.37,4,3,2024-12-16,Sí
CLI-007079,CTR-007079,22,Valencia,87,35.89,Web,Básico,2611.46,0,,2019-06-18,No
CLI-001224,CTR-001224,70,Madrid,96,58.07,Web,Empresa,3450.51,2,5,2018-09-01,No
CLI-008078,CTR-008078,49,Barcelona,44,73.14,Web,Estándar,2526.95,6,8,2023-01-08,Sí
CLI-000890,CTR-000890,62,Barcelona,74,66.05,Teléfono,Básico,2827.72,3,6,2020-07-27,No
CLI-008861,CTR-008861,52,Madrid,34,60.28,Tienda,Básico,2043.91,6,4,2023-11-24,Sí
CLI-004114,CTR-004114,35,Zaragoza,60,58.69,,Básico,1568.15,3,10,2021-09-09,No
CLI-001462,CTR-001462,31,Zaragoza,36,56.77,Tienda,Estándar,2165.84,2,6,2023-09-23,Sí
CLI-005085,CTR-005085,25,Valencia,12,36.37,Web,Básico,2940.91,6,7,2025-09-20,Sí
CLI-001468,CTR-001468,35,Barcelona,93,71.83,Tienda,Empresa,,4,,2018-12-16,No
CLI-009676,CTR-009676,19,Alicante,8,96.85,Teléfono,Premium,2113.9,4,,2026-01-13,Sí
CLI-004937,CTR-004937,18,Madrid,36,50.04,Web,Estándar,1342.05,4,,2023-09-12,Sí
CLI-006062,CTR-006062,36,Zaragoza,29,34.28,Web,Estándar,1828.09,0,,2024-04-07,Sí
CLI-000199,CTR-000199,31,Valencia,3,45.16,Teléfono,Premium,3784.64,2,6,2026-06-17,Sí
CLI-000803,CTR-000803,49,Barcelona,4,48.85,Tienda,Estándar,2589.26,5,8,2026-05-18,Sí
CLI-009578,CTR-009578,45,Barcelona,79,58.21,Tienda,Estándar,982.46,2,,2020-02-01,No
CLI-002731,CTR-002731,18,Sevilla,1,65.27,Web,Básico,1190.74,6,6,2026-08-26,Sí
CLI-009021,CTR-009021,46,Murcia,32,57.78,Tienda,Premium,,2,,2024-01-11,No
CLI-003830,CTR-003830,35,Alicante,85,41.72,Teléfono,Básico,,0,8,2019-08-13,No
CLI-008930,CTR-008930,19,Alicante,41,51.83,Teléfono,Premium,3559.2,0,,2023-04-20,No
CLI-004717,CTR-004717,35,Málaga,82,76.85,Aplicación,Estándar,1931.02,3,8,2019-11-20,No
CLI-005644,CTR-005644,40,Madrid,67,18.86,Web,Básico,2829.7,2,,2021-02-08,No
CLI-001342,CTR-001342,31,Madrid,92,74.74,Teléfono,Estándar,1885.3,2,9,2019-01-15,No
CLI-007627,CTR-007627,24,Madrid,1,44.35,Teléfono,Premium,2130.78,3,6,2026-08-16,Sí
CLI-005257,CTR-005257,32,Barcelona,86,61.59,Tienda,Premium,2547.47,0,8,2019-07-01,No
CLI-003832,CTR-003832,44,Madrid,37,64.18,,Premium,,4,,2023-08-08,No
CLI-006301,CTR-006301,32,Madrid,2,82.49,Teléfono,Básico,,4,1,2026-07-01,Sí
CLI-002637,CTR-002637,29,Madrid,30,56.68,Web,Estándar,2794.66,4,,2024-03-17,No
CLI-008844,CTR-008844,44,Sevilla,80,18.12,Web,Premium,3798.07,6,,2020-01-09,No
CLI-000011,CTR-000011,43,Alicante,49,59.09,Web,Premium,2374.12,0,7,2022-08-02,No
CLI-006021,CTR-006021,33,Murcia,6,74.44,Tienda,Estándar,,5,2,2026-03-25,Sí
CLI-002387,CTR-002387,39,Sevilla,25,77.32,WEB,Empresa,3303.5,6,3,2024-08-20,Sí
CLI-000501,CTR-000501,26,Zaragoza,29,54.65,Web,Estándar,1393.43,5,3,2024-04-04,Sí
CLI-007595,CTR-007595,24,Zaragoza,33,65.69,web,Estándar,,2,,2023-12-15,No
CLI-001990,CTR-001990,42,Barcelona,92,66.29,Web,Estándar,2360.79,1,7,2019-01-20,No
CLI-005343,CTR-005343,44,Barcelona,19,32.31,Web,Básico,3363.29,0,8,2025-02-12,No
CLI-005420,CTR-005420,50,Madrid,88,44.03,web,Premium,2225.22,4,8,2019-05-06,No
CLI-002250,CTR-002250,24,Alicante,39,12.73,Aplicación,Estándar,1563.81,2,4,2023-06-17,No
CLI-007921,CTR-007921,34,Zaragoza,79,66.34,Tienda,Básico,,3,8,2020-02-06,No
CLI-005097,CTR-005097,64,Madrid,75,83.17,Web,Estándar,1650.76,0,7,2020-06-14,No
CLI-006902,CTR-006902,39,Madrid,30,64.2,Web,Estándar,2420.24,4,5,2024-03-06,No
CLI-003460,CTR-003460,45,Sevilla,62,68.95,Web,Empresa,4088.81,1,9,2021-07-01,No
CLI-009463,CTR-009463,51,Zaragoza,46,37.42,Web,Básico,1823.81,5,4,2022-11-24,Sí
CLI-007524,CTR-007524,55,Madrid,24,56.23,Tienda,Estándar,2674.85,5,2,2024-09-25,Sí
CLI-007915,CTR-007915,22,Valencia,14,56.17,Web,Premium,1744.82,5,6,2025-07-04,Sí
CLI-008155,CTR-008155,21,Valencia,23,73,Aplicación,Estándar,750,4,3,2024-10-17,Sí
CLI-007269,CTR-007269,51,Alicante,15,95.41,Teléfono,Estándar,3124.61,1,5,2025-06-10,No
CLI-008139,CTR-008139,47,Valencia,8,42.75,web,Básico,3503.92,1,7,2026-01-20,No
CLI-005989,CTR-005989,56,Madrid,9,62.31,Aplicación,Básico,1242.96,2,6,2025-12-18,Sí
CLI-003290,CTR-003290,58,Madrid,33,102.1,Web,Básico,2264.44,1,7,2023-12-22,No
CLI-000163,CTR-000163,62,Sevilla,47,50.1,Web,Básico,968.48,3,3,2022-10-02,Sí
CLI-003736,CTR-003736,25,Madrid,43,83.18,Web,Premium,,4,,2023-02-28,Sí
CLI-007992,CTR-007992,30,Zaragoza,76,35.88,Aplicación,Básico,1172.77,0,,2020-05-27,No
CLI-006362,CTR-006362,45,Sevilla,43,75.86,Tienda,Premium,1711.22,2,7,2023-02-24,Sí
CLI-000257,CTR-000257,23,Madrid,30,57.01,Teléfono,Básico,2609.19,4,8,2024-03-15,Sí
CLI-002611,CTR-002611,36,Madrid,48,82.1,Teléfono,Básico,2287.43,4,6,2022-09-19,Sí
CLI-001967,CTR-001967,59,Madrid,30,91.3,Web,Básico,3275.85,3,,2024-03-13,Sí
CLI-007319,CTR-007319,57,Madrid,22,74.72,web,Estándar,1620.09,9,6,2024-11-18,Sí
CLI-002194,CTR-002194,34,Sevilla,34,53.49,Tienda,Estándar,1871.69,0,7,2023-11-09,No
CLI-003796,CTR-003796,38,Barcelona,59,14.15,Tienda,Básico,1973.52,0,7,2021-10-03,No
CLI-002837,CTR-002837,19,Madrid,70,31.06,WEB,Básico,2113.43,2,,2020-11-20,No
CLI-001129,CTR-001129,43,Madrid,80,77.62,Aplicación,Básico,2872.67,1,,2020-01-26,No
CLI-002622,CTR-002622,37,Madrid,36,77.37,Tienda,Básico,2724.1,2,,2023-09-26,No
CLI-002467,CTR-002467,29,Valencia,17,68.8,Teléfono,Básico,,6,7,2025-04-15,Sí
CLI-009699,CTR-009699,39,Murcia,33,32.26,Web,Básico,,5,,2023-12-09,No
CLI-005988,CTR-005988,30,Sevilla,11,64.57,Tienda,Estándar,,3,,2025-10-11,Sí
CLI-005093,CTR-005093,55,Barcelona,46,57.18,Tienda,Estándar,2686.17,2,8,2022-11-02,No
CLI-004627,CTR-004627,26,Zaragoza,27,63.75,Teléfono,Básico,,4,9,2024-06-22,Sí
CLI-008330,CTR-008330,39,Barcelona,18,90.18,Tienda,Básico,3558,0,8,2025-03-06,No
CLI-008552,CTR-008552,48,Sevilla,34,61.63,Tienda,Estándar,,1,7,2023-11-25,No
CLI-007732,CTR-007732,28,Murcia,21,80.94,Teléfono,Básico,2310.2,5,,2024-12-03,Sí
CLI-006894,CTR-006894,35,Sevilla,9,14.81,Teléfono,Básico,2444.33,2,5,2025-12-03,No
CLI-001513,CTR-001513,47,Málaga,6,340.97,Web,Premium,7787.34,3,6,2026-03-16,Sí
CLI-004471,CTR-004471,47,Madrid,74,23.96,Web,Premium,3952.12,2,8,2020-07-17,No
CLI-003658,CTR-003658,40,Madrid,21,64.15,Web,Estándar,1576.39,6,5,2024-12-11,Sí
CLI-003256,CTR-003256,40,Barcelona,81,65.87,Web,Empresa,2610.49,2,,2019-12-23,No
CLI-005689,CTR-005689,40,Sevilla,50,53.27,Tienda,Estándar,2532.21,4,7,2022-07-21,No
CLI-004310,CTR-004310,36,Málaga,28,36.34,Tienda,Básico,3672.38,8,4,2024-05-27,Sí
CLI-006513,CTR-006513,57,Sevilla,41,95.44,Tienda,Estándar,,0,8,2023-04-19,No
CLI-007187,CTR-007187,35,Murcia,56,76.49,Tienda,Empresa,2220.67,2,8,2022-01-18,No
CLI-000047,CTR-009897,32,Valencia,32,67.58,Web,Premium,2123.18,4,,2024-01-23,Sí
CLI-009781,CTR-009781,44,Valencia,55,58.82,Web,Estándar,2391.98,3,,2022-02-17,No
CLI-008920,CTR-008920,42,Barcelona,46,28.88,Aplicación,Básico,,4,8,2022-11-11,No
CLI-003854,CTR-003854,30,Valencia,41,47.95,Tienda,Básico,2559.68,7,6,2023-04-02,Sí
CLI-007987,CTR-007987,38,Sevilla,46,99.31,Web,Básico,2076.43,6,,2022-11-20,Sí
CLI-009092,CTR-009092,32,Valencia,78,67.6,Aplicación,Premium,3090.97,6,8,2020-03-16,No
CLI-000101,CTR-000101,68,Murcia,39,87.22,Teléfono,Premium,3041.64,6,,2023-06-06,No
CLI-005891,CTR-005891,67,Alicante,19,39.36,Web,Premium,,2,,2025-02-10,No
CLI-004479,CTR-004479,47,Madrid,30,75.45,Teléfono,Estándar,1529.84,4,9,2024-03-26,No
CLI-004598,CTR-004598,23,Barcelona,31,63.84,Web,Premium,,4,7,2024-02-06,Sí
CLI-007551,CTR-007551,37,Barcelona,47,89.98,Tienda,Empresa,1895.87,3,7,2022-10-11,Sí
CLI-002149,CTR-002149,38,Madrid,1,59.8,Aplicación,Premium,2767.18,4,5,2026-08-15,Sí
CLI-003501,CTR-003501,31,Alicante,36,76.8,Web,Premium,2168.27,7,4,2023-09-14,Sí
CLI-003995,CTR-003995,26,Madrid,34,54.34,Aplicación,Empresa,2787.41,1,,2023-11-11,No
CLI-002645,CTR-002645,36,Sevilla,89,40.22,Web,Estándar,3763.3,3,6,2019-04-18,No
CLI-002010,CTR-002010,33,Madrid,43,65.99,Web,Básico,,4,9,2023-02-21,No
CLI-004076,CTR-004076,28,Madrid,91,70.68,Teléfono,Estándar,1552.12,0,8,2019-02-01,No
CLI-006977,CTR-006977,56,Murcia,34,9.9,Tienda,Estándar,4034.07,1,8,2023-11-13,No
CLI-002791,CTR-002791,38,Zaragoza,10,98.76,Web,Empresa,2110.83,5,3,2025-11-08,Sí
CLI-007699,CTR-007699,18,Valencia,13,46.13,Aplicación,Estándar,2836.57,4,,2025-08-13,Sí
CLI-008839,CTR-008839,30,Madrid,53,45.6,Tienda,Básico,2827.85,2,5,2022-04-01,No
CLI-007583,CTR-007583,31,Valencia,38,89.6,Web,Premium,3961.58,2,6,2023-07-13,No
CLI-009081,CTR-009081,52,Barcelona,22,73.13,Web,Básico,2324.6,2,,2024-11-05,No
CLI-008914,CTR-008914,18,Alicante,17,86.81,Web,Básico,956.75,7,6,2025-04-09,Sí
CLI-007563,CTR-007563,63,Madrid,35,60.85,Teléfono,Básico,2841.62,6,4,2023-10-12,Sí
CLI-009669,CTR-009669,74,Zaragoza,18,53.33,Web,Estándar,1788.12,0,7,2025-03-15,No
CLI-000634,CTR-000634,35,Barcelona,77,46.78,Teléfono,Premium,3463.61,4,7,2020-04-21,No
CLI-009539,CTR-009539,36,Sevilla,34,113.78,Tienda,Estándar,3074.35,3,5,2023-11-20,Sí
CLI-006626,CTR-006626,49,Madrid,9,81.19,Tienda,Premium,2170.06,7,7,2025-12-24,Sí
CLI-004422,CTR-004422,39,Málaga,17,36.62,Tienda,Estándar,2091.19,3,,2025-04-13,Sí
CLI-007259,CTR-007259,32,Madrid,88,56.47,Tienda,Básico,,4,9,2019-05-16,No
CLI-005336,CTR-005336,38,Madrid,77,84.76,Aplicación,Premium,2317.66,2,6,2020-04-22,No
CLI-001135,CTR-001135,33,Barcelona,6,79.08,Tienda,Estándar,2185.12,4,6,2026-03-26,Sí
CLI-006178,CTR-006178,38,Zaragoza,69,74.29,Web,Estándar,2438.03,1,8,2020-12-21,No
CLI-005614,CTR-005614,41,Alicante,44,41.69,Teléfono,Estándar,2118.21,8,,2023-01-26,Sí
CLI-005135,CTR-005135,54,Barcelona,42,56.06,Tienda,Premium,2061.44,3,7,2023-03-14,No
CLI-006733,CTR-006733,42,Madrid,48,54,Teléfono,Estándar,3743.05,2,7,2022-09-16,Sí
CLI-006633,CTR-006633,41,Madrid,40,27.75,Web,Básico,2895.75,5,5,2023-05-06,Sí
CLI-002588,CTR-002588,30,Valencia,16,100.82,Tienda,Premium,2018.63,7,6,2025-05-10,Sí
CLI-000692,CTR-000692,28,Murcia,43,44.5,Tienda,Premium,,4,9,2023-02-24,No
CLI-003587,CTR-003587,24,Zaragoza,14,43.69,Aplicación,Empresa,,4,4,2025-07-04,Sí
CLI-004731,CTR-004731,28,Alicante,7,47.72,Web,Básico,1249.94,2,,2026-02-23,Sí
CLI-007480,CTR-007480,37,Málaga,37,104.9,Web,Básico,2773.55,3,6,2023-08-26,Sí
CLI-006897,CTR-006897,64,Alicante,26,81.05,Tienda,Premium,3527.08,5,6,2024-07-28,Sí
CLI-001411,CTR-001411,35,Barcelona,10,85.65,WEB,Premium,3393.58,3,,2025-11-26,Sí
CLI-008601,CTR-008601,20,Madrid,45,81.19,Web,Estándar,,7,5,2022-12-28,Sí
CLI-007930,CTR-007930,32,Madrid,2,49.21,Tienda,Básico,2532.42,5,6,2026-07-05,Sí
CLI-004468,CTR-004468,29,Sevilla,17,66.65,Aplicación,Estándar,3366.51,3,7,2025-04-19,No
CLI-002015,CTR-002015,56,Madrid,71,72.9,Web,Básico,3517.16,3,7,2020-10-13,No
CLI-003698,CTR-003698,45,Málaga,7,78.68,Web,Estándar,2119.4,1,,2026-02-08,No
CLI-000246,CTR-000246,51,Madrid,18,30.68,Tienda,Empresa,2775.7,4,6,2025-03-09,No
CLI-000805,CTR-000805,42,Sevilla,11,51.05,Teléfono,Básico,1186.1,7,,2025-10-05,Sí
CLI-002836,CTR-002836,72,Sevilla,1,38.35,Teléfono,Estándar,1650.29,5,6,2026-08-28,Sí
CLI-008622,CTR-008622,51,Madrid,93,77.76,WEB,Básico,2982.15,0,10,2018-12-03,No
CLI-002415,CTR-002415,22,Barcelona,12,41.73,Web,Básico,,3,8,2025-09-17,No
CLI-000951,CTR-000951,34,Málaga,23,71.83,Tienda,Premium,3167.77,4,,2024-10-13,Sí
CLI-007804,CTR-007804,50,Málaga,28,85.51,Teléfono,Estándar,1176.65,2,5,2024-05-23,Sí
CLI-009795,CTR-009795,48,Barcelona,43,78.36,Tienda,Premium,3677.23,1,7,2023-02-14,No
CLI-008290,CTR-008290,37,Valencia,56,16.04,Tienda,Empresa,3017.82,0,7,2022-01-09,No
CLI-005651,CTR-005651,69,Sevilla,28,75.32,Web,Premium,2940.39,0,,2024-05-25,No
CLI-005583,CTR-005583,33,Murcia,16,84.69,Aplicación,Básico,3134.44,3,,2025-05-25,Sí
CLI-001738,CTR-001738,63,Madrid,21,92.38,Teléfono,Básico,1092.4,6,,2024-12-03,Sí
CLI-000293,CTR-000293,27,Alicante,67,82.21,Web,Básico,,1,,2021-02-14,No
CLI-002717,CTR-002717,52,Málaga,90,46.9,Tienda,Estándar,2156.66,0,,2019-03-19,No
CLI-005597,CTR-005597,42,Madrid,25,57.85,Web,Premium,2358.28,3,,2024-08-25,No
CLI-008990,CTR-008990,56,Valencia,42,69.38,Teléfono,Básico,1521.49,1,6,2023-03-04,No
CLI-007162,CTR-007162,35,Valencia,68,92.44,Teléfono,Básico,2940.14,2,,2021-01-25,No
CLI-007375,CTR-007375,47,Alicante,43,36.47,Teléfono,Estándar,3051.04,0,7,2023-02-27,No
CLI-001721,CTR-001721,36,Madrid,78,93.12,Web,Empresa,2880.39,1,7,2020-03-11,No
CLI-001882,CTR-001882,38,Barcelona,32,67.98,Tienda,Estándar,2020.56,1,,2024-01-21,No
CLI-003767,CTR-003767,43,Madrid,37,38.47,Aplicación,Básico,1775.52,0,,2023-08-02,No
CLI-007750,CTR-007750,53,Barcelona,30,47.57,Tienda,Básico,,3,6,2024-03-20,No
CLI-003732,CTR-003732,36,Valencia,34,72.72,Tienda,Premium,2536.71,1,,2023-11-26,No
CLI-007667,CTR-007667,49,Barcelona,6,53.05,Aplicación,Estándar,2487.69,3,,2026-03-28,Sí
CLI-008237,CTR-008237,41,Alicante,35,61.41,Web,Básico,,1,9,2023-10-10,No
CLI-006527,CTR-006527,32,Barcelona,38,43.58,Teléfono,Premium,750,4,7,2023-07-08,Sí
CLI-009772,CTR-009772,48,Valencia,63,49.59,Teléfono,Estándar,,4,,2021-06-13,No
CLI-004859,CTR-004859,31,Valencia,17,99.96,Aplicación,Estándar,974.54,0,10,2025-04-21,No
CLI-003042,CTR-003042,32,Barcelona,35,47.37,Teléfono,Estándar,1731.33,0,,2023-10-28,Sí
CLI-007331,CTR-007331,25,Madrid,66,51.23,Tienda,Premium,3385.99,0,7,2021-03-07,No
CLI-003820,CTR-003820,67,Valencia,26,99.11,WEB,Básico,2656.6,5,4,2024-07-01,Sí
CLI-004549,CTR-004549,59,Madrid,36,53.89,Web,Premium,2626.54,3,6,2023-09-18,Sí
CLI-004277,CTR-004277,35,Málaga,47,21.47,Web,Básico,750,5,,2022-10-28,Sí
CLI-005691,CTR-005691,37,Barcelona,91,96.08,Web,Básico,3891.26,2,5,2019-02-17,No
CLI-009288,CTR-009288,37,Barcelona,16,100.5,Web,Premium,2929.18,1,8,2025-05-02,No
CLI-007883,CTR-007883,20,Zaragoza,9,65.26,Tienda,Básico,,0,9,2025-12-22,No
CLI-000818,CTR-000818,19,Sevilla,11,84.61,web,Empresa,1650.16,5,6,2025-10-04,Sí
CLI-006291,CTR-006291,56,Valencia,6,62.69,WEB,Básico,2887.54,3,,2026-03-17,No
CLI-003415,CTR-003415,45,Málaga,12,68.15,Web,Premium,1901.86,3,,2025-09-05,No
CLI-009591,CTR-009591,38,Zaragoza,7,18.79,Aplicación,Estándar,,2,3,2026-02-23,Sí
CLI-005645,CTR-005645,45,Madrid,44,45.24,Tienda,Premium,3083.51,1,7,2023-01-25,Sí
CLI-000096,CTR-009946,56,Madrid,45,45.84,Aplicación,Premium,1875.06,1,6,2022-12-04,No
CLI-007255,CTR-007255,18,Valencia,12,54.19,Tienda,Empresa,2413.83,6,5,2025-09-24,Sí
CLI-000210,CTR-000210,26,Madrid,16,65.75,Web,Estándar,3072.65,3,,2025-05-22,No
CLI-000364,CTR-000364,42,Barcelona,18,70.93,Teléfono,Estándar,1609.36,2,,2025-03-06,No
CLI-006530,CTR-006530,64,Valencia,41,39.44,Aplicación,Estándar,3324.03,5,,2023-04-07,No
CLI-001584,CTR-001584,52,Valencia,43,68.42,Teléfono,Básico,3825.77,6,7,2023-02-21,Sí
CLI-004918,CTR-004918,28,Valencia,39,90.11,Teléfono,Básico,1566.38,2,5,2023-06-11,Sí
CLI-009458,CTR-009458,47,Madrid,32,63.43,WEB,Estándar,,5,5,2024-01-19,Sí
CLI-000151,CTR-000151,50,Sevilla,55,212.7,Tienda,Estándar,6898.98,3,9,2022-02-25,No
CLI-000510,CTR-000510,43,Valencia,47,37.31,Tienda,Premium,1783,7,7,2022-10-01,Sí
CLI-006415,CTR-006415,46,Madrid,54,59.68,Web,Básico,,0,,2022-03-19,No
CLI-008660,CTR-008660,32,Valencia,34,69.32,Web,Empresa,,3,6,2023-11-27,Sí
CLI-009808,CTR-009808,42,Murcia,3,60.49,Tienda,Premium,,4,4,2026-06-05,Sí
CLI-009211,CTR-009211,30,Sevilla,31,61.65,Tienda,Básico,2529.21,1,8,2024-02-07,No
CLI-003621,CTR-003621,41,Sevilla,5,56.9,Web,Premium,1618.58,6,4,2026-04-20,Sí
CLI-002276,CTR-002276,48,Madrid,38,65.31,Teléfono,Estándar,3461.94,3,8,2023-07-17,No
CLI-003001,CTR-003001,46,Barcelona,7,97.72,Tienda,Premium,1772.45,6,5,2026-02-05,Sí
CLI-008298,CTR-008298,54,Madrid,43,55.91,Web,Estándar,750,2,6,2023-02-22,Sí
CLI-002077,CTR-002077,48,Alicante,90,38.75,Teléfono,Estándar,2941.87,1,7,2019-03-25,No
CLI-005859,CTR-005859,47,Málaga,62,30.44,Web,Premium,2652.82,2,8,2021-07-28,No
CLI-000949,CTR-000949,65,Valencia,36,91.42,Web,Estándar,1328.98,5,,2023-09-24,Sí
CLI-006865,CTR-006865,18,Murcia,40,51.78,Web,Estándar,981.83,3,,2023-05-04,No
CLI-007134,CTR-007134,30,Valencia,46,9.9,Web,Estándar,,2,,2022-11-23,No
CLI-006722,CTR-006722,40,Madrid,66,23.99,Web,Estándar,2497.53,0,,2021-03-08,No
CLI-000094,CTR-009944,54,Málaga,21,30.41,Teléfono,Premium,3536.35,0,3,2024-12-10,No
CLI-003331,CTR-003331,48,Barcelona,43,58.78,Web,Estándar,2921.24,4,,2023-02-05,No
CLI-004880,CTR-004880,34,Valencia,74,66.79,Tienda,Estándar,2177.88,1,8,2020-07-12,No
CLI-008432,CTR-008432,35,Barcelona,37,53.65,Web,Estándar,2715.91,7,7,2023-08-12,Sí
CLI-001821,CTR-001821,37,Alicante,93,57.56,Teléfono,Estándar,2501.99,4,5,2018-12-16,No
CLI-001935,CTR-001935,50,Madrid,6,22.56,Tienda,Básico,3025.77,6,3,2026-03-09,Sí
CLI-004856,CTR-004856,57,Madrid,31,60.01,Web,Estándar,5265.38,5,5,2024-02-06,Sí
CLI-005767,CTR-005767,18,Barcelona,43,51.76,Web,Premium,2224.4,4,10,2023-02-08,No
CLI-004561,CTR-004561,54,Madrid,71,55.79,Aplicación,Empresa,2220.58,2,,2020-10-20,No
CLI-002803,CTR-002803,37,Sevilla,14,82.89,Web,Básico,1256.03,7,6,2025-07-23,Sí
CLI-002143,CTR-002143,18,Madrid,24,68.45,Web,Básico,,5,3,2024-09-18,Sí
CLI-006780,CTR-006780,39,Barcelona,12,70.49,Aplicación,Estándar,,0,4,2025-09-23,Sí
CLI-004822,CTR-004822,43,Madrid,68,64.88,Teléfono,Estándar,3010.5,3,8,2021-01-27,No
CLI-006388,CTR-006388,32,Madrid,77,53.61,web,Estándar,,0,,2020-04-28,No
CLI-007299,CTR-007299,20,Sevilla,6,40.5,Web,Estándar,3462.94,2,8,2026-03-18,No
CLI-002313,CTR-002313,33,Madrid,42,67.25,WEB,Básico,1496.34,7,,2023-03-24,Sí
CLI-007348,CTR-007348,32,Barcelona,93,47.83,Web,Premium,,3,7,2018-12-12,No
CLI-005862,CTR-005862,36,Alicante,10,54.89,Teléfono,Estándar,1397.67,4,,2025-11-24,Sí
CLI-006917,CTR-006917,29,Valencia,8,45.19,Web,Empresa,,4,,2026-01-03,Sí
CLI-003988,CTR-003988,51,Málaga,35,90.83,Aplicación,Premium,2292.14,2,,2023-10-18,Sí
CLI-005601,CTR-005601,27,Barcelona,6,81.18,Tienda,Premium,3126.97,3,7,2026-03-03,No
CLI-001687,CTR-001687,38,Madrid,1,35.56,Web,Premium,750,5,,2026-08-08,Sí
CLI-003533,CTR-003533,72,Alicante,59,74.97,Aplicación,Estándar,2630.44,1,7,2021-10-20,No
CLI-009046,CTR-009046,41,Valencia,28,41.13,Teléfono,Básico,2122.24,2,6,2024-05-12,Sí
CLI-002114,CTR-002114,36,Madrid,28,65.57,Web,Estándar,,1,6,2024-05-18,No
CLI-004819,CTR-004819,56,Madrid,13,53.04,Web,Premium,3555.49,5,6,2025-08-18,No
CLI-005445,CTR-005445,51,Málaga,42,61.22,Tienda,Estándar,3105.35,4,,2023-03-13,Sí
CLI-007731,CTR-007731,18,Málaga,32,49.82,Teléfono,Estándar,,6,5,2024-01-05,Sí
CLI-003418,CTR-003418,29,Alicante,37,52.2,Teléfono,Empresa,,5,8,2023-08-19,Sí
CLI-005784,CTR-005784,62,Sevilla,61,77.08,Web,Estándar,1360.84,3,,2021-08-03,No
CLI-000439,CTR-000439,33,Zaragoza,92,57.32,Web,Premium,2409.74,2,,2019-01-24,No
CLI-006159,CTR-006159,53,Alicante,88,75.02,Web,Básico,3338.9,1,9,2019-05-03,No
CLI-006669,CTR-006669,43,Valencia,27,67.84,Teléfono,Empresa,2782.5,4,7,2024-06-04,Sí
CLI-004812,CTR-004812,30,Madrid,26,42.27,Teléfono,Premium,1546.8,6,,2024-07-01,Sí
CLI-003923,CTR-003923,59,Zaragoza,19,59.6,Teléfono,Básico,2075.36,3,6,2025-02-11,No
CLI-002814,CTR-002814,32,Barcelona,51,72.96,Web,Estándar,,4,7,2022-06-11,No
CLI-004044,CTR-004044,46,Zaragoza,28,86.6,Web,Premium,2349.04,6,5,2024-05-11,Sí
CLI-002380,CTR-002380,36,Barcelona,48,87.66,Web,Estándar,1488.15,3,,2022-09-15,Sí
CLI-008313,CTR-008313,38,Madrid,26,65.56,Teléfono,Estándar,2688.4,2,,2024-07-11,No
CLI-000007,CTR-009857,43,Madrid,13,78.02,Tienda,Estándar,2290.2,5,9,2025-08-08,No
CLI-005016,CTR-005016,43,Madrid,96,52.85,Web,Empresa,2916.64,3,,2018-09-06,No
CLI-005239,CTR-005239,50,Madrid,77,73.67,Tienda,Básico,,3,9,2020-04-13,No
CLI-007720,CTR-007720,46,Sevilla,54,75.38,Web,Estándar,3855.13,2,8,2022-03-22,No
CLI-004998,CTR-004998,49,Madrid,11,70.23,Teléfono,Premium,2639.12,4,5,2025-10-06,Sí
CLI-001006,CTR-001006,47,Murcia,15,108.37,Tienda,Básico,999.08,3,6,2025-06-07,Sí
CLI-005688,CTR-005688,18,Valencia,42,48.27,Web,Premium,,4,7,2023-03-07,No
CLI-001245,CTR-001245,41,Valencia,67,29.56,Teléfono,Estándar,2339.62,0,8,2021-02-09,No
CLI-008040,CTR-008040,68,Barcelona,32,73.51,Aplicación,Premium,2430.13,3,8,2024-01-11,No
CLI-003074,CTR-003074,44,Barcelona,8,52.2,Web,Premium,3116.73,4,7,2026-01-02,No
CLI-000072,CTR-000072,34,Valencia,36,9.9,Aplicación,Estándar,3448.14,1,8,2023-09-06,No
CLI-009202,CTR-009202,39,Barcelona,21,67.84,Web,Premium,1917.4,3,1,2024-12-28,Sí
CLI-001233,CTR-001233,39,Sevilla,89,60.05,Aplicación,Premium,1864.45,1,7,2019-04-10,No
CLI-007041,CTR-007041,49,Málaga,46,49.19,Tienda,Estándar,1813.57,0,,2022-11-03,No
CLI-007948,CTR-007948,25,Madrid,31,26.64,Web,Premium,,3,4,2024-02-01,Sí
CLI-000161,CTR-000161,35,Madrid,81,68.9,Teléfono,Estándar,3169.94,5,,2019-12-04,No
CLI-004711,CTR-004711,18,Madrid,45,77.11,Teléfono,Empresa,1018.59,5,6,2022-12-21,Sí
CLI-008657,CTR-008657,43,Barcelona,42,48.93,Aplicación,Premium,,0,9,2023-03-25,No
CLI-007988,CTR-007988,44,Madrid,15,67.2,Web,Estándar,750,3,3,2025-06-15,Sí
CLI-006957,CTR-006957,43,Barcelona,90,53.77,Teléfono,Básico,3811.68,3,6,2019-03-19,No
CLI-001669,CTR-001669,29,Barcelona,64,60.53,Web,Estándar,1497.12,6,,2021-05-21,No
CLI-009799,CTR-009799,44,Zaragoza,14,92.5,Web,Estándar,,2,8,2025-07-02,No
CLI-006575,CTR-006575,37,Valencia,54,71.49,Web,Empresa,2582.38,1,,2022-03-15,No
CLI-004014,CTR-004014,25,Valencia,42,71.82,Aplicación,Básico,750,7,6,2023-03-13,Sí
CLI-002293,CTR-002293,44,Valencia,41,72.36,Web,Premium,2886.57,0,7,2023-04-26,No
CLI-002301,CTR-002301,21,Madrid,22,77.29,Teléfono,Premium,3297.99,5,,2024-11-15,Sí
CLI-004529,CTR-004529,42,Alicante,42,79.9,Web,Premium,,0,8,2023-03-04,No
CLI-005089,CTR-005089,39,Murcia,62,80.89,Teléfono,Estándar,1822.45,1,4,2021-07-21,No
CLI-006284,CTR-006284,49,Barcelona,26,50.19,Web,Estándar,1976.4,9,7,2024-07-24,Sí
CLI-000852,CTR-000852,22,Barcelona,17,60.57,Web,Básico,3061.67,3,8,2025-04-22,No
CLI-004150,CTR-004150,48,Valencia,41,102.41,Tienda,Estándar,,1,7,2023-04-19,No
CLI-009681,CTR-009681,35,Barcelona,14,77.98,Teléfono,Estándar,,2,6,2025-07-19,Sí
CLI-000078,CTR-009928,25,Madrid,8,69.14,Aplicación,Premium,1598.97,1,5,2026-01-18,Sí
CLI-005378,CTR-005378,54,Madrid,7,36.95,Tienda,Básico,1891.54,4,,2026-02-13,No
CLI-001548,CTR-001548,69,Murcia,26,78.97,Web,Premium,1846.57,5,4,2024-07-19,Sí
CLI-008266,CTR-008266,37,Barcelona,26,98.55,Web,Estándar,3050.98,0,6,2024-07-12,No
CLI-009427,CTR-009427,62,Zaragoza,8,88.36,WEB,Estándar,,3,,2026-01-08,Sí
CLI-005617,CTR-005617,44,Zaragoza,93,34.97,Aplicación,Empresa,2836.19,1,10,2018-12-04,No
CLI-007076,CTR-007076,45,Zaragoza,15,43.46,Tienda,Estándar,1741.98,5,,2025-06-08,Sí
CLI-008439,CTR-008439,48,Alicante,77,63.39,Tienda,Empresa,3379.59,0,,2020-04-04,No
CLI-008806,CTR-008806,44,Madrid,26,57.15,Web,Premium,2646.45,0,8,2024-07-03,Sí
CLI-002510,CTR-002510,49,Valencia,32,16.18,Web,Básico,2547.88,0,9,2024-01-13,No
CLI-007663,CTR-007663,50,Málaga,92,52.31,Aplicación,Empresa,2558.82,3,8,2019-01-14,No
CLI-006194,CTR-006194,41,Madrid,34,56.02,Teléfono,Premium,875.5,2,6,2023-11-21,Sí
CLI-008678,CTR-008678,64,Madrid,40,82.61,Teléfono,Básico,1780.61,1,4,2023-05-28,Sí
CLI-009775,CTR-009775,41,Barcelona,17,46.51,Web,Estándar,3732.2,4,6,2025-04-03,Sí
CLI-004356,CTR-004356,18,Valencia,17,57.08,Web,Estándar,3790.71,1,,2025-04-05,No
CLI-009684,CTR-009684,30,Sevilla,26,70.35,Web,Estándar,4046.19,0,7,2024-07-13,No
CLI-000079,CTR-000079,40,Murcia,88,48.95,Aplicación,Básico,2668.26,2,8,2019-05-10,No
CLI-007158,CTR-007158,41,Zaragoza,83,25.27,Tienda,Estándar,3894.91,2,9,2019-10-22,No
CLI-007042,CTR-007042,59,Madrid,79,213.25,Tienda,Básico,2990.76,1,,2020-02-22,No
CLI-004279,CTR-004279,29,Barcelona,15,41.07,Tienda,Básico,1745.57,3,,2025-06-18,No
CLI-005881,CTR-005881,56,Zaragoza,79,28.26,Teléfono,Básico,2430.92,0,7,2020-02-13,No
CLI-008034,CTR-008034,40,Valencia,48,89.92,Web,Estándar,2194.19,2,4,2022-09-05,Sí
CLI-005914,CTR-005914,51,Alicante,29,60.29,Tienda,Estándar,3158.3,1,,2024-04-01,No
CLI-003873,CTR-003873,32,Madrid,34,71.37,Teléfono,Empresa,1182.1,3,8,2023-11-27,Sí
CLI-004176,CTR-004176,36,Sevilla,43,51.15,Teléfono,Premium,2235.55,4,,2023-02-15,Sí
CLI-008440,CTR-008440,51,Barcelona,88,60.22,Web,Empresa,3703.15,0,,2019-05-01,No
CLI-003754,CTR-003754,66,Sevilla,10,57.07,Web,Básico,3306.51,0,8,2025-11-17,No
CLI-005520,CTR-005520,42,Alicante,10,68.44,Tienda,Premium,2669.06,6,6,2025-11-07,Sí
CLI-000506,CTR-000506,39,Madrid,83,79.09,Web,Estándar,2615.94,3,8,2019-10-16,No
CLI-004063,CTR-004063,51,Madrid,8,38.33,WEB,Estándar,3522.62,1,8,2026-01-18,No
CLI-003018,CTR-003018,34,Barcelona,44,69.91,Web,Básico,1342.08,3,4,2023-01-27,Sí
CLI-002310,CTR-002310,45,Murcia,18,82.68,Web,Estándar,750,5,5,2025-03-08,Sí
CLI-005998,CTR-005998,43,Madrid,1,74.71,Teléfono,Estándar,3198.25,8,8,2026-08-12,Sí
CLI-000816,CTR-000816,18,Sevilla,2,218.68,Web,Estándar,,3,6,2026-07-04,Sí
CLI-009299,CTR-009299,41,Málaga,47,55.03,Web,Estándar,2775.62,5,,2022-10-24,Sí
CLI-002287,CTR-002287,29,Madrid,8,52.67,Web,Estándar,2632.66,0,8,2026-01-23,No
CLI-003012,CTR-003012,69,Madrid,22,82.82,Aplicación,Estándar,2956.84,7,,2024-11-02,Sí
CLI-006721,CTR-006721,52,Madrid,92,77.24,Aplicación,Premium,2824.88,1,,2019-01-11,No
CLI-009564,CTR-009564,24,Sevilla,17,71.01,Web,Empresa,2414.83,4,,2025-04-01,Sí
CLI-007415,CTR-007415,24,Madrid,43,56.91,Web,Estándar,,3,,2023-02-08,No
CLI-001113,CTR-001113,52,Valencia,72,66.67,Aplicación,Estándar,2368.25,0,8,2020-09-25,No
CLI-000563,CTR-000563,48,Madrid,59,62.11,Tienda,Estándar,2655.99,0,7,2021-10-13,No
CLI-008970,CTR-008970,61,Málaga,32,73.58,Aplicación,Premium,2369.14,7,,2024-01-12,Sí
CLI-003065,CTR-003065,43,Madrid,46,106.78,Web,Básico,2252.51,5,,2022-11-23,Sí
CLI-000935,CTR-000935,45,Málaga,84,28.41,Web,Premium,,0,9,2019-09-23,No
CLI-009426,CTR-009426,50,Barcelona,86,108.1,Aplicación,Estándar,,4,10,2019-07-08,No
CLI-007636,CTR-007636,50,Barcelona,27,50.46,Teléfono,Básico,,3,,2024-06-05,No
CLI-009435,CTR-009435,50,Madrid,7,69.06,Web,Premium,2034.76,5,9,2026-02-25,Sí
CLI-004832,CTR-004832,53,Madrid,14,72.24,Web,Básico,750,3,7,2025-07-16,Sí
CLI-000128,CTR-000128,47,Barcelona,13,63.77,Tienda,Estándar,1763.36,0,,2025-08-18,No
CLI-001001,CTR-001001,42,Barcelona,11,47.53,Teléfono,Estándar,1006.66,2,,2025-10-09,No
CLI-006139,CTR-006139,50,Zaragoza,69,53.74,Tienda,Estándar,3979.62,2,8,2020-12-26,No
CLI-001287,CTR-001287,53,Málaga,15,38.46,Aplicación,Estándar,,1,,2025-06-15,No
CLI-009383,CTR-009383,24,Madrid,47,64.15,Teléfono,Estándar,3928.89,4,5,2022-10-14,Sí
CLI-008212,CTR-008212,31,Valencia,22,66.75,Tienda,Estándar,,4,9,2024-11-13,Sí
CLI-007321,CTR-007321,54,Alicante,68,54.72,Teléfono,Estándar,3279.78,3,,2021-01-10,No
CLI-000119,CTR-000119,61,Sevilla,59,72.12,Web,Estándar,4660.06,7,6,2021-10-10,No
CLI-007060,CTR-007060,54,Málaga,65,26.69,Tienda,Estándar,1263.82,4,,2021-04-01,No
CLI-001646,CTR-001646,30,Murcia,35,56.04,Web,Empresa,3877.09,1,,2023-10-08,No
CLI-003502,CTR-003502,21,Zaragoza,93,45.17,Web,Premium,,3,8,2018-12-18,No
CLI-005642,CTR-005642,53,Valencia,21,72.52,WEB,Estándar,1457.59,6,,2024-12-09,Sí
CLI-002339,CTR-002339,43,Madrid,32,72.39,Aplicación,Empresa,2656.78,7,4,2024-01-18,Sí
CLI-009074,CTR-009074,58,Madrid,92,9.9,Teléfono,Premium,1482.7,3,7,2019-01-27,No
CLI-005273,CTR-005273,43,Sevilla,45,18.27,Aplicación,Premium,2474.54,4,6,2022-12-18,Sí
CLI-009067,CTR-009067,25,Madrid,39,47.43,Aplicación,Básico,2672.44,4,4,2023-06-23,Sí
CLI-003285,CTR-003285,24,Valencia,29,39.16,Teléfono,Premium,,7,5,2024-04-16,Sí
CLI-007548,CTR-007548,52,Málaga,28,43.37,Aplicación,Básico,1761.16,4,5,2024-05-17,Sí
CLI-006192,CTR-006192,29,Málaga,56,65.79,Tienda,Empresa,3866.86,0,7,2022-01-20,No
CLI-009672,CTR-009672,42,Madrid,13,78.52,Aplicación,Básico,2971.11,4,,2025-08-09,Sí
CLI-008818,CTR-008818,47,Sevilla,47,55.56,Teléfono,Estándar,2506.22,5,5,2022-10-15,Sí
CLI-007177,CTR-007177,30,Madrid,91,249.09,Aplicación,Empresa,11719.53,4,6,2019-02-03,No
CLI-001193,CTR-001193,63,Alicante,12,108.02,Teléfono,Empresa,3212.36,2,6,2025-09-19,No
CLI-002862,CTR-002862,72,Madrid,19,46.92,Web,Estándar,3860.85,1,9,2025-02-21,No
CLI-002650,CTR-002650,32,Alicante,12,19.9,Tienda,Premium,3520.74,2,7,2025-09-11,No
CLI-007099,CTR-007099,40,Madrid,10,44.48,Web,Básico,,1,6,2025-11-10,Sí
CLI-008213,CTR-008213,45,Valencia,7,73.82,Web,Estándar,,4,5,2026-02-03,Sí
CLI-002209,CTR-002209,38,Sevilla,30,73.32,Aplicación,Estándar,,5,4,2024-03-27,Sí
CLI-000820,CTR-000820,28,Valencia,2,32.09,Aplicación,Empresa,,1,8,2026-07-21,Sí
CLI-001552,CTR-001552,52,Barcelona,15,93.55,Aplicación,Estándar,4344.63,3,6,2025-06-11,No
CLI-003297,CTR-003297,48,Sevilla,93,73.77,Web,Estándar,,0,9,2018-12-15,No
CLI-003497,CTR-003497,58,Alicante,48,73.18,Web,Estándar,2223.74,2,9,2022-09-25,No
CLI-000715,CTR-000715,31,Madrid,36,59.01,Web,Empresa,1534.84,6,10,2023-09-22,Sí
CLI-000012,CTR-009862,18,Murcia,31,81.23,Aplicación,Básico,2126.95,5,5,2024-02-09,Sí
CLI-006155,CTR-006155,33,Barcelona,87,66.04,Teléfono,Estándar,3023.96,0,,2019-06-28,No
CLI-001800,CTR-001800,42,Barcelona,25,59.13,Web,Básico,2260.74,1,8,2024-08-06,No
CLI-000392,CTR-000392,40,Madrid,22,80.12,Teléfono,Empresa,1873.98,2,9,2024-11-20,No
CLI-001473,CTR-001473,56,Málaga,22,42.45,Teléfono,Estándar,1981.28,6,,2024-11-25,Sí
CLI-003592,CTR-003592,47,Zaragoza,40,73.43,Teléfono,Básico,1356.34,2,9,2023-05-20,No
CLI-007618,CTR-007618,43,Barcelona,27,68.64,Tienda,Premium,2782.17,3,4,2024-06-18,Sí
CLI-004190,CTR-004190,36,Barcelona,18,52.36,Web,Estándar,2165.54,5,4,2025-03-14,Sí
CLI-001188,CTR-001188,39,Barcelona,15,32.8,Web,Básico,1658.79,3,,2025-06-03,Sí
CLI-004506,CTR-004506,40,Murcia,20,47.97,Web,Estándar,2262.6,6,3,2025-01-08,Sí
CLI-006105,CTR-006105,36,Madrid,22,57.56,Aplicación,Empresa,2740.7,2,9,2024-11-01,No
CLI-002571,CTR-002571,36,Barcelona,15,31.19,Aplicación,Estándar,2238.41,1,8,2025-06-09,No
CLI-006375,CTR-006375,46,Alicante,51,40.55,Teléfono,Básico,3270.43,1,6,2022-06-19,No
CLI-005580,CTR-005580,37,Alicante,39,55.93,Aplicación,Básico,2821.62,7,6,2023-06-03,Sí
CLI-009382,CTR-009382,32,Alicante,40,52.19,Tienda,Premium,3128.14,8,6,2023-05-03,Sí
CLI-005952,CTR-005952,45,Barcelona,8,59.2,Tienda,Estándar,2919.01,5,5,2026-01-13,Sí
CLI-003011,CTR-003011,34,Alicante,73,27.27,Teléfono,Premium,,2,7,2020-08-09,No
CLI-005090,CTR-005090,60,Sevilla,95,75.57,Web,Básico,3501.4,5,7,2018-10-22,No
CLI-004038,CTR-004038,19,Madrid,71,82.86,Web,Básico,3264.95,1,9,2020-10-02,No
CLI-005372,CTR-005372,39,Málaga,74,63.66,Web,Estándar,2550.69,1,9,2020-07-09,No
CLI-005593,CTR-005593,18,Barcelona,34,10.56,Tienda,Estándar,914.42,4,4,2023-11-06,Sí
CLI-002203,CTR-002203,21,Alicante,2,37.24,Web,Estándar,2562.82,4,,2026-07-04,Sí
CLI-003904,CTR-003904,42,Madrid,31,99.4,Aplicación,Estándar,4658.73,1,6,2024-02-01,No
CLI-004252,CTR-004252,36,Barcelona,29,37.56,Web,Empresa,3215.76,4,10,2024-04-08,No
CLI-005413,CTR-005413,42,Madrid,36,83.34,Aplicación,Básico,3934.53,3,,2023-09-06,No
CLI-004692,CTR-004692,60,Madrid,45,63.2,Aplicación,Básico,3323.75,0,9,2022-12-26,No
CLI-005782,CTR-005782,44,Barcelona,90,83.67,Web,Empresa,,2,7,2019-03-23,No
CLI-008209,CTR-008209,43,Valencia,20,30.08,Aplicación,Premium,1943.69,2,7,2025-01-26,Sí
CLI-000564,CTR-000564,55,Alicante,36,60.13,Aplicación,Premium,1757.36,5,6,2023-09-01,Sí
CLI-000633,CTR-000633,54,Valencia,47,45.55,Tienda,Estándar,2155.8,4,10,2022-10-23,No
CLI-002935,CTR-002935,20,Valencia,26,45.29,Web,Estándar,1821.67,2,5,2024-07-18,No
CLI-005889,CTR-005889,47,Madrid,16,19.45,Teléfono,Estándar,1827.53,6,8,2025-05-13,Sí
CLI-004497,CTR-004497,59,Madrid,49,79.4,Web,Básico,3259.04,4,7,2022-08-10,No
CLI-008494,CTR-008494,39,Madrid,54,75.3,Teléfono,Básico,3920.39,2,,2022-03-04,No
CLI-008071,CTR-008071,50,Madrid,64,78.55,Web,Premium,4173.59,2,5,2021-05-18,No
CLI-000032,CTR-009882,53,Barcelona,63,25.25,Aplicación,Básico,2991.32,1,6,2021-06-03,No
CLI-008431,CTR-008431,38,Alicante,18,79.85,Aplicación,Estándar,2339.39,3,4,2025-03-07,Sí
CLI-003951,CTR-003951,39,Barcelona,19,66.18,Aplicación,Estándar,1474.34,6,5,2025-02-21,Sí
CLI-006011,CTR-006011,68,Barcelona,46,34.38,Teléfono,Estándar,2244.72,2,,2022-11-27,No
CLI-001147,CTR-001147,54,Valencia,4,84.92,Teléfono,Premium,,3,,2026-05-26,Sí
CLI-003260,CTR-003260,32,Murcia,39,43.89,Teléfono,Premium,2149.36,3,,2023-06-11,Sí
CLI-006846,CTR-006846,34,Sevilla,19,54.98,Teléfono,Estándar,2991.79,2,4,2025-02-01,No
CLI-001625,CTR-001625,25,Málaga,31,52.09,Aplicación,Premium,1292.66,0,7,2024-02-23,No
CLI-000203,CTR-000203,18,Sevilla,43,76.06,Web,Premium,1996.03,0,,2023-02-17,Sí
CLI-004054,CTR-004054,30,Madrid,17,39.1,Tienda,Premium,2640.65,3,,2025-04-09,No
CLI-006452,CTR-006452,37,Murcia,31,36.7,Tienda,Estándar,1681.08,5,3,2024-02-26,Sí
CLI-000214,CTR-000214,38,Sevilla,76,42.86,Web,Premium,3141.61,2,6,2020-05-25,No
CLI-009630,CTR-009630,53,Madrid,25,48.77,Aplicación,Empresa,2817.87,0,,2024-08-22,No
CLI-007587,CTR-007587,38,Madrid,22,75.32,Web,Estándar,,1,8,2024-11-27,No
CLI-002014,CTR-002014,44,Barcelona,39,49.79,Web,Básico,3627.1,3,5,2023-06-12,Sí
CLI-001670,CTR-001670,34,Madrid,23,33.65,Tienda,Premium,2648.38,4,4,2024-10-02,Sí
CLI-008478,CTR-008478,62,Sevilla,17,64.39,Web,Estándar,750,3,4,2025-04-23,Sí
CLI-009320,CTR-009320,25,Zaragoza,44,86.3,Aplicación,Estándar,,3,6,2023-01-28,Sí
CLI-000900,CTR-000900,41,Sevilla,1,92.05,Teléfono,Básico,1204.93,6,6,2026-08-03,Sí
CLI-000709,CTR-000709,63,Murcia,39,67.53,Tienda,Premium,1616.76,3,,2023-06-03,Sí
CLI-009349,CTR-009349,55,Málaga,44,81.47,Web,Estándar,2473.61,2,5,2023-01-14,No
CLI-002474,CTR-002474,53,Barcelona,76,67.63,Web,Premium,2455.76,1,7,2020-05-28,No
CLI-003097,CTR-003097,44,Zaragoza,38,47.35,WEB,Básico,1735.42,5,5,2023-07-27,Sí
CLI-008162,CTR-008162,26,Sevilla,16,107.39,Tienda,Básico,2307.56,5,3,2025-05-16,Sí
CLI-005041,CTR-005041,56,Murcia,23,82.36,Aplicación,Estándar,878.66,3,8,2024-10-15,No
CLI-007430,CTR-007430,18,Barcelona,88,48.1,Tienda,Premium,3859.28,2,7,2019-05-11,No
CLI-003315,CTR-003315,43,Madrid,62,48.71,Web,Premium,2380.55,3,7,2021-07-19,No
CLI-006086,CTR-006086,50,Murcia,84,55.34,WEB,Estándar,4113.56,4,7,2019-09-18,No
CLI-002619,CTR-002619,60,Sevilla,44,107.18,Web,Estándar,1303.98,5,6,2023-01-08,Sí
CLI-004523,CTR-004523,57,Barcelona,73,74.45,Tienda,Premium,,3,,2020-08-25,No
CLI-004102,CTR-004102,51,Barcelona,61,81.85,Tienda,Básico,2971.14,0,,2021-08-01,No
CLI-000069,CTR-000069,42,Valencia,17,58.23,Web,Básico,1848.33,1,,2025-04-10,No
CLI-006205,CTR-006205,37,Madrid,11,70.08,,Premium,2999.33,4,4,2025-10-18,Sí
CLI-009756,CTR-009756,43,Madrid,36,54.11,Web,Empresa,2208.14,3,,2023-09-10,Sí
CLI-007739,CTR-007739,35,Madrid,40,47.02,Teléfono,Estándar,3798.69,3,7,2023-05-04,No
CLI-007762,CTR-007762,35,Valencia,48,49.43,Tienda,Premium,998.56,6,5,2022-09-09,Sí
CLI-009286,CTR-009286,43,Valencia,72,84.72,Web,Estándar,,5,,2020-09-23,No
CLI-000519,CTR-000519,40,Valencia,36,93.18,Tienda,Básico,2430.13,0,,2023-09-06,No
CLI-007650,CTR-007650,26,Barcelona,86,49.87,Tienda,Premium,3673.34,2,9,2019-07-03,No
CLI-006875,CTR-006875,59,Murcia,10,72.69,Web,Estándar,2588.71,1,,2025-11-10,No
CLI-003187,CTR-003187,44,Madrid,18,73.79,Tienda,Estándar,1725.63,0,,2025-03-04,Sí
CLI-000982,CTR-000982,23,Barcelona,57,53.48,Web,Estándar,2544.49,3,,2021-12-18,No
CLI-005510,CTR-005510,23,Barcelona,16,62.89,Tienda,Estándar,2711.92,3,,2025-05-02,Sí
CLI-004132,CTR-004132,53,Barcelona,15,59.14,Web,Premium,2610.44,3,8,2025-06-08,No
CLI-008730,CTR-008730,39,Madrid,69,40.92,Tienda,Estándar,1955.11,4,8,2020-12-13,No
CLI-004678,CTR-004678,63,Barcelona,20,93.12,Tienda,Básico,1784.51,6,5,2025-01-23,Sí
CLI-005095,CTR-005095,56,Valencia,40,59.43,Web,Básico,750,2,5,2023-05-12,Sí
CLI-001433,CTR-001433,31,Murcia,6,39.41,Tienda,Premium,,2,,2026-03-04,No
CLI-006033,CTR-006033,33,Madrid,90,37.53,Aplicación,Estándar,2382.83,2,9,2019-03-16,No
CLI-004141,CTR-004141,36,Madrid,2,79.05,Aplicación,Básico,2735.5,4,,2026-07-23,Sí
CLI-001484,CTR-001484,42,Alicante,15,64.33,Tienda,Estándar,2117.37,2,8,2025-06-22,No
CLI-006833,CTR-006833,23,Alicante,7,77.95,Web,Estándar,824.23,3,5,2026-02-04,Sí
CLI-003485,CTR-003485,39,Valencia,28,136.4,Teléfono,Estándar,2167.98,3,5,2024-05-17,Sí
CLI-005331,CTR-005331,50,Madrid,44,34.46,Web,Premium,1620.86,1,5,2023-01-09,No
CLI-006337,CTR-006337,49,Valencia,36,71.34,Teléfono,Básico,,4,6,2023-09-09,Sí
CLI-000258,CTR-000258,23,Madrid,46,77.99,Aplicación,Estándar,1312.17,2,2,2022-11-17,Sí
CLI-001460,CTR-001460,37,Madrid,30,74.17,Tienda,Básico,2812.77,4,8,2024-03-23,No
CLI-007751,CTR-007751,34,Madrid,43,77.25,Web,Estándar,1716.05,2,,2023-02-16,Sí
CLI-003813,CTR-003813,45,Madrid,40,29.61,Web,Premium,850.14,5,6,2023-05-16,Sí
CLI-000849,CTR-000849,42,Sevilla,59,55.89,Web,Estándar,3317.92,2,6,2021-10-24,No
CLI-000893,CTR-000893,54,Madrid,65,66.94,Web,Básico,,2,7,2021-04-26,No
CLI-002685,CTR-002685,33,Valencia,1,39.45,Teléfono,Básico,3292.09,1,3,2026-08-09,Sí
CLI-006515,CTR-006515,47,Barcelona,90,88.92,Web,Estándar,,0,,2019-03-21,No
CLI-009601,CTR-009601,21,Zaragoza,14,58.32,Aplicación,Básico,2863.02,1,6,2025-07-19,No
CLI-002405,CTR-002405,44,Málaga,9,61.71,Tienda,Empresa,2550.05,5,5,2025-12-04,Sí
CLI-002086,CTR-002086,30,Madrid,19,83.89,Web,Estándar,2775.63,3,5,2025-02-09,Sí
CLI-006963,CTR-006963,23,Madrid,12,41.18,Aplicación,Premium,3324.66,4,2,2025-09-22,Sí
CLI-004039,CTR-004039,44,Valencia,32,54.24,Web,Empresa,4331.29,3,6,2024-01-16,No
CLI-009614,CTR-009614,18,Valencia,36,67.28,Web,Estándar,2273.19,0,7,2023-09-19,Sí
CLI-001559,CTR-001559,37,Madrid,38,95.49,Teléfono,Premium,2881.13,3,6,2023-07-02,Sí
CLI-009499,CTR-009499,55,Barcelona,72,87.33,Web,Premium,,0,6,2020-09-17,No
CLI-009558,CTR-009558,43,Madrid,32,69.59,Web,Premium,2395.34,6,,2024-01-16,Sí
CLI-007721,CTR-007721,38,Murcia,26,95.9,Web,Estándar,2108.25,4,,2024-07-01,Sí
CLI-009590,CTR-009590,65,Madrid,46,42.46,Teléfono,Estándar,,2,7,2022-11-14,No
CLI-005104,CTR-005104,60,Sevilla,15,55.34,Web,Estándar,,5,3,2025-06-08,Sí
CLI-003490,CTR-003490,70,Barcelona,22,75.13,Tienda,Básico,,3,7,2024-11-16,No
CLI-002071,CTR-002071,47,Madrid,71,43.31,Tienda,Estándar,3662.07,2,9,2020-10-25,No
CLI-001388,CTR-001388,29,Valencia,34,68.32,Tienda,Estándar,3292.15,6,6,2023-11-04,Sí
CLI-002321,CTR-002321,37,Barcelona,42,44.77,Tienda,Básico,1208.76,2,5,2023-03-21,Sí
CLI-005807,CTR-005807,18,Sevilla,86,88.49,Teléfono,Premium,3358.47,4,6,2019-07-23,No
CLI-006511,CTR-006511,50,Madrid,92,29.15,Aplicación,Básico,3608.26,2,7,2019-01-02,No
CLI-006529,CTR-006529,43,Valencia,49,36.84,Tienda,Premium,1550.75,0,7,2022-08-28,No
CLI-004907,CTR-004907,58,Madrid,56,56.86,Web,Estándar,1137.18,1,8,2022-01-10,No
CLI-005768,CTR-005768,30,Murcia,22,71.63,Tienda,Premium,2528.57,5,,2024-11-15,Sí
CLI-001782,CTR-001782,33,Valencia,44,60.91,Tienda,Básico,1499.48,2,5,2023-01-19,Sí
CLI-009003,CTR-009003,54,Madrid,19,34.65,Web,Básico,3025.96,3,,2025-02-21,No
CLI-003400,CTR-003400,36,Barcelona,22,94.99,Aplicación,Premium,1341,0,,2024-11-02,Sí
CLI-007488,CTR-007488,31,Barcelona,8,16.02,Tienda,Estándar,2848.41,8,6,2026-01-14,Sí
CLI-005540,CTR-005540,48,Málaga,10,73.18,Aplicación,Estándar,2278.35,1,5,2025-11-03,Sí
CLI-005348,CTR-005348,60,Sevilla,61,79.3,Web,Estándar,3585.26,2,8,2021-08-20,No
CLI-000267,CTR-000267,40,Murcia,36,71.38,Teléfono,Premium,3236.96,2,6,2023-09-21,No
CLI-000175,CTR-000175,55,Valencia,82,82.43,Web,Básico,3138.87,0,7,2019-11-17,No
CLI-003742,CTR-003742,51,Madrid,44,77.39,Web,Básico,2593.1,4,6,2023-01-08,Sí
CLI-005628,CTR-005628,46,Madrid,16,77.37,Web,Premium,3039.79,3,,2025-05-13,No
CLI-008118,CTR-008118,36,Barcelona,17,79.73,Aplicación,Básico,,3,,2025-04-13,Sí
CLI-001237,CTR-001237,49,Valencia,72,81.16,Teléfono,Básico,2441.21,0,,2020-09-10,No
CLI-002350,CTR-002350,42,Madrid,12,26.81,Teléfono,Básico,1895.96,2,9,2025-09-08,No
CLI-006395,CTR-006395,44,Valencia,41,52.8,Web,Básico,750,3,,2023-04-23,Sí
CLI-009116,CTR-009116,25,Valencia,39,51.81,Tienda,Estándar,,2,,2023-06-02,Sí
CLI-005119,CTR-005119,48,Barcelona,40,40.02,Web,Básico,,3,6,2023-05-05,Sí
CLI-003366,CTR-003366,54,Madrid,47,53.16,Web,Premium,3138.49,0,7,2022-10-07,No
CLI-000702,CTR-000702,37,Madrid,89,25.26,Teléfono,Empresa,2216.52,2,8,2019-04-11,No
CLI-007296,CTR-007296,49,Málaga,16,99.19,Tienda,Básico,2109.82,5,5,2025-05-12,Sí
CLI-002967,CTR-002967,34,Barcelona,69,42.22,Teléfono,Premium,3658.03,2,8,2020-12-12,No
CLI-008251,CTR-008251,47,Madrid,88,85.2,Teléfono,Premium,,0,,2019-05-05,No
CLI-000811,CTR-000811,41,Sevilla,32,61,Web,Premium,2677.82,1,9,2024-01-05,No
CLI-001912,CTR-001912,51,Barcelona,71,36.95,Teléfono,Premium,871.74,1,7,2020-10-21,No
CLI-004873,CTR-004873,29,Valencia,9,87.25,Web,Premium,2934.61,4,8,2025-12-09,Sí
CLI-005452,CTR-005452,39,Madrid,40,66.25,Web,Empresa,,2,,2023-05-23,No
CLI-007441,CTR-007441,45,Valencia,57,72.23,Tienda,Básico,3800.2,2,,2021-12-09,No
CLI-006931,CTR-006931,50,Barcelona,32,70.12,Teléfono,Premium,3433.48,0,7,2024-01-12,No
CLI-009068,CTR-009068,41,Madrid,30,61.94,Teléfono,Premium,3577.27,8,4,2024-03-23,Sí
CLI-001120,CTR-001120,34,Barcelona,47,82.92,Web,Estándar,1705.96,0,,2022-10-01,No
CLI-000108,CTR-000108,40,Madrid,33,75.55,Web,Básico,1719.87,5,,2023-12-09,Sí
CLI-002643,CTR-002643,39,Zaragoza,7,63.17,Teléfono,Premium,2240.52,0,5,2026-02-18,No
CLI-008772,CTR-008772,46,Madrid,10,59.71,Web,Estándar,986.29,3,7,2025-11-11,Sí
CLI-000967,CTR-000967,43,Madrid,11,43.56,Teléfono,Estándar,3609.7,2,9,2025-10-06,No
CLI-008690,CTR-008690,48,Sevilla,35,87.11,Aplicación,Empresa,3112.81,4,6,2023-10-22,Sí
CLI-007935,CTR-007935,32,Alicante,29,101.52,web,Estándar,750,6,,2024-04-26,Sí
CLI-000441,CTR-000441,33,Madrid,2,72.3,WEB,Empresa,2233.34,7,,2026-07-04,Sí
CLI-000584,CTR-000584,32,Murcia,9,53.92,Tienda,Premium,1215.52,6,8,2025-12-27,No
CLI-005138,CTR-005138,32,Madrid,12,79.91,Teléfono,Estándar,2005.53,5,8,2025-09-28,Sí
CLI-002785,CTR-002785,28,Málaga,39,61.21,Aplicación,Premium,1956.03,4,,2023-06-01,No
CLI-006662,CTR-006662,42,Barcelona,22,48.53,Teléfono,Estándar,,4,,2024-11-08,No
CLI-000908,CTR-000908,28,Valencia,9,43.45,Aplicación,Premium,1781.66,4,,2025-12-28,Sí
CLI-006234,CTR-006234,39,Valencia,64,21.11,Tienda,Estándar,,0,7,2021-05-14,No
CLI-005143,CTR-005143,39,Valencia,87,22.28,Tienda,Básico,,3,6,2019-06-18,No
CLI-005043,CTR-005043,38,Valencia,58,55.49,Teléfono,Básico,2891.55,4,8,2021-11-14,No
CLI-002240,CTR-002240,24,Barcelona,46,73.28,Aplicación,Estándar,1571.47,5,,2022-11-17,Sí
CLI-005366,CTR-005366,42,Valencia,13,75.58,Web,Básico,3329.24,0,9,2025-08-24,No
CLI-001322,CTR-001322,44,Valencia,46,35.43,Teléfono,Básico,2321.95,5,10,2022-11-02,No
CLI-003757,CTR-003757,19,Valencia,25,31.26,Tienda,Básico,,5,5,2024-08-23,Sí
CLI-004625,CTR-004625,31,Málaga,27,56.81,Teléfono,Básico,2015.19,8,3,2024-06-17,Sí
CLI-002253,CTR-002253,30,Málaga,44,36.66,Web,Estándar,2874.26,7,7,2023-01-21,No
CLI-008342,CTR-008342,40,Málaga,24,84.83,Web,Básico,3141.79,5,3,2024-09-04,Sí
CLI-001020,CTR-001020,18,Barcelona,32,18.45,Aplicación,Estándar,1264.73,6,,2024-01-06,Sí
CLI-008345,CTR-008345,31,Alicante,41,67.77,Teléfono,Premium,3248.61,5,8,2023-04-16,Sí
CLI-001596,CTR-001596,31,Valencia,71,86.39,Tienda,Estándar,4472.64,3,5,2020-10-18,No
CLI-001319,CTR-001319,30,Madrid,30,58.33,Web,Estándar,4015.23,6,5,2024-03-28,Sí
CLI-008661,CTR-008661,49,Madrid,6,78.37,Tienda,Estándar,2367.96,3,,2026-03-17,No
CLI-000644,CTR-000644,49,Barcelona,24,91.66,Tienda,Básico,2979.71,4,,2024-09-04,Sí
CLI-002101,CTR-002101,39,Barcelona,29,49.64,Web,Empresa,2501.7,2,6,2024-04-15,Sí
CLI-000914,CTR-000914,39,Barcelona,53,51.65,Tienda,Básico,3078.46,0,10,2022-04-07,No
CLI-000013,CTR-009863,61,Alicante,81,81.53,WEB,Básico,2248.28,4,,2019-12-20,No
CLI-003853,CTR-003853,42,Madrid,72,62.98,Aplicación,Premium,3603.13,1,,2020-09-23,No
CLI-009357,CTR-009357,46,Sevilla,28,47.83,Tienda,Básico,3942.38,2,7,2024-05-19,No
CLI-007114,CTR-007114,39,Barcelona,37,26.09,Tienda,Empresa,1715.59,0,5,2023-08-28,No
CLI-003797,CTR-003797,55,Zaragoza,48,75.59,Aplicación,Empresa,,3,8,2022-09-26,Sí
CLI-000303,CTR-000303,44,Zaragoza,12,84.09,Web,Empresa,3035.67,2,7,2025-09-11,Sí
CLI-001029,CTR-001029,31,Alicante,18,59.56,Aplicación,Estándar,2287.89,9,5,2025-03-13,Sí
CLI-007538,CTR-007538,54,Valencia,77,55.81,Web,Estándar,3834.1,2,8,2020-04-04,No
CLI-007568,CTR-007568,46,Alicante,46,33.64,Teléfono,Estándar,,4,4,2022-11-21,No
CLI-000913,CTR-000913,23,Murcia,6,46.73,Web,Estándar,1553.65,5,7,2026-03-09,Sí
CLI-004705,CTR-004705,18,Zaragoza,96,52.19,Aplicación,Empresa,4762.01,0,,2018-09-21,No
CLI-007243,CTR-007243,56,Valencia,27,58.56,Teléfono,Básico,1609.31,7,,2024-06-01,No
CLI-008796,CTR-008796,41,Murcia,39,55.17,Web,Premium,1598.89,3,4,2023-06-14,Sí
CLI-006582,CTR-006582,53,Murcia,28,55.28,,Estándar,,5,8,2024-05-16,No
CLI-001834,CTR-001834,34,Madrid,63,62.37,Aplicación,Premium,,2,8,2021-06-28,No
CLI-009403,CTR-009403,34,Sevilla,24,65.87,Tienda,Estándar,1159.02,1,4,2024-09-11,Sí
CLI-009309,CTR-009309,50,Barcelona,78,83.91,Teléfono,Empresa,3781.39,1,6,2020-03-17,No
CLI-000826,CTR-000826,60,Sevilla,90,46.81,Web,Empresa,2347.24,1,8,2019-03-16,No
CLI-004336,CTR-004336,43,Barcelona,82,67.63,Web,Empresa,3121.42,1,,2019-11-24,No
CLI-007493,CTR-007493,49,Alicante,31,68.74,Tienda,Estándar,,5,,2024-02-12,Sí
CLI-007778,CTR-007778,33,Murcia,32,73.06,Web,Empresa,1666.19,5,,2024-01-17,Sí
CLI-003347,CTR-003347,41,Valencia,18,46.95,Web,Estándar,4409.43,1,4,2025-03-25,No
CLI-006381,CTR-006381,18,Sevilla,12,88.41,Web,Premium,933.54,4,5,2025-09-02,Sí
CLI-006674,CTR-006674,53,Alicante,30,55.89,Web,Estándar,1720.07,3,,2024-03-11,Sí
CLI-008804,CTR-008804,18,Sevilla,45,34.29,Web,Básico,2800.62,3,6,2022-12-28,No
CLI-007639,CTR-007639,29,Madrid,25,86.74,web,Premium,2487.91,5,,2024-08-22,Sí
CLI-001415,CTR-001415,44,Madrid,29,53.77,Tienda,Básico,3222.49,1,,2024-04-02,No
CLI-006951,CTR-006951,31,Murcia,32,71.97,web,Básico,,3,5,2024-01-12,Sí
CLI-002517,CTR-002517,73,Madrid,91,20.87,Web,Básico,2675.48,2,4,2019-02-22,No
CLI-004946,CTR-004946,48,Barcelona,90,51.7,web,Estándar,3961.86,1,,2019-03-11,No
CLI-001494,CTR-001494,52,Madrid,71,56.76,Tienda,Estándar,928.03,2,6,2020-10-20,No
CLI-005720,CTR-005720,25,Valencia,34,70.19,Teléfono,Estándar,3799.3,4,,2023-11-04,Sí
CLI-002280,CTR-002280,31,Valencia,13,68.6,Web,Básico,,1,5,2025-08-03,No
CLI-008370,CTR-008370,46,Málaga,84,59.01,Teléfono,Estándar,2642.8,0,,2019-09-04,No
CLI-004987,CTR-004987,31,Murcia,61,53.87,Web,Premium,3299.61,1,6,2021-08-23,No
CLI-008477,CTR-008477,36,Madrid,7,207.2,Teléfono,Básico,8038.71,4,,2026-02-28,No
CLI-000831,CTR-000831,38,Madrid,87,74.68,Teléfono,Empresa,1118.65,0,6,2019-06-21,No
CLI-008704,CTR-008704,27,Valencia,15,61.04,Aplicación,Premium,,3,3,2025-06-07,Sí
CLI-009810,CTR-009810,37,Barcelona,42,73.62,Tienda,Empresa,2221.08,6,4,2023-03-21,Sí
CLI-001914,CTR-001914,38,Sevilla,34,77.24,WEB,Básico,,6,1,2023-11-02,Sí
CLI-006023,CTR-006023,32,Zaragoza,31,43.05,Web,Estándar,,5,6,2024-02-27,Sí
CLI-008798,CTR-008798,52,Madrid,53,57.09,Web,Estándar,2964.29,3,3,2022-04-25,No
CLI-003143,CTR-003143,49,Barcelona,68,38.68,Tienda,Estándar,3316.6,2,,2021-01-13,No
CLI-003938,CTR-003938,36,Madrid,8,65.33,Web,Básico,1440.28,3,4,2026-01-17,Sí
CLI-007459,CTR-007459,28,Alicante,79,72.87,Tienda,Premium,1652.22,4,10,2020-02-24,No
CLI-005289,CTR-005289,51,Barcelona,71,45.61,Web,Premium,,7,,2020-10-27,No
CLI-000493,CTR-000493,38,Madrid,17,57.01,Tienda,Premium,4252.4,0,10,2025-04-07,No
CLI-003098,CTR-003098,38,Zaragoza,78,106.68,Web,Estándar,,2,,2020-03-28,No
CLI-001844,CTR-001844,40,Alicante,95,61.7,Tienda,Premium,3200.98,3,7,2018-10-07,No
CLI-000428,CTR-000428,53,Alicante,29,74.71,,Estándar,2300.7,4,7,2024-04-02,No
CLI-004944,CTR-004944,19,Málaga,47,51.61,Web,Estándar,3504.83,5,,2022-10-27,Sí
CLI-007740,CTR-007740,43,Madrid,83,54.47,Tienda,Básico,750,0,,2019-10-28,No
CLI-004241,CTR-004241,40,Madrid,13,72.27,Teléfono,Estándar,2943.64,8,7,2025-08-08,Sí
CLI-000242,CTR-000242,41,Madrid,48,53.54,Teléfono,Premium,2540.08,4,,2022-09-20,Sí
CLI-000404,CTR-000404,32,Sevilla,28,55.25,Web,Estándar,,0,,2024-05-02,No
CLI-005623,CTR-005623,49,Barcelona,10,33.17,Teléfono,Estándar,2910.85,6,5,2025-11-01,No
CLI-007640,CTR-007640,38,Madrid,5,91.48,Teléfono,Premium,2120.38,5,6,2026-04-12,Sí
CLI-009827,CTR-009827,46,Madrid,51,48.58,Web,Básico,,5,4,2022-06-01,No
CLI-008408,CTR-008408,46,Madrid,32,71.5,Tienda,Empresa,3533.14,1,,2024-01-27,No
CLI-008662,CTR-008662,43,Sevilla,3,69.15,Teléfono,Premium,,3,,2026-06-23,Sí
CLI-007421,CTR-007421,66,Sevilla,67,61.5,Aplicación,Premium,2893.48,2,7,2021-02-26,No
CLI-007393,CTR-007393,28,Valencia,59,103.11,Tienda,Estándar,3158.35,2,,2021-10-21,No
CLI-000627,CTR-000627,49,Valencia,26,37.48,Aplicación,Estándar,3167.95,3,,2024-07-22,Sí
CLI-008412,CTR-008412,46,Málaga,25,75.96,Aplicación,Básico,,6,9,2024-08-28,No
CLI-002621,CTR-002621,37,Barcelona,13,95.4,Web,Estándar,3933.67,2,,2025-08-01,Sí
CLI-002431,CTR-002431,39,Barcelona,14,57.1,Tienda,Empresa,750,3,,2025-07-08,Sí
CLI-002548,CTR-002548,60,Madrid,56,62.2,Web,Estándar,1780.23,3,,2022-01-23,No
CLI-003448,CTR-003448,43,Barcelona,34,108.69,Web,Empresa,,2,7,2023-11-27,No
CLI-000218,CTR-000218,30,Madrid,37,57.25,Tienda,Estándar,3073.8,7,4,2023-08-08,Sí
CLI-000398,CTR-000398,31,Barcelona,70,64.58,Teléfono,Empresa,3313.48,3,,2020-11-12,No
CLI-008885,CTR-008885,39,Valencia,26,74.49,Web,Estándar,2197.11,6,7,2024-07-24,Sí
CLI-004326,CTR-004326,47,Madrid,92,52.32,Aplicación,Estándar,2791.36,0,,2019-01-19,No
CLI-001803,CTR-001803,53,Barcelona,4,32.29,WEB,Básico,2537.85,4,6,2026-05-23,Sí
CLI-006919,CTR-006919,38,Valencia,26,61.85,Tienda,Premium,,0,8,2024-07-11,No
CLI-001963,CTR-001963,49,Alicante,60,64.8,Web,Empresa,3119.95,2,9,2021-09-22,No
CLI-003000,CTR-003000,39,Zaragoza,10,77.61,Tienda,Estándar,2471.53,3,5,2025-11-12,Sí
CLI-002316,CTR-002316,56,Barcelona,15,68.32,Web,Empresa,2236.28,5,,2025-06-17,Sí
CLI-004989,CTR-004989,44,Málaga,22,69.6,Tienda,Premium,1862.09,0,,2024-11-11,No
CLI-002595,CTR-002595,37,Barcelona,33,41.86,Web,Básico,1359.67,9,3,2023-12-12,Sí
CLI-000484,CTR-000484,64,Barcelona,33,69.3,Web,Básico,2280.9,3,,2023-12-17,No
CLI-003632,CTR-003632,55,Zaragoza,13,62.84,Tienda,Premium,3883.37,0,6,2025-08-07,No
CLI-000778,CTR-000778,49,Barcelona,76,63.62,Teléfono,Estándar,,3,,2020-05-09,No
CLI-002719,CTR-002719,18,Valencia,8,55.24,Aplicación,Básico,1290.43,0,,2026-01-24,Sí
CLI-008585,CTR-008585,35,Alicante,17,62.19,web,Empresa,2383.22,0,9,2025-04-17,No
CLI-003139,CTR-003139,41,Barcelona,47,59.76,Web,Premium,,3,7,2022-10-22,Sí
CLI-004341,CTR-004341,69,Valencia,78,73.3,Aplicación,Estándar,1865.5,3,7,2020-03-05,No
CLI-009841,CTR-009841,48,Zaragoza,62,62.79,Teléfono,Premium,3669.23,1,6,2021-07-06,No
CLI-003514,CTR-003514,48,Zaragoza,23,58.89,Aplicación,Empresa,1109.17,0,,2024-10-23,No
CLI-003880,CTR-003880,55,Madrid,96,68.73,Tienda,Premium,,2,9,2018-09-12,No
CLI-009646,CTR-009646,34,Málaga,12,48.71,web,Estándar,2240.15,1,8,2025-09-17,No
CLI-001786,CTR-001786,44,Madrid,9,41.18,Teléfono,Básico,3658.38,3,7,2025-12-20,Sí
CLI-006520,CTR-006520,30,Valencia,29,29.38,Web,Estándar,3086.14,3,8,2024-04-07,No
CLI-003220,CTR-003220,38,Madrid,36,94.89,Web,Estándar,2949.44,8,7,2023-09-12,Sí
CLI-000048,CTR-000048,20,Madrid,58,62.78,web,Básico,3541.22,3,9,2021-11-22,No
CLI-002462,CTR-002462,44,Sevilla,23,63.38,Tienda,Premium,2446.73,2,8,2024-10-03,No
CLI-009819,CTR-009819,25,Alicante,85,60.54,Tienda,Básico,2285.98,4,9,2019-08-08,No
CLI-006044,CTR-006044,32,Murcia,62,58.74,Tienda,Premium,3901.47,1,6,2021-07-08,No
CLI-009833,CTR-009833,40,Málaga,88,85.56,Tienda,Estándar,1093.65,4,,2019-05-13,No
CLI-000988,CTR-000988,28,Zaragoza,76,83.17,Teléfono,Premium,,2,9,2020-05-16,No
CLI-009012,CTR-009012,45,Sevilla,7,89.2,Web,Estándar,,8,,2026-02-13,Sí
CLI-003734,CTR-003734,32,Madrid,36,38.51,Teléfono,Premium,,1,5,2023-09-13,Sí
CLI-003662,CTR-003662,44,Madrid,30,77.14,Tienda,Básico,1763.27,5,5,2024-03-22,Sí
CLI-001705,CTR-001705,30,Zaragoza,2,52.26,Web,Básico,2217.73,2,4,2026-07-16,Sí
CLI-006069,CTR-006069,70,Madrid,86,91.41,Tienda,Estándar,1477.03,4,,2019-07-05,No
CLI-009039,CTR-009039,37,Zaragoza,83,72.03,Tienda,Premium,4110.38,3,8,2019-10-07,No
CLI-000453,CTR-000453,50,Valencia,23,74.19,Teléfono,Estándar,2219.86,5,6,2024-10-26,Sí
CLI-005159,CTR-005159,36,Madrid,33,74.32,,Premium,1967.89,7,4,2023-12-26,Sí
CLI-002946,CTR-002946,71,Barcelona,17,47.05,Tienda,Estándar,2688.59,1,,2025-04-18,No
CLI-009568,CTR-009568,41,Madrid,25,65.84,Teléfono,Básico,1321.2,4,1,2024-08-09,Sí
CLI-009531,CTR-009531,39,Zaragoza,23,92.35,Tienda,Empresa,750,4,,2024-10-07,Sí
CLI-000622,CTR-000622,32,Valencia,46,45.88,Web,Estándar,3166.96,4,5,2022-11-24,Sí
CLI-000616,CTR-000616,34,Murcia,43,65.98,Web,Básico,750,2,6,2023-02-19,Sí
CLI-000250,CTR-000250,47,Barcelona,53,79.3,Web,Básico,,2,8,2022-04-27,No
CLI-005231,CTR-005231,56,Sevilla,76,45.57,Tienda,Empresa,3414.85,1,,2020-05-04,No
CLI-004969,CTR-004969,30,Madrid,15,45.83,Aplicación,Premium,,1,,2025-06-13,No
CLI-007394,CTR-007394,59,Murcia,37,80.16,Web,Premium,,2,10,2023-08-07,No
CLI-006587,CTR-006587,39,Madrid,21,34.14,Tienda,Básico,924.74,1,,2024-12-27,No
CLI-001781,CTR-001781,51,Sevilla,91,83.49,Web,Estándar,,3,8,2019-02-28,No
CLI-006632,CTR-006632,33,Madrid,73,57.25,Teléfono,Premium,2467.96,0,,2020-08-13,No
CLI-000836,CTR-000836,34,Sevilla,17,28.85,Web,Empresa,1154.67,5,,2025-04-14,Sí
CLI-006786,CTR-006786,67,Barcelona,43,63.41,Web,Básico,3287.22,1,6,2023-02-20,No
CLI-005569,CTR-005569,34,Barcelona,29,31.09,Web,Básico,3538.35,2,,2024-04-03,No
CLI-000905,CTR-000905,56,Barcelona,82,43.98,Web,Estándar,2529.99,2,,2019-11-04,No
CLI-000504,CTR-000504,33,Madrid,34,51.91,Aplicación,Estándar,,3,8,2023-11-04,No
CLI-008483,CTR-008483,61,Madrid,86,44.09,Tienda,Básico,1786.15,7,8,2019-07-07,No
CLI-009726,CTR-009726,42,Madrid,10,49.04,Tienda,Básico,1724.47,4,6,2025-11-02,No
CLI-004612,CTR-004612,25,Barcelona,9,75.86,Tienda,Premium,1517.36,4,5,2025-12-22,Sí
CLI-005411,CTR-005411,47,Barcelona,14,62.74,Teléfono,Empresa,,7,,2025-07-01,Sí
CLI-007105,CTR-007105,43,Sevilla,96,29.65,Teléfono,Estándar,2270.28,5,8,2018-09-15,No
CLI-006887,CTR-006887,38,Zaragoza,24,59.76,Teléfono,Premium,3133.67,1,7,2024-09-14,No
CLI-005778,CTR-005778,30,Barcelona,52,57.49,Tienda,Empresa,,3,7,2022-05-14,No
CLI-002740,CTR-002740,37,Barcelona,14,100.33,Teléfono,Básico,750,5,4,2025-07-23,Sí
CLI-002262,CTR-002262,39,Barcelona,16,60.71,Aplicación,Básico,2310.97,3,,2025-05-26,No
CLI-005827,CTR-005827,38,Málaga,6,57.41,Aplicación,Estándar,3948.28,2,7,2026-03-07,No
CLI-000827,CTR-000827,51,Madrid,39,53.99,Web,Premium,3200.35,3,6,2023-06-09,No
CLI-001447,CTR-001447,47,Barcelona,1,105.41,Tienda,Premium,3737.39,5,8,2026-08-24,Sí
CLI-002455,CTR-002455,49,Madrid,19,47.16,Tienda,Básico,3896.42,0,5,2025-02-23,No
CLI-003496,CTR-003496,51,Zaragoza,24,33.93,Tienda,Estándar,1230.76,5,9,2024-09-18,No
CLI-007111,CTR-007111,57,Madrid,3,93.11,Web,Premium,1556.64,4,6,2026-06-11,Sí
CLI-000133,CTR-000133,46,Málaga,10,65.84,WEB,Estándar,3018.35,1,8,2025-11-26,No
CLI-001585,CTR-001585,58,Murcia,80,64.39,Tienda,Premium,2906.86,0,7,2020-01-15,No
CLI-000296,CTR-000296,46,Alicante,72,65.56,Tienda,Estándar,2542.15,1,,2020-09-01,No
CLI-000407,CTR-000407,60,Sevilla,16,64.76,web,Estándar,3890.2,2,,2025-05-23,No
CLI-005660,CTR-005660,33,Valencia,34,91.86,Tienda,Estándar,2107.67,5,7,2023-11-20,Sí
CLI-001099,CTR-001099,39,Murcia,33,77.4,Web,Premium,1855.64,1,,2023-12-28,No
CLI-009171,CTR-009171,49,Barcelona,10,75.31,Web,Empresa,2936.2,5,5,2025-11-19,Sí
CLI-005839,CTR-005839,32,Barcelona,93,48.74,Web,Empresa,1865.87,2,,2018-12-18,No
CLI-001196,CTR-001196,60,Zaragoza,26,23.53,Aplicación,Básico,1308.31,0,9,2024-07-08,No
CLI-007966,CTR-007966,24,Barcelona,3,57.31,Web,Estándar,3595.02,7,,2026-06-10,Sí
CLI-007202,CTR-007202,58,Valencia,43,46.43,Web,Estándar,1820.33,0,,2023-02-11,Sí
CLI-006274,CTR-006274,58,Murcia,40,67.43,Aplicación,Estándar,2606.1,4,5,2023-05-25,Sí
CLI-003582,CTR-003582,37,Barcelona,54,72.16,Web,Estándar,3733.98,0,7,2022-03-03,No
CLI-008811,CTR-008811,51,Valencia,4,50.84,Tienda,Básico,2114.46,4,,2026-05-23,Sí
CLI-001787,CTR-001787,27,Madrid,33,57.8,Aplicación,Básico,1390.67,3,,2023-12-16,Sí
CLI-007159,CTR-007159,59,Málaga,26,67.8,Web,Básico,2996.97,4,3,2024-07-11,Sí
CLI-004406,CTR-004406,39,Alicante,34,76.02,Web,Premium,,3,7,2023-11-08,No
CLI-006967,CTR-006967,29,Madrid,83,44.71,Teléfono,Básico,,0,9,2019-10-26,No
CLI-003639,CTR-003639,30,Madrid,53,111.51,Web,Estándar,3432.99,2,8,2022-04-21,No
CLI-005529,CTR-005529,32,Madrid,25,63.29,Web,Empresa,3446.36,1,10,2024-08-07,No
CLI-001004,CTR-001004,37,Barcelona,74,43.51,Web,Premium,2159.35,2,9,2020-07-24,No
CLI-007448,CTR-007448,35,Murcia,39,42.83,Tienda,Empresa,4484.75,4,9,2023-06-09,No
CLI-000917,CTR-000917,42,Madrid,53,72.6,Teléfono,Estándar,2143.36,1,5,2022-04-08,No
CLI-002813,CTR-002813,52,Madrid,32,76.95,Tienda,Básico,2994.74,2,2,2024-01-17,Sí
CLI-009346,CTR-009346,27,Zaragoza,66,59.39,Tienda,Premium,2063.55,2,,2021-03-22,No
CLI-000844,CTR-000844,34,Madrid,84,83.07,Web,Estándar,1630.2,2,,2019-09-15,No
CLI-003829,CTR-003829,18,Madrid,15,46.78,Tienda,Básico,2754.69,4,7,2025-06-23,No
CLI-005264,CTR-005264,37,Madrid,6,45.41,Web,Básico,2893.63,0,9,2026-03-02,No
CLI-004940,CTR-004940,33,Valencia,15,80.88,Teléfono,Estándar,,5,6,2025-06-17,Sí
CLI-001950,CTR-001950,45,Valencia,88,41.41,WEB,Premium,2924.5,0,5,2019-05-04,No
CLI-004932,CTR-004932,34,Madrid,20,75.19,Web,Empresa,928.31,5,,2025-01-19,Sí
CLI-008560,CTR-008560,39,Barcelona,48,36.27,Tienda,Premium,848.76,5,3,2022-09-02,Sí
CLI-009593,CTR-009593,37,Madrid,53,24.49,Web,Estándar,,1,7,2022-04-03,No
CLI-003090,CTR-003090,56,Madrid,30,105.99,Tienda,Empresa,1604.36,6,6,2024-03-26,Sí
CLI-000610,CTR-000610,42,Sevilla,94,37.75,Tienda,Estándar,,2,8,2018-11-13,No
CLI-006793,CTR-006793,30,Barcelona,62,51.86,Tienda,Básico,2632.98,0,9,2021-07-24,No
CLI-009015,CTR-009015,57,Sevilla,85,108.16,Teléfono,Estándar,2278.41,1,7,2019-08-26,No
CLI-008340,CTR-008340,34,Málaga,24,73.7,Aplicación,Estándar,2917.42,5,3,2024-09-15,Sí
CLI-007204,CTR-007204,22,Valencia,39,55.15,Teléfono,Básico,2381.18,3,3,2023-06-23,Sí
CLI-008382,CTR-008382,28,Madrid,34,99.36,Tienda,Estándar,2928.26,6,,2023-11-25,Sí
CLI-004986,CTR-004986,57,Valencia,16,62.15,Web,Estándar,2633.97,1,9,2025-05-27,No
CLI-007559,CTR-007559,28,Madrid,65,64.77,Tienda,Estándar,2911,1,,2021-04-04,No
CLI-000071,CTR-000071,61,Alicante,4,68.24,Teléfono,Básico,1934.03,4,7,2026-05-02,Sí
CLI-007011,CTR-007011,54,Valencia,30,77.18,Web,Premium,,0,7,2024-03-12,Sí
CLI-000102,CTR-000102,55,Alicante,30,71.88,Web,Empresa,2647.66,2,8,2024-03-11,No
CLI-005595,CTR-005595,34,Valencia,46,73.48,Tienda,Premium,4109.78,8,5,2022-11-19,Sí
CLI-005984,CTR-005984,35,Murcia,7,38.51,Teléfono,Básico,3002.23,1,3,2026-02-24,Sí
CLI-007152,CTR-007152,38,Murcia,8,66.22,Web,Estándar,2231.98,6,,2026-01-13,Sí
CLI-007009,CTR-007009,52,Madrid,30,48.83,Tienda,Básico,2011.96,2,8,2024-03-23,No
CLI-008033,CTR-008033,34,Málaga,18,37.3,Tienda,Básico,1364.39,3,15,2025-03-08,Sí
CLI-008454,CTR-008454,33,Barcelona,29,73.63,Aplicación,Premium,,0,,2024-04-21,Sí
CLI-004531,CTR-004531,18,Barcelona,21,54.21,Tienda,Básico,,6,7,2024-12-02,Sí
CLI-005938,CTR-005938,21,Madrid,40,96.36,Tienda,Premium,1049.02,5,,2023-05-09,Sí
CLI-000406,CTR-000406,30,Madrid,56,55.62,Web,Estándar,3639.33,4,9,2022-01-04,No
CLI-001988,CTR-001988,42,Valencia,29,51.96,Web,Básico,2818.1,1,6,2024-04-01,No
CLI-002457,CTR-002457,42,Valencia,30,59.24,Teléfono,Estándar,,2,6,2024-03-17,No
CLI-003795,CTR-003795,28,Valencia,24,68.02,Web,Básico,1683.24,3,4,2024-09-22,Sí
CLI-007939,CTR-007939,37,Madrid,54,36.81,Web,Estándar,2892.08,0,6,2022-03-21,No
CLI-002996,CTR-002996,26,Valencia,51,59.02,Web,Estándar,2463.93,0,8,2022-06-24,No
CLI-003117,CTR-003117,39,Madrid,90,22.61,Aplicación,Estándar,2962.98,5,,2019-03-10,No
CLI-000783,CTR-000783,33,Valencia,15,43.86,web,Premium,2682.33,4,7,2025-06-08,Sí
CLI-001624,CTR-001624,47,Sevilla,45,79.7,Web,Premium,2805.83,4,6,2022-12-01,No
CLI-003527,CTR-003527,30,Murcia,27,80.84,Tienda,Básico,,4,6,2024-06-18,Sí
CLI-004828,CTR-004828,40,Murcia,22,62.97,Teléfono,Estándar,1396.12,3,,2024-11-14,Sí
CLI-001654,CTR-001654,39,Alicante,26,111.49,Teléfono,Básico,1850.91,6,4,2024-07-02,Sí
CLI-000657,CTR-000657,43,Murcia,14,75.17,Teléfono,Estándar,2142.03,1,,2025-07-17,Sí
CLI-004088,CTR-004088,26,Madrid,28,50.03,Teléfono,Premium,,5,6,2024-05-26,No
CLI-008756,CTR-008756,18,Sevilla,23,49.06,Web,Estándar,2120.82,3,,2024-10-02,Sí
CLI-004394,CTR-004394,33,Zaragoza,24,59.3,Web,Básico,,4,7,2024-09-19,Sí
CLI-008016,CTR-008016,37,Sevilla,9,56.32,Web,Estándar,3403.83,4,3,2025-12-15,Sí
CLI-006867,CTR-006867,64,Alicante,61,73.26,Web,Básico,2789.39,3,8,2021-08-13,No
CLI-001429,CTR-001429,43,Madrid,1,72.67,Web,Estándar,1862.64,6,4,2026-08-15,Sí
CLI-000298,CTR-000298,49,Barcelona,13,79.94,Teléfono,Empresa,750,5,4,2025-08-10,Sí
CLI-009296,CTR-009296,36,Sevilla,30,78.95,Web,Premium,2960.44,1,5,2024-03-18,Sí
CLI-007361,CTR-007361,43,Alicante,67,75.62,Tienda,Estándar,1610.04,3,8,2021-02-10,No
CLI-008487,CTR-008487,57,Madrid,34,44.92,Web,Estándar,2610.14,0,7,2023-11-26,No
CLI-009415,CTR-009415,54,Barcelona,31,50.82,Aplicación,Estándar,1801.05,0,7,2024-02-19,No
CLI-009295,CTR-009295,25,Valencia,29,25.74,Web,Estándar,1374.02,0,6,2024-04-04,No
CLI-006141,CTR-006141,48,Madrid,35,33.46,Web,Básico,,2,7,2023-10-19,No
CLI-005561,CTR-005561,53,Barcelona,20,61.88,Tienda,Estándar,1658.5,6,4,2025-01-04,Sí
CLI-004306,CTR-004306,41,Madrid,46,100.07,Tienda,Estándar,4102.01,0,10,2022-11-23,No
CLI-009254,CTR-009254,37,Valencia,30,50.55,Web,Empresa,,3,6,2024-03-28,Sí
CLI-005165,CTR-005165,47,Barcelona,8,45.97,Web,Premium,,1,10,2026-01-03,No
CLI-001817,CTR-001817,38,Barcelona,88,45.27,Tienda,Básico,2649.58,0,,2019-05-23,No
CLI-003380,CTR-003380,65,Zaragoza,93,39.89,Tienda,Básico,2121.49,0,10,2018-12-22,No
CLI-004281,CTR-004281,51,Madrid,54,91.08,Tienda,Básico,2281.91,1,6,2022-03-13,No
CLI-009387,CTR-009387,60,Madrid,93,71.07,Teléfono,Estándar,4040.99,1,,2018-12-06,No
CLI-009769,CTR-009769,52,Málaga,96,68.5,Teléfono,Estándar,,1,7,2018-09-11,No
CLI-007875,CTR-007875,65,Murcia,55,46.43,Teléfono,Estándar,3011.22,2,8,2022-02-28,No
CLI-001770,CTR-001770,42,Alicante,10,87.36,Web,Empresa,2072.98,3,7,2025-11-12,Sí
CLI-004467,CTR-004467,29,Málaga,38,59.32,Web,Estándar,,4,8,2023-07-02,Sí
CLI-009354,CTR-009354,52,Zaragoza,57,46.37,Tienda,Estándar,3107.59,2,,2021-12-28,No
CLI-006184,CTR-006184,25,Valencia,18,75.2,Aplicación,Premium,3409.28,6,7,2025-03-28,Sí
CLI-009604,CTR-009604,32,Madrid,89,16.82,Tienda,Premium,2294.68,3,8,2019-04-05,No
CLI-004921,CTR-004921,54,Alicante,80,25.48,Web,Estándar,2766.19,3,,2020-01-14,No
CLI-008433,CTR-008433,44,Valencia,82,78.88,Web,Estándar,750,2,5,2019-11-07,No
CLI-003538,CTR-003538,68,Madrid,29,76.51,Tienda,Básico,2337.42,7,,2024-04-20,Sí
CLI-002829,CTR-002829,21,Alicante,16,54.28,Web,Básico,3037.88,3,8,2025-05-02,No
CLI-004021,CTR-004021,41,Zaragoza,77,41.93,Tienda,Estándar,2337.72,2,6,2020-04-24,No
CLI-000678,CTR-000678,36,Málaga,42,19.87,WEB,Premium,,2,5,2023-03-15,No
CLI-005581,CTR-005581,44,Sevilla,16,53.13,Web,Estándar,2514.23,6,,2025-05-02,Sí
CLI-006614,CTR-006614,58,Barcelona,22,66.65,Web,Estándar,3144.58,4,,2024-11-03,No
CLI-000520,CTR-000520,61,Valencia,40,15.9,Tienda,Estándar,862.5,2,6,2023-05-19,No
CLI-006189,CTR-006189,28,Alicante,88,77.56,Teléfono,Premium,2483.1,1,8,2019-05-09,No
CLI-004350,CTR-004350,58,Madrid,6,54.22,Aplicación,Estándar,,1,,2026-03-26,No
CLI-005253,CTR-005253,44,Barcelona,52,64.11,Teléfono,Estándar,1660.18,1,,2022-05-21,No
CLI-006402,CTR-006402,42,Madrid,27,86.74,Web,Empresa,2017.73,3,8,2024-06-14,No
CLI-008254,CTR-008254,60,Madrid,50,48.44,Tienda,Básico,,0,8,2022-07-27,No
CLI-003763,CTR-003763,25,Madrid,79,20.81,Tienda,Básico,3636.72,1,9,2020-02-13,No
CLI-007378,CTR-007378,26,Málaga,7,66.83,Tienda,Premium,3423.97,5,6,2026-02-05,Sí
CLI-008677,CTR-008677,40,Barcelona,59,41.46,Web,Estándar,3322.02,1,9,2021-10-19,No
CLI-007084,CTR-007084,20,Madrid,6,51.64,Tienda,Estándar,,6,,2026-03-14,Sí
CLI-000605,CTR-000605,49,Barcelona,44,47.43,Web,Estándar,4019.38,0,9,2023-01-22,No
CLI-005542,CTR-005542,49,Madrid,24,80.14,Teléfono,Premium,1771.85,1,10,2024-09-15,No
CLI-000923,CTR-000923,44,Barcelona,24,77.85,Tienda,Estándar,1965.79,1,,2024-09-01,Sí
CLI-008174,CTR-008174,36,Madrid,10,60.91,Web,Estándar,,3,,2025-11-25,No
CLI-006365,CTR-006365,43,Sevilla,26,36.68,Web,Estándar,,3,,2024-07-01,No
CLI-006445,CTR-006445,46,Barcelona,72,62.68,Web,Premium,3359.7,1,7,2020-09-23,No
CLI-003154,CTR-003154,18,Madrid,41,105.61,Web,Estándar,3364.41,5,6,2023-04-24,Sí
CLI-003575,CTR-003575,60,Barcelona,32,46.97,Web,Premium,1076.31,3,1,2024-01-15,Sí
CLI-000359,CTR-000359,54,Alicante,7,81.73,web,Estándar,872.11,5,4,2026-02-08,Sí
CLI-009274,CTR-009274,45,Madrid,82,82.63,Web,Estándar,,3,4,2019-11-14,No
CLI-005082,CTR-005082,36,Málaga,37,101.2,Tienda,Premium,2981.82,6,7,2023-08-12,Sí
CLI-002300,CTR-002300,37,Sevilla,11,74.96,Teléfono,Empresa,2196.53,3,,2025-10-17,No
CLI-008009,CTR-008009,31,Madrid,11,77.61,Web,Básico,,7,,2025-10-17,Sí
CLI-004383,CTR-004383,40,Zaragoza,7,83.92,Aplicación,Estándar,3995.99,1,,2026-02-15,No
CLI-008907,CTR-008907,36,Sevilla,29,60.15,Tienda,Estándar,2224.92,2,4,2024-04-13,Sí
CLI-008858,CTR-008858,46,Barcelona,85,27.21,Web,Básico,,1,7,2019-08-09,No
CLI-003994,CTR-003994,24,Madrid,39,48.99,Tienda,Premium,928.85,6,,2023-06-22,Sí
CLI-008191,CTR-008191,56,Barcelona,13,99.07,Teléfono,Estándar,2348.07,2,8,2025-08-02,Sí
CLI-008932,CTR-008932,79,Valencia,50,73.89,Tienda,Premium,2667.96,5,,2022-07-04,No
CLI-002289,CTR-002289,47,Zaragoza,88,57.08,Tienda,Básico,3334.38,0,6,2019-05-02,No
CLI-001336,CTR-001336,58,Barcelona,67,52.67,Web,Estándar,1700.4,0,,2021-02-10,No
CLI-006518,CTR-006518,31,Murcia,23,62.81,Web,Estándar,1814.6,2,5,2024-10-01,Sí
CLI-006700,CTR-006700,41,Barcelona,10,98.17,Aplicación,Básico,1675.15,5,6,2025-11-25,Sí
CLI-004100,CTR-004100,43,Murcia,83,75.44,Teléfono,Empresa,4508.39,4,7,2019-10-25,No
CLI-007381,CTR-007381,47,Barcelona,63,201.39,Teléfono,Premium,5675.88,0,7,2021-06-05,No
CLI-009779,CTR-009779,26,Alicante,42,85.33,Web,Estándar,3388.52,1,6,2023-03-21,No
CLI-007167,CTR-007167,44,Sevilla,16,100.14,Aplicación,Premium,2766.13,5,5,2025-05-19,Sí
CLI-003590,CTR-003590,44,Valencia,43,94.64,Web,Premium,813.69,6,,2023-02-25,Sí
CLI-008938,CTR-008938,48,Barcelona,30,87.12,Tienda,Estándar,1900.81,1,,2024-03-16,No
CLI-006200,CTR-006200,41,Valencia,22,86.05,Web,Básico,2602.95,5,5,2024-11-19,Sí
CLI-008881,CTR-008881,41,Barcelona,88,37.43,Web,Básico,3656.58,2,8,2019-05-01,No
CLI-007828,CTR-007828,35,Málaga,34,55.5,Tienda,Premium,,4,,2023-11-17,Sí
CLI-004923,CTR-004923,36,Barcelona,24,87.92,Teléfono,Estándar,2074.15,4,5,2024-09-25,Sí
CLI-003605,CTR-003605,40,Madrid,30,54.95,Web,Estándar,2807.35,4,,2024-03-11,Sí
CLI-001709,CTR-001709,42,Madrid,33,85.25,Tienda,Empresa,2361.82,5,6,2023-12-01,Sí
CLI-007702,CTR-007702,18,Barcelona,20,58.47,Teléfono,Premium,,3,,2025-01-20,Sí
CLI-008697,CTR-008697,44,Málaga,39,59.78,Web,Estándar,2270.25,2,5,2023-06-02,No
CLI-001982,CTR-001982,27,Murcia,32,84.72,Aplicación,Estándar,1957.15,6,,2024-01-26,Sí
CLI-005476,CTR-005476,31,Valencia,32,9.9,Aplicación,Premium,2101.62,3,8,2024-01-14,No
CLI-008651,CTR-008651,41,Alicante,30,77.35,Web,Premium,3198.75,7,6,2024-03-10,Sí
CLI-006940,CTR-006940,26,Málaga,21,66.87,Aplicación,Básico,2987.48,1,8,2024-12-22,No
CLI-005208,CTR-005208,53,Barcelona,73,77.28,Teléfono,Básico,3331.38,4,7,2020-08-23,No
CLI-003740,CTR-003740,33,Madrid,26,42.21,Web,Estándar,2404.91,6,5,2024-07-24,Sí
CLI-000042,CTR-000042,39,Madrid,16,34.76,Teléfono,Estándar,3561.42,0,8,2025-05-04,No
CLI-006457,CTR-006457,18,Zaragoza,1,58.62,Tienda,Estándar,2576.37,0,2,2026-08-06,Sí
CLI-007173,CTR-007173,40,Zaragoza,79,66.17,Web,Empresa,1145.68,4,10,2020-02-01,No
CLI-006683,CTR-006683,38,Madrid,32,80.46,Tienda,Estándar,,0,7,2024-01-22,No
CLI-008019,CTR-008019,18,Valencia,30,43.78,Teléfono,Empresa,,0,,2024-03-13,Sí
CLI-004203,CTR-004203,38,Madrid,93,67.21,Web,Premium,2239.55,0,,2018-12-01,No
CLI-009425,CTR-009425,30,Zaragoza,22,42.9,Aplicación,Básico,2303.74,2,7,2024-11-19,Sí
CLI-005449,CTR-005449,36,Madrid,80,45.56,Tienda,Premium,2107.22,2,,2020-01-28,No
CLI-004327,CTR-004327,40,Alicante,42,37.51,Web,Básico,,0,7,2023-03-11,No
CLI-007450,CTR-007450,51,Valencia,44,44.82,Web,Premium,1659.16,0,,2023-01-19,No
CLI-004136,CTR-004136,73,Málaga,58,32.63,Web,Estándar,2755.29,3,9,2021-11-22,No
CLI-008724,CTR-008724,29,Madrid,23,111.55,Tienda,Básico,1238.17,8,,2024-10-27,Sí
CLI-004865,CTR-004865,23,Valencia,27,48.33,Aplicación,Premium,1487.48,4,5,2024-06-15,Sí
CLI-000916,CTR-000916,44,Barcelona,67,88.56,Web,Estándar,1877.28,2,8,2021-02-26,No
CLI-005281,CTR-005281,31,Barcelona,22,40.59,Web,Premium,2061.5,3,,2024-11-06,No
CLI-008394,CTR-008394,56,Barcelona,70,67.16,Web,Básico,,1,8,2020-11-10,No
CLI-002525,CTR-002525,39,Zaragoza,42,37.42,Tienda,Premium,2723.29,3,9,2023-03-22,No
CLI-009546,CTR-009546,22,Zaragoza,21,13.25,Teléfono,Estándar,2796.27,2,,2024-12-20,Sí
CLI-007598,CTR-007598,53,Madrid,14,45.23,Aplicación,Estándar,2407.75,6,8,2025-07-01,Sí
CLI-009416,CTR-009416,40,Alicante,4,71.74,Web,Estándar,3179.52,8,7,2026-05-26,Sí
CLI-004765,CTR-004765,65,Madrid,3,21.65,Web,Premium,,8,6,2026-06-18,Sí
CLI-000607,CTR-000607,23,Madrid,32,64.53,Web,Estándar,2883.9,4,,2024-01-04,No
CLI-000397,CTR-000397,55,Málaga,94,56.73,Aplicación,Premium,2453.7,3,6,2018-11-08,No
CLI-002831,CTR-002831,39,Madrid,46,51.81,Aplicación,Estándar,1946.79,1,4,2022-11-02,No
CLI-005631,CTR-005631,42,Madrid,20,68.83,Web,Estándar,796,4,4,2025-01-15,Sí
CLI-001438,CTR-001438,51,Murcia,75,84.16,Tienda,Estándar,3800.37,0,9,2020-06-12,No
CLI-006475,CTR-006475,52,Alicante,26,79.11,web,Básico,3037.83,2,4,2024-07-07,No
CLI-005916,CTR-005916,40,Valencia,5,18.42,Tienda,Estándar,1973.01,5,7,2026-04-05,Sí
CLI-007025,CTR-007025,56,Zaragoza,45,69.12,Web,Empresa,3065.91,1,7,2022-12-22,No
CLI-000533,CTR-000533,52,Barcelona,81,58.88,Web,Estándar,3635.91,2,5,2019-12-01,No
CLI-000385,CTR-000385,48,Madrid,46,49.59,Aplicación,Estándar,2500.69,0,8,2022-11-13,No
CLI-001448,CTR-001448,68,Barcelona,17,61.41,Web,Estándar,,1,8,2025-04-06,No
CLI-003198,CTR-003198,47,Barcelona,35,67.62,Tienda,Premium,993.15,2,6,2023-10-27,Sí
CLI-004019,CTR-004019,39,Barcelona,71,59.8,Web,Básico,1742.49,4,,2020-10-09,No
CLI-007449,CTR-007449,57,Sevilla,44,67.09,Tienda,Básico,3185.61,2,,2023-01-04,Sí
CLI-000675,CTR-000675,30,Valencia,32,108.8,Web,Premium,4055.75,5,,2024-01-27,Sí
CLI-002502,CTR-002502,25,Valencia,24,74.15,Tienda,Estándar,2775.61,1,6,2024-09-17,No
CLI-005065,CTR-005065,50,Barcelona,32,87.11,Web,Estándar,1931.9,4,8,2024-01-11,No
CLI-004663,CTR-004663,56,Murcia,19,68.73,Teléfono,Básico,3588.45,4,8,2025-02-26,No
CLI-000654,CTR-000654,45,Valencia,19,53.53,Web,Estándar,1337.65,5,6,2025-02-17,Sí
CLI-005356,CTR-005356,31,Barcelona,24,53.83,Tienda,Estándar,,2,7,2024-09-19,Sí
CLI-002956,CTR-002956,44,Barcelona,11,55.99,Web,Premium,1815.12,2,7,2025-10-28,Sí
CLI-009764,CTR-009764,57,Málaga,27,58.38,Web,Estándar,2333.18,4,5,2024-06-17,Sí
CLI-001400,CTR-001400,42,Murcia,66,95.15,Teléfono,Básico,750,5,,2021-03-22,No
CLI-004656,CTR-004656,53,Murcia,40,50.91,Aplicación,Estándar,,4,9,2023-05-06,No
CLI-004223,CTR-004223,36,Barcelona,23,45.87,Web,Premium,1280.49,3,,2024-10-04,Sí
CLI-003984,CTR-003984,31,Alicante,62,66.1,Teléfono,Estándar,2364.93,0,7,2021-07-26,No
CLI-007585,CTR-007585,28,Barcelona,6,86.6,Web,Estándar,,6,6,2026-03-23,Sí
CLI-006724,CTR-006724,45,Barcelona,32,47.89,Teléfono,Básico,,6,6,2024-01-10,Sí
CLI-000357,CTR-000357,36,Málaga,7,36.09,Tienda,Básico,3368.75,1,,2026-02-26,No
CLI-003226,CTR-003226,46,Valencia,58,39.79,Web,Premium,,0,,2021-11-18,No
CLI-007709,CTR-007709,52,Valencia,2,76.93,Tienda,Estándar,1432.35,4,,2026-07-08,Sí
CLI-003704,CTR-003704,26,Barcelona,27,80.64,Web,Básico,2182.31,3,,2024-06-20,Sí
CLI-009392,CTR-009392,40,Zaragoza,67,65.84,Tienda,Premium,851.6,1,8,2021-02-27,No
CLI-004195,CTR-004195,45,Madrid,13,63.84,WEB,Básico,3751.16,3,6,2025-08-21,Sí
CLI-004901,CTR-004901,34,Barcelona,74,75.23,Web,Empresa,,2,9,2020-07-10,No
CLI-003554,CTR-003554,28,Valencia,11,44.83,Web,Estándar,2857.75,3,4,2025-10-23,Sí
CLI-003912,CTR-003912,54,Valencia,93,54.75,Aplicación,Premium,3086.33,4,5,2018-12-21,No
CLI-008915,CTR-008915,44,Madrid,58,52.78,Aplicación,Básico,2428.08,0,,2021-11-14,No
CLI-001959,CTR-001959,46,Madrid,48,78.12,Tienda,Estándar,,6,,2022-09-24,Sí
CLI-002061,CTR-002061,28,Málaga,33,62.61,,Estándar,2070.09,4,4,2023-12-20,Sí
CLI-009367,CTR-009367,40,Barcelona,66,48.69,Web,Estándar,1630.62,0,7,2021-03-16,No
CLI-004908,CTR-004908,51,Valencia,32,76,Web,Estándar,2309.38,4,4,2024-01-24,Sí
CLI-001374,CTR-001374,45,Zaragoza,42,57.13,Aplicación,Estándar,2355.32,3,7,2023-03-28,No
CLI-000891,CTR-000891,61,Murcia,31,47.21,Web,Estándar,2084.36,3,,2024-02-08,Sí
CLI-003913,CTR-003913,48,Barcelona,74,61.99,Web,Básico,3304.95,4,7,2020-07-17,No
CLI-007057,CTR-007057,52,Barcelona,86,54.82,Web,Básico,2388.95,6,5,2019-07-21,No
CLI-003398,CTR-003398,40,Zaragoza,85,39.36,Aplicación,Estándar,1925.99,0,7,2019-08-02,No
CLI-006550,CTR-006550,47,Barcelona,66,46.32,Tienda,Estándar,,1,10,2021-03-19,No
CLI-000659,CTR-000659,39,Barcelona,23,38.02,Web,Empresa,1347.15,2,4,2024-10-17,Sí
CLI-008364,CTR-008364,44,Valencia,30,52.03,Web,Premium,,3,9,2024-03-05,No
CLI-009465,CTR-009465,18,Barcelona,15,75.81,Teléfono,Básico,2213.1,4,6,2025-06-03,Sí
CLI-004829,CTR-004829,61,Sevilla,50,31.63,Web,Básico,1833.38,5,7,2022-07-15,No
CLI-009242,CTR-009242,52,Barcelona,77,59.88,Web,Estándar,,0,,2020-04-12,No
CLI-003066,CTR-003066,40,Barcelona,10,74.82,Web,Premium,750,4,3,2025-11-04,Sí
CLI-009767,CTR-009767,48,Madrid,21,62.87,Web,Estándar,3726.54,2,,2024-12-15,Sí
CLI-008310,CTR-008310,23,Zaragoza,87,65.04,Aplicación,Premium,,0,6,2019-06-01,No
CLI-005755,CTR-005755,62,Zaragoza,62,73.58,Teléfono,Estándar,2991.21,0,7,2021-07-09,No
CLI-005883,CTR-005883,38,Barcelona,46,76.79,Web,Básico,2308.07,6,7,2022-11-14,Sí
CLI-000696,CTR-000696,30,Murcia,76,71,Teléfono,Estándar,,2,,2020-05-25,No
CLI-004578,CTR-004578,58,Madrid,37,57.07,Tienda,Básico,3098.21,2,8,2023-08-06,No
CLI-008548,CTR-008548,30,Madrid,5,84.54,Web,Empresa,2189.74,2,7,2026-04-23,Sí
CLI-000932,CTR-000932,38,Murcia,18,44.5,web,Premium,1680.04,0,8,2025-03-24,No
CLI-002667,CTR-002667,50,Madrid,36,91.99,Web,Básico,,2,,2023-09-28,Sí
CLI-003442,CTR-003442,29,Barcelona,62,83.31,Tienda,Estándar,3424.05,2,8,2021-07-20,No
CLI-001012,CTR-001012,46,Barcelona,13,35.55,Aplicación,Estándar,2159.56,3,6,2025-08-28,No
CLI-007917,CTR-007917,44,Zaragoza,47,65.24,Web,Estándar,2320.8,5,5,2022-10-12,No
CLI-000869,CTR-000869,35,Murcia,17,93.09,Web,Premium,2614.72,3,,2025-04-21,Sí
CLI-007976,CTR-007976,41,Madrid,15,73.03,Tienda,Empresa,2246.68,4,,2025-06-26,Sí
CLI-008076,CTR-008076,35,Barcelona,17,38.76,Tienda,Básico,1589.81,2,9,2025-04-07,No
CLI-004207,CTR-004207,48,Valencia,22,47.35,Aplicación,Premium,1650.85,7,,2024-11-20,Sí
CLI-007218,CTR-007218,50,Murcia,75,75.67,Web,Estándar,2112.83,0,7,2020-06-04,No
CLI-001410,CTR-001410,35,Valencia,25,53.46,Web,Básico,,2,,2024-08-05,No
CLI-001268,CTR-001268,36,Sevilla,41,53.09,Tienda,Básico,4324.61,1,7,2023-04-17,No
CLI-009782,CTR-009782,46,Alicante,54,52.11,web,Premium,1114.3,3,,2022-03-07,No
CLI-008282,CTR-008282,33,Madrid,10,43.98,Web,Estándar,2300.65,6,5,2025-11-14,Sí
CLI-009639,CTR-009639,35,Málaga,12,79.84,Aplicación,Básico,1321.74,7,6,2025-09-03,Sí
CLI-004358,CTR-004358,38,Alicante,20,87.08,WEB,Estándar,,1,7,2025-01-06,Sí
CLI-007715,CTR-007715,35,Sevilla,64,85.68,Aplicación,Premium,2109.34,6,,2021-05-28,No
CLI-009109,CTR-009109,64,Valencia,62,70.86,Web,Empresa,3088.18,2,7,2021-07-14,No
CLI-009469,CTR-009469,45,Barcelona,28,30.18,Web,Empresa,2231.83,1,7,2024-05-28,No
CLI-007684,CTR-007684,48,Sevilla,38,18.92,Tienda,Premium,3408.64,0,9,2023-07-10,No
CLI-000015,CTR-009865,36,Zaragoza,63,93.06,Web,Estándar,,0,8,2021-06-23,No
CLI-008747,CTR-008747,26,Málaga,27,42.78,Web,Empresa,2788.97,0,,2024-06-06,No
CLI-009022,CTR-009022,40,Murcia,6,35.96,Web,Premium,3917.75,4,9,2026-03-08,No
CLI-004487,CTR-004487,37,Madrid,4,55.17,Tienda,Estándar,2397.69,2,5,2026-05-06,Sí
CLI-006240,CTR-006240,34,Madrid,42,49.67,Teléfono,Básico,2654.13,3,7,2023-03-15,Sí
CLI-004177,CTR-004177,44,Barcelona,77,80.8,Web,Estándar,,2,9,2020-04-24,No
CLI-008764,CTR-008764,38,Valencia,73,51.41,Tienda,Premium,4063.93,0,,2020-08-11,No
CLI-005296,CTR-005296,44,Barcelona,38,68.52,Tienda,Premium,3164.43,3,7,2023-07-18,No
CLI-001500,CTR-001500,22,Zaragoza,30,73.62,Web,Estándar,3118.23,1,7,2024-03-15,No
CLI-009451,CTR-009451,49,Barcelona,86,-28.46,Web,Básico,2988.64,2,6,2019-07-19,No
CLI-003947,CTR-003947,59,Murcia,67,64.53,Teléfono,Estándar,1997.35,2,,2021-02-21,No
CLI-000476,CTR-000476,43,Barcelona,82,76.77,Tienda,Premium,1903.02,2,10,2019-11-12,No
CLI-000064,CTR-009914,52,Alicante,23,15.92,Tienda,Básico,2050.29,2,6,2024-10-09,No
CLI-000304,CTR-000304,46,Zaragoza,63,9.9,Web,Premium,,3,7,2021-06-12,No
CLI-004626,CTR-004626,53,Madrid,93,36.96,Teléfono,Empresa,2340.47,2,8,2018-12-14,No
CLI-003129,CTR-003129,29,Valencia,88,54.26,Tienda,Estándar,,1,5,2019-05-24,No
CLI-006386,CTR-006386,36,Madrid,13,135.55,Web,Estándar,,4,6,2025-08-26,Sí
CLI-009404,CTR-009404,31,Valencia,66,58.14,WEB,Premium,969.16,0,8,2021-03-27,No
CLI-009742,CTR-009742,23,Barcelona,81,84.14,Tienda,Premium,1661.58,3,10,2019-12-13,No
CLI-001200,CTR-001200,40,Murcia,21,32.6,Teléfono,Estándar,,2,,2024-12-02,Sí
CLI-002297,CTR-002297,51,Málaga,34,21.45,Teléfono,Estándar,1701.94,4,,2023-11-08,No
CLI-003374,CTR-003374,48,Barcelona,23,63.13,Tienda,Básico,1190.52,5,7,2024-10-05,Sí
CLI-006571,CTR-006571,44,Madrid,86,49.18,Tienda,Estándar,2263.73,4,,2019-07-02,No
CLI-006097,CTR-006097,52,Murcia,12,42.95,Aplicación,Básico,,3,,2025-09-25,No
CLI-002602,CTR-002602,50,Sevilla,17,60.3,Tienda,Estándar,2919.54,4,10,2025-04-04,No
CLI-009787,CTR-009787,20,Barcelona,18,57.82,web,Estándar,2664.78,0,7,2025-03-20,No
CLI-009041,CTR-009041,54,Murcia,80,67.18,Tienda,Estándar,3024.66,0,9,2020-01-15,No
CLI-004874,CTR-004874,53,Valencia,28,85.72,Teléfono,Estándar,1805.63,5,5,2024-05-16,Sí
CLI-004486,CTR-004486,58,Sevilla,62,94.5,Web,Premium,1463.72,0,8,2021-07-01,No
CLI-005708,CTR-005708,56,Madrid,64,53.63,Teléfono,Premium,3944.63,4,,2021-05-18,No
CLI-008712,CTR-008712,55,Sevilla,74,96.15,Teléfono,Estándar,3110.17,2,,2020-07-17,No
CLI-003004,CTR-003004,30,Valencia,43,54.05,Web,Básico,,3,6,2023-02-08,Sí
CLI-002450,CTR-002450,43,Valencia,78,49.17,Teléfono,Estándar,3164.09,0,7,2020-03-17,No
CLI-000335,CTR-000335,34,Málaga,16,73.53,web,Básico,,5,5,2025-05-19,Sí
CLI-007210,CTR-007210,51,Málaga,46,62.82,Teléfono,Estándar,3626.02,6,6,2022-11-10,Sí
CLI-004181,CTR-004181,28,Alicante,2,35.34,Tienda,Empresa,,4,7,2026-07-15,Sí
CLI-008944,CTR-008944,45,Madrid,91,22.69,Aplicación,Básico,2842.33,3,,2019-02-06,No
CLI-002328,CTR-002328,50,Sevilla,45,73.77,Web,Premium,2049.47,3,,2022-12-15,Sí
CLI-000755,CTR-000755,48,Valencia,62,93.55,Web,Estándar,2017.76,1,6,2021-07-10,No
CLI-005618,CTR-005618,36,Murcia,24,32.59,Aplicación,Premium,750,4,,2024-09-14,Sí
CLI-009096,CTR-009096,60,Barcelona,72,77.07,Teléfono,Estándar,3823.09,6,,2020-09-23,No
CLI-000200,CTR-000200,53,Málaga,41,84.64,Aplicación,Empresa,2925.88,4,7,2023-04-05,No
CLI-000098,CTR-000098,38,Barcelona,89,73.59,Web,Premium,3900.99,2,,2019-04-12,No
CLI-008059,CTR-008059,61,Sevilla,60,65.66,Tienda,Empresa,750,0,6,2021-09-09,No
CLI-002726,CTR-002726,50,Barcelona,39,59.16,Web,Premium,1428.27,4,,2023-06-09,No
CLI-009053,CTR-009053,35,Málaga,26,79.01,Teléfono,Estándar,1459.13,5,3,2024-07-24,Sí
CLI-007082,CTR-007082,46,Málaga,81,67.93,Teléfono,Básico,2569.65,4,,2019-12-16,No
CLI-008542,CTR-008542,30,Barcelona,19,36,Aplicación,Estándar,2516.09,2,8,2025-02-05,No
CLI-000591,CTR-000591,43,Málaga,36,75.56,Aplicación,Básico,4536.94,1,8,2023-09-02,No
CLI-007258,CTR-007258,43,Barcelona,35,68.03,Web,Estándar,1814.05,4,,2023-10-25,Sí
CLI-002460,CTR-002460,58,Alicante,94,52.34,Web,Premium,3444.76,2,,2018-11-21,No
CLI-001420,CTR-001420,53,Málaga,1,91.15,Tienda,Estándar,3475.19,4,5,2026-08-12,Sí
CLI-006634,CTR-006634,44,Madrid,23,72.29,Web,Estándar,1752.07,4,6,2024-10-19,Sí
CLI-001812,CTR-001812,46,Alicante,8,65.41,Tienda,Básico,3466.05,2,,2026-01-28,No
CLI-008716,CTR-008716,39,Madrid,5,68.53,Aplicación,Empresa,2469.88,3,6,2026-04-14,Sí
CLI-001050,CTR-001050,33,Murcia,60,59.44,Web,Estándar,2098.81,0,,2021-09-19,No
CLI-003160,CTR-003160,52,Zaragoza,56,19.93,Web,Estándar,2905.49,4,8,2022-01-27,No
CLI-000211,CTR-000211,46,Valencia,41,45.69,Web,Premium,1929.51,5,,2023-04-24,Sí
CLI-005557,CTR-005557,50,Barcelona,9,57.55,Tienda,Básico,3562.72,3,7,2025-12-06,Sí
CLI-006319,CTR-006319,42,Madrid,82,79.02,Web,Estándar,1024.51,2,,2019-11-18,No
CLI-007287,CTR-007287,37,Madrid,66,99.78,Teléfono,Estándar,3251.44,0,9,2021-03-25,No
CLI-008279,CTR-008279,35,Madrid,34,69.15,Aplicación,Estándar,2733.4,6,6,2023-11-13,Sí
CLI-002486,CTR-002486,29,Valencia,31,48.74,Aplicación,Básico,3119.54,4,,2024-02-04,Sí
CLI-002904,CTR-002904,38,Madrid,33,83.67,Teléfono,Estándar,3160.87,3,8,2023-12-14,No
CLI-009283,CTR-009283,60,Málaga,39,127.89,Web,Estándar,4998.06,5,5,2023-06-09,Sí
CLI-000910,CTR-000910,50,Madrid,44,62.61,Web,Estándar,3030.45,2,6,2023-01-28,Sí
CLI-009533,CTR-009533,36,Madrid,9,33.28,Teléfono,Básico,2667.49,4,4,2025-12-18,Sí
CLI-002631,CTR-002631,50,Madrid,76,55.85,Teléfono,Estándar,2069.38,0,,2020-05-26,No
CLI-009287,CTR-009287,59,Zaragoza,92,9.9,,Premium,1316.43,3,6,2019-01-08,No
CLI-004890,CTR-004890,44,Málaga,92,38.37,Web,Estándar,2007.49,3,6,2019-01-26,No
CLI-002252,CTR-002252,39,Málaga,20,82.46,Tienda,Básico,1132.33,5,3,2025-01-08,Sí
CLI-005917,CTR-005917,73,Barcelona,22,88.44,Teléfono,Estándar,2946.93,4,7,2024-11-20,No
CLI-003586,CTR-003586,30,Murcia,14,49.96,Web,Estándar,2455.98,4,7,2025-07-24,Sí
CLI-009408,CTR-009408,72,Sevilla,51,75.54,Tienda,Premium,,5,8,2022-06-02,No
CLI-006909,CTR-006909,37,Madrid,12,80.08,Web,Básico,2684.17,4,4,2025-09-09,Sí
CLI-006684,CTR-006684,48,Sevilla,87,73.23,Web,Premium,2324.32,1,7,2019-06-20,No
CLI-006434,CTR-006434,33,Madrid,8,55.02,Tienda,Premium,2764.56,3,6,2026-01-23,No
CLI-005125,CTR-005125,24,Madrid,95,51.87,web,Premium,2471.02,0,9,2018-10-06,No
CLI-007555,CTR-007555,61,Barcelona,41,68.51,Web,Básico,3129.52,2,,2023-04-21,No
CLI-005470,CTR-005470,52,Málaga,48,56.86,Aplicación,Estándar,2380.1,0,7,2022-09-27,No
CLI-008448,CTR-008448,38,Madrid,42,86.65,Aplicación,Estándar,,3,7,2023-03-16,Sí
CLI-007902,CTR-007902,18,Sevilla,58,76.85,Tienda,Premium,,3,5,2021-11-02,No
CLI-006517,CTR-006517,61,Barcelona,30,51.48,Tienda,Básico,839.93,1,,2024-03-21,No
CLI-000881,CTR-000881,18,Valencia,9,83.22,Aplicación,Premium,2731.46,0,3,2025-12-21,Sí
CLI-005205,CTR-005205,44,Zaragoza,35,97.16,Web,Premium,3236.74,5,8,2023-10-21,Sí
CLI-004723,CTR-004723,66,Zaragoza,45,87.96,Tienda,Básico,1207.41,1,9,2022-12-15,No
CLI-001288,CTR-001288,31,Sevilla,6,42.2,Web,Estándar,2409.19,5,4,2026-03-02,Sí
CLI-004964,CTR-004964,49,Madrid,30,62.27,Web,Estándar,,5,5,2024-03-24,Sí
CLI-001761,CTR-001761,34,Valencia,40,109.68,Tienda,Básico,2376.61,7,6,2023-05-13,Sí
CLI-009390,CTR-009390,36,Valencia,77,36.35,Aplicación,Básico,2108.61,0,,2020-04-13,No
CLI-000934,CTR-000934,56,Alicante,87,29.13,Tienda,Premium,5043.84,5,8,2019-06-11,No
CLI-004263,CTR-004263,55,Madrid,52,83.05,Tienda,Básico,,3,6,2022-05-27,No
CLI-002977,CTR-002977,22,Madrid,42,73.06,Tienda,Básico,,4,4,2023-03-04,Sí
CLI-004416,CTR-004416,35,Valencia,8,93.13,Tienda,Estándar,,3,,2026-01-17,Sí
CLI-000282,CTR-000282,52,Barcelona,51,65.24,Tienda,Estándar,,0,8,2022-06-02,No
CLI-008270,CTR-008270,40,Alicante,21,65.83,Aplicación,Estándar,2052.65,3,,2024-12-20,No
CLI-007796,CTR-007796,41,Madrid,8,116.06,Web,Básico,1145.94,6,4,2026-01-11,Sí
CLI-000232,CTR-000232,50,Murcia,17,54.89,Teléfono,Empresa,790.29,8,,2025-04-13,Sí
CLI-002023,CTR-002023,39,Valencia,35,58.4,Teléfono,Estándar,,3,,2023-10-02,No
CLI-000291,CTR-000291,47,Barcelona,66,21.65,Web,Estándar,,3,9,2021-03-17,No
CLI-006083,CTR-006083,50,Madrid,10,76.84,Tienda,Estándar,,2,5,2025-11-21,No
CLI-006667,CTR-006667,32,Barcelona,21,34.12,Tienda,Estándar,2770.21,3,7,2024-12-22,No
CLI-000080,CTR-009930,46,Madrid,2,58.58,WEB,Estándar,,1,6,2026-07-26,Sí
CLI-001729,CTR-001729,30,Valencia,20,67.22,Web,Estándar,3132.37,5,4,2025-01-11,Sí
CLI-009273,CTR-009273,33,Murcia,7,69.21,Web,Empresa,2362.13,3,4,2026-02-09,Sí
CLI-005461,CTR-005461,41,Valencia,12,44.52,Tienda,Estándar,750,4,8,2025-09-15,Sí
CLI-001863,CTR-001863,42,Madrid,21,80.8,Aplicación,Premium,1498.37,2,10,2024-12-01,No
CLI-001198,CTR-001198,28,Sevilla,1,83.86,web,Básico,1918.57,1,5,2026-08-14,Sí
CLI-009419,CTR-009419,18,Murcia,17,26.29,Teléfono,Básico,2379.19,0,5,2025-04-04,Sí
CLI-002566,CTR-002566,18,Málaga,32,70.47,Web,Estándar,,8,,2024-01-11,Sí
CLI-007246,CTR-007246,35,Valencia,34,61.81,Web,Básico,3762.73,0,,2023-11-15,No
CLI-008065,CTR-008065,34,Madrid,46,56.01,Tienda,Estándar,,3,8,2022-11-23,No
CLI-007672,CTR-007672,61,Barcelona,46,78.44,Web,Premium,3986.48,2,2,2022-11-16,Sí
CLI-004779,CTR-004779,35,Barcelona,38,80.39,Tienda,Básico,,6,5,2023-07-10,Sí
CLI-006509,CTR-006509,35,Alicante,5,87.01,WEB,Estándar,3075.32,4,5,2026-04-13,Sí
CLI-004061,CTR-004061,25,Alicante,48,71,Aplicación,Básico,2512.63,4,,2022-09-13,Sí
CLI-002389,CTR-002389,39,Valencia,17,99.67,Tienda,Estándar,2287.69,5,,2025-04-19,Sí
CLI-001580,CTR-001580,49,Barcelona,35,75.27,,Básico,1399.38,5,6,2023-10-13,Sí
CLI-007727,CTR-007727,29,Barcelona,70,36.49,Teléfono,Básico,3661.25,2,,2020-11-23,No
CLI-008723,CTR-008723,40,Valencia,56,60.31,Web,Básico,1451.94,0,,2022-01-27,No
CLI-003259,CTR-003259,55,Madrid,56,42.31,Web,Premium,3407.6,1,10,2022-01-24,No
CLI-002245,CTR-002245,40,Málaga,17,110.29,Teléfono,Premium,2659.68,5,,2025-04-23,Sí
CLI-005448,CTR-005448,18,Valencia,46,47.67,Web,Básico,2272.3,7,6,2022-11-26,Sí
CLI-002237,CTR-002237,39,Barcelona,94,67.37,Aplicación,Estándar,2081.8,3,7,2018-11-16,No
CLI-008302,CTR-008302,42,Madrid,30,75.25,Tienda,Estándar,1142.52,3,,2024-03-25,Sí
CLI-004604,CTR-004604,31,Zaragoza,47,59.33,Tienda,Premium,,3,5,2022-10-26,Sí
CLI-001464,CTR-001464,46,Madrid,39,51.92,Web,Empresa,3577.62,5,,2023-06-23,Sí
CLI-003600,CTR-003600,54,Murcia,84,53.33,Web,Premium,,3,9,2019-09-27,No
CLI-004772,CTR-004772,18,Valencia,52,42.35,WEB,Estándar,1871.69,0,8,2022-05-06,No
CLI-000945,CTR-000945,50,Madrid,8,55.96,Web,Básico,3151.89,4,,2026-01-10,No
CLI-004857,CTR-004857,51,Valencia,31,39.15,Aplicación,Estándar,2559.24,3,,2024-02-21,Sí
CLI-002329,CTR-002329,67,Sevilla,39,73.1,Teléfono,Básico,2034.07,4,4,2023-06-22,Sí
CLI-006603,CTR-006603,47,Murcia,66,50.64,Web,Básico,3964.11,1,8,2021-03-20,No
CLI-009728,CTR-009728,61,Barcelona,50,75.02,Web,Básico,2769.21,2,5,2022-07-27,No
CLI-001617,CTR-001617,67,Madrid,81,86.22,Web,Premium,2336.33,1,7,2019-12-13,No
CLI-008950,CTR-008950,54,Barcelona,80,43.98,Web,Premium,2805.75,2,8,2020-01-19,No
CLI-001784,CTR-001784,35,Murcia,11,48.43,Web,Básico,1534.71,2,7,2025-10-14,No
CLI-007108,CTR-007108,31,Alicante,54,370.19,WEB,Empresa,5898.96,2,,2022-03-01,No
CLI-007066,CTR-007066,38,Barcelona,43,68.25,Web,Básico,3412.88,1,,2023-02-28,Sí
CLI-007811,CTR-007811,57,Madrid,75,87.76,Aplicación,Estándar,2760.86,0,10,2020-06-17,No
CLI-006726,CTR-006726,43,Valencia,15,320.56,Aplicación,Estándar,3750.99,5,,2025-06-01,Sí
CLI-004325,CTR-004325,28,Barcelona,40,69.46,Web,Básico,1394.48,4,5,2023-05-19,Sí
CLI-001466,CTR-001466,55,Madrid,75,70.68,Teléfono,Premium,3523.13,3,8,2020-06-15,No
CLI-004912,CTR-004912,54,Madrid,20,79.7,Web,Básico,3501.98,3,,2025-01-03,Sí
CLI-003993,CTR-003993,59,Madrid,42,53.66,WEB,Estándar,,1,7,2023-03-15,No
CLI-001510,CTR-001510,47,Barcelona,22,30.77,Teléfono,Estándar,1863.6,3,9,2024-11-27,No
CLI-007157,CTR-007157,48,Málaga,47,62.66,Aplicación,Premium,2954.64,0,,2022-10-12,No
CLI-000111,CTR-000111,36,Madrid,55,54.64,Web,Premium,2665.37,2,7,2022-02-13,No
CLI-001757,CTR-001757,24,Valencia,23,62.51,Web,Premium,,2,5,2024-10-02,No
CLI-006306,CTR-006306,39,Sevilla,11,78.2,Web,Premium,2499.34,2,,2025-10-22,No
CLI-005170,CTR-005170,47,Zaragoza,21,23.87,Tienda,Premium,2369.52,0,8,2024-12-14,No
CLI-004482,CTR-004482,42,Alicante,80,63.27,Web,Premium,2322.76,1,7,2020-01-24,No
CLI-000952,CTR-000952,41,Murcia,1,109.32,Web,Premium,3069.1,8,7,2026-08-27,Sí
CLI-006715,CTR-006715,30,Murcia,16,56.71,Aplicación,Empresa,1310.04,2,,2025-05-07,No
CLI-007300,CTR-007300,51,Barcelona,1,44.49,Teléfono,Estándar,2900.3,6,8,2026-08-21,Sí
CLI-008499,CTR-008499,28,Zaragoza,19,98.51,Teléfono,Básico,2457.09,4,7,2025-02-04,Sí
CLI-003025,CTR-003025,54,Zaragoza,66,75.07,Web,Básico,3301.42,5,5,2021-03-23,No
CLI-002220,CTR-002220,36,Alicante,29,54.52,Aplicación,Estándar,1368.9,6,4,2024-04-24,Sí
CLI-009663,CTR-009663,52,Barcelona,28,27.7,Web,Premium,3424.4,3,,2024-05-01,No
CLI-007380,CTR-007380,41,Barcelona,6,93.16,Web,Básico,2048.53,3,,2026-03-21,No
CLI-006811,CTR-006811,40,Valencia,92,44.6,Web,Premium,3322.57,0,,2019-01-27,No
CLI-004589,CTR-004589,32,Madrid,18,48.72,Web,Premium,1638.73,8,4,2025-03-10,Sí
CLI-002516,CTR-002516,51,Valencia,1,52.76,Web,Estándar,2021.95,2,,2026-08-01,Sí
CLI-005290,CTR-005290,60,Valencia,45,91.56,Web,Premium,3041.93,5,8,2022-12-19,Sí
CLI-001216,CTR-001216,41,Murcia,61,45.65,Tienda,Premium,3105.99,1,,2021-08-10,No
CLI-007782,CTR-007782,56,Sevilla,78,55.17,Teléfono,Básico,1802.75,2,8,2020-03-12,No
CLI-002065,CTR-002065,36,Zaragoza,37,71.76,Web,Empresa,2547.37,7,5,2023-08-17,Sí
CLI-007745,CTR-007745,41,Madrid,21,52.11,Web,Premium,3494.7,1,,2024-12-12,No
CLI-002412,CTR-002412,55,Madrid,49,85.24,Aplicación,Empresa,3726.18,1,8,2022-08-20,No
CLI-003360,CTR-003360,41,Murcia,45,56.71,Aplicación,Empresa,,2,,2022-12-20,No
CLI-004632,CTR-004632,18,Madrid,63,9.9,Web,Premium,3416.37,1,9,2021-06-09,No
CLI-003040,CTR-003040,53,Madrid,38,74.09,Teléfono,Básico,2159.2,2,6,2023-07-27,Sí
CLI-001700,CTR-001700,46,Zaragoza,25,13.73,Aplicación,Premium,1693.03,4,,2024-08-11,Sí
CLI-000039,CTR-009889,37,Barcelona,38,67.25,Web,Básico,3705.18,1,6,2023-07-06,No
CLI-009734,CTR-009734,46,Madrid,40,79.11,Teléfono,Estándar,3085.04,6,4,2023-05-11,Sí
CLI-009532,CTR-009532,45,Barcelona,94,61.57,Web,Estándar,2163.29,2,,2018-11-23,No
CLI-004743,CTR-004743,41,Zaragoza,96,41.94,Teléfono,Básico,1747.64,1,9,2018-09-21,No
CLI-004838,CTR-004838,51,Barcelona,26,79.68,Web,Básico,1978.26,3,,2024-07-17,Sí
CLI-000194,CTR-000194,45,Murcia,35,111.92,Web,Estándar,1429.93,5,,2023-10-13,Sí
CLI-009716,CTR-009716,26,Zaragoza,31,67.18,Tienda,Básico,2001.44,3,4,2024-02-28,Sí
CLI-001405,CTR-001405,55,Málaga,96,49.72,Web,Básico,1899.89,0,,2018-09-13,No
CLI-003268,CTR-003268,34,Sevilla,25,85.4,Web,Básico,2581.63,5,6,2024-08-26,No
CLI-002483,CTR-002483,42,Madrid,24,48.3,Tienda,Empresa,4665.04,2,,2024-09-01,No
CLI-006573,CTR-006573,65,Málaga,27,74.34,Web,Estándar,3325.92,3,8,2024-06-17,No
CLI-009244,CTR-009244,48,Madrid,58,96.92,Web,Empresa,,2,,2021-11-02,No
CLI-004104,CTR-004104,56,Zaragoza,19,74.1,Web,Estándar,1945.17,2,,2025-02-22,Sí
CLI-003946,CTR-003946,71,Madrid,79,60.74,Web,Básico,1985.24,4,,2020-02-10,No
CLI-009225,CTR-009225,26,Murcia,15,80.01,Tienda,Empresa,,5,7,2025-06-11,Sí
CLI-003942,CTR-003942,40,Madrid,9,76.35,Tienda,Estándar,1783.97,4,5,2025-12-06,Sí
CLI-002275,CTR-002275,36,Zaragoza,19,79.51,Tienda,Premium,847.89,3,3,2025-02-06,Sí
CLI-006134,CTR-006134,48,Murcia,53,55.92,Tienda,Estándar,,2,7,2022-04-07,No
CLI-004287,CTR-004287,27,Sevilla,90,49.18,Tienda,Premium,2612.79,4,6,2019-03-07,No
CLI-003790,CTR-003790,39,Alicante,32,86.1,Tienda,Premium,3001.19,7,5,2024-01-06,Sí
CLI-009843,CTR-009843,31,Valencia,80,29.5,web,Básico,4061.93,3,,2020-01-25,No
CLI-008655,CTR-008655,38,Valencia,21,78.82,Teléfono,Empresa,2190.95,4,,2024-12-14,Sí
CLI-006946,CTR-006946,28,Barcelona,23,80.76,Aplicación,Estándar,2832.59,2,5,2024-10-05,No
CLI-001469,CTR-001469,60,Barcelona,44,41.32,Aplicación,Estándar,,5,7,2023-01-17,No
CLI-000168,CTR-000168,41,Murcia,95,88.09,Teléfono,Estándar,1977.64,0,5,2018-10-02,No
CLI-008208,CTR-008208,44,Sevilla,20,13.52,Tienda,Estándar,3372.78,4,,2025-01-02,No
CLI-002865,CTR-002865,44,Madrid,53,65.82,Teléfono,Premium,2769.44,0,5,2022-04-10,No
CLI-008243,CTR-008243,60,Madrid,63,53.91,Aplicación,Empresa,1367.5,1,6,2021-06-28,No
CLI-002906,CTR-002906,42,Zaragoza,82,57.67,Web,Básico,1656.25,2,7,2019-11-02,No
CLI-001248,CTR-001248,51,Murcia,92,70.39,Web,Premium,,1,6,2019-01-12,No
CLI-002828,CTR-002828,74,Sevilla,35,38.69,Tienda,Empresa,2589.12,2,,2023-10-24,No
CLI-004214,CTR-004214,48,Valencia,23,58.52,Web,Premium,3091.13,3,7,2024-10-23,No
CLI-007224,CTR-007224,78,Málaga,20,55.51,Web,Premium,3872.38,2,,2025-01-05,No
CLI-000131,CTR-000131,45,Madrid,30,72.1,Web,Premium,1461.03,7,7,2024-03-14,Sí
CLI-004667,CTR-004667,41,Valencia,83,51.02,Web,Básico,3012.48,4,8,2019-10-07,No
CLI-007125,CTR-007125,53,Valencia,83,42.84,WEB,Estándar,3108.46,1,8,2019-10-13,No
CLI-006176,CTR-006176,52,Barcelona,15,40.98,Web,Básico,,3,4,2025-06-26,Sí
CLI-002677,CTR-002677,27,Valencia,20,65.74,Aplicación,Básico,,3,,2025-01-24,Sí
CLI-004401,CTR-004401,29,Madrid,64,49.74,Web,Estándar,1642.45,0,9,2021-05-09,No
CLI-002882,CTR-002882,23,Valencia,61,65.87,Tienda,Premium,2416.54,2,9,2021-08-19,No
CLI-000782,CTR-000782,34,Málaga,38,66.06,Aplicación,Básico,1815.84,3,5,2023-07-03,Sí
CLI-005714,CTR-005714,41,Barcelona,40,36.93,Web,Estándar,2672.98,6,,2023-05-26,Sí
CLI-003949,CTR-003949,43,Barcelona,85,72.9,Aplicación,Básico,2278.41,2,9,2019-08-12,No
CLI-007483,CTR-007483,54,Valencia,50,32.44,Teléfono,Premium,,4,8,2022-07-01,No
CLI-008831,CTR-008831,39,Barcelona,1,83.73,Teléfono,Estándar,2257.34,7,4,2026-08-21,Sí
CLI-006316,CTR-006316,43,Barcelona,78,58.24,Tienda,Premium,1358.75,2,,2020-03-26,No
CLI-008095,CTR-008095,41,Barcelona,42,50.11,WEB,Básico,2931.4,4,,2023-03-07,No
CLI-005836,CTR-005836,38,Barcelona,36,68.41,Aplicación,Estándar,,3,,2023-09-19,No
CLI-009847,CTR-009847,18,Zaragoza,28,43.33,Tienda,Premium,,0,,2024-05-09,No
CLI-007088,CTR-007088,56,Valencia,91,79.09,Aplicación,Premium,,3,8,2019-02-16,No
CLI-009575,CTR-009575,34,Madrid,48,96.82,Aplicación,Básico,750,0,6,2022-09-01,No
CLI-000458,CTR-000458,35,Barcelona,41,68.27,Web,Premium,2126.73,3,,2023-04-02,No
CLI-000770,CTR-000770,31,Madrid,25,63.61,Web,Estándar,,4,6,2024-08-13,Sí
CLI-008517,CTR-008517,24,Málaga,37,65.32,Teléfono,Estándar,,4,3,2023-08-08,Sí
CLI-003328,CTR-003328,48,Valencia,49,67.71,Teléfono,Empresa,,0,7,2022-08-14,No
CLI-002256,CTR-002256,61,Alicante,75,81.34,Web,Estándar,2074.98,2,4,2020-06-10,No
CLI-002454,CTR-002454,53,Barcelona,78,31.04,web,Básico,,0,9,2020-03-19,No
CLI-008280,CTR-008280,48,Barcelona,91,60.51,Web,Estándar,4414.46,3,5,2019-02-17,No
CLI-000037,CTR-009887,51,Zaragoza,17,102.24,Web,Estándar,2604.57,5,6,2025-04-23,Sí
CLI-004910,CTR-004910,26,Valencia,80,40.81,web,Estándar,2756.75,0,,2020-01-09,No
CLI-002357,CTR-002357,35,Barcelona,31,46.48,Tienda,Premium,2695.53,6,5,2024-02-08,Sí
CLI-004652,CTR-004652,38,Madrid,94,38.15,web,Premium,2036.41,3,9,2018-11-25,No
CLI-009654,CTR-009654,56,Madrid,26,47.72,Teléfono,Estándar,2901.42,3,8,2024-07-18,No
CLI-000265,CTR-000265,55,Madrid,60,60.79,Web,Estándar,3751.87,0,,2021-09-10,No
CLI-001953,CTR-001953,50,Madrid,92,74.01,Tienda,Estándar,2511.34,3,8,2019-01-19,No
CLI-001733,CTR-001733,33,Zaragoza,65,76.11,Teléfono,Estándar,3731.95,4,7,2021-04-04,No
CLI-009328,CTR-009328,64,Barcelona,50,57.72,Web,Empresa,,2,6,2022-07-15,No
CLI-003892,CTR-003892,53,Madrid,94,41.51,Web,Empresa,2648.83,1,7,2018-11-08,No
CLI-002407,CTR-002407,50,Zaragoza,44,57.9,Tienda,Empresa,1948.09,6,,2023-01-26,Sí
CLI-009353,CTR-009353,28,Barcelona,27,74.95,Web,Estándar,,5,7,2024-06-15,Sí
CLI-008264,CTR-008264,18,Valencia,6,64.7,Web,Premium,1089.3,6,,2026-03-24,Sí
CLI-008464,CTR-008464,32,Madrid,48,68.08,Web,Básico,4471.8,3,5,2022-09-26,Sí
CLI-004451,CTR-004451,39,Madrid,31,67.01,Teléfono,Premium,2145.35,2,,2024-02-25,Sí
CLI-002119,CTR-002119,48,Madrid,45,50.22,Tienda,Básico,2583.39,5,,2022-12-25,Sí
CLI-004168,CTR-004168,29,Barcelona,14,47.56,WEB,Estándar,,2,,2025-07-25,Sí
CLI-007212,CTR-007212,33,Zaragoza,23,66.59,Tienda,Premium,,0,4,2024-10-05,No
CLI-002980,CTR-002980,52,Sevilla,50,54.46,Web,Premium,3532.41,0,6,2022-07-19,No
CLI-001056,CTR-001056,43,Valencia,27,66.42,Teléfono,Estándar,2691.89,1,8,2024-06-05,No
CLI-000030,CTR-000030,117,Madrid,52,53.99,Teléfono,Premium,3235.29,0,9,2022-05-12,No
CLI-006955,CTR-006955,31,Barcelona,11,46.13,Web,Estándar,,2,,2025-10-12,No
CLI-009484,CTR-009484,27,Madrid,32,58.82,Tienda,Básico,1185.3,4,6,2024-01-09,Sí
CLI-006584,CTR-006584,31,Barcelona,14,38.06,Web,Básico,,2,,2025-07-16,No
CLI-008006,CTR-008006,34,Madrid,21,58.02,Tienda,Premium,,3,,2024-12-03,Sí
CLI-002973,CTR-002973,37,Madrid,76,55.35,Aplicación,Básico,750,3,9,2020-05-27,No
CLI-004064,CTR-004064,38,Zaragoza,2,86.66,Aplicación,Estándar,1886.1,6,5,2026-07-14,Sí
CLI-007557,CTR-007557,18,Barcelona,25,74.86,Tienda,Básico,2780.58,3,7,2024-08-07,No
CLI-008475,CTR-008475,40,Sevilla,19,61.95,Web,Estándar,3351.06,7,,2025-02-21,Sí
CLI-001890,CTR-001890,55,Barcelona,20,39.19,Web,Estándar,,2,5,2025-01-14,Sí
CLI-005854,CTR-005854,67,Barcelona,9,52.88,Teléfono,Básico,3518.5,1,,2025-12-27,No
CLI-006787,CTR-006787,45,Madrid,20,45.7,Tienda,Premium,2291.14,3,6,2025-01-20,Sí
CLI-001923,CTR-001923,56,Murcia,57,38.46,Teléfono,Básico,3116.91,2,5,2021-12-04,No
CLI-007097,CTR-007097,30,Sevilla,42,71.05,Tienda,Estándar,1078.9,3,,2023-03-20,Sí
CLI-007851,CTR-007851,49,Madrid,18,99.19,Tienda,Estándar,3274.61,0,,2025-03-22,No
CLI-007335,CTR-007335,51,Valencia,36,59.66,Tienda,Empresa,2258.02,4,9,2023-09-27,Sí
CLI-008824,CTR-008824,49,Barcelona,51,48.21,Tienda,Estándar,2419.79,6,10,2022-06-10,No
CLI-000474,CTR-000474,52,Barcelona,84,55.81,Web,Estándar,2693.81,0,9,2019-09-23,No
CLI-003439,CTR-003439,28,Barcelona,43,77.75,web,Básico,2169.65,4,3,2023-02-03,Sí
CLI-003728,CTR-003728,41,Valencia,42,85.86,Aplicación,Estándar,3514.66,2,5,2023-03-03,No
CLI-002952,CTR-002952,58,Madrid,72,73.68,Tienda,Premium,3100.3,5,,2020-09-28,No
CLI-002908,CTR-002908,42,Valencia,10,53.28,Teléfono,Premium,3001.27,0,,2025-11-13,No
CLI-002855,CTR-002855,44,Valencia,54,107.93,Teléfono,Estándar,2762.78,1,,2022-03-05,No
CLI-000871,CTR-000871,24,Sevilla,18,85.64,Tienda,Básico,,4,7,2025-03-07,Sí
CLI-007918,CTR-007918,33,Sevilla,23,61.6,Aplicación,Básico,2409.55,3,,2024-10-21,Sí
CLI-001116,CTR-001116,51,Madrid,24,91.47,Tienda,Estándar,1966.52,5,,2024-09-15,No
CLI-003416,CTR-003416,35,Málaga,17,9.9,Aplicación,Estándar,3459.4,1,7,2025-04-04,No
CLI-005330,CTR-005330,41,Alicante,14,50.74,Teléfono,Premium,3552.03,2,,2025-07-03,No
CLI-004346,CTR-004346,48,Barcelona,5,83.7,web,Estándar,3706.09,1,,2026-04-17,Sí
CLI-001976,CTR-001976,18,Madrid,13,71.31,Tienda,Básico,750,6,5,2025-08-20,Sí
CLI-005942,CTR-005942,45,Zaragoza,29,91.37,Tienda,Empresa,2924.8,3,7,2024-04-16,Sí
CLI-006729,CTR-006729,30,Barcelona,27,75.97,Tienda,Básico,,5,7,2024-06-24,Sí
CLI-008795,CTR-008795,49,Valencia,64,35.17,Teléfono,Estándar,2882.93,2,9,2021-05-23,No
CLI-007664,CTR-007664,27,Barcelona,23,105.81,Tienda,Estándar,3629.45,2,,2024-10-03,No
CLI-001301,CTR-001301,55,Madrid,19,47.7,Aplicación,Básico,1001.09,4,7,2025-02-03,Sí
CLI-000461,CTR-000461,36,Alicante,24,29.71,Web,Básico,2385.85,2,,2024-09-09,No
CLI-004478,CTR-004478,44,Málaga,17,18.68,Teléfono,Básico,2881.72,3,9,2025-04-07,No
CLI-009584,CTR-009584,43,Zaragoza,79,106.6,Web,Estándar,3007.98,6,8,2020-02-24,No
CLI-004784,CTR-004784,52,Madrid,87,68.11,Aplicación,Estándar,2420.58,1,8,2019-06-03,No
CLI-002789,CTR-002789,33,Barcelona,18,59.27,Web,Premium,2728.19,4,7,2025-03-06,No
CLI-000221,CTR-000221,41,Barcelona,30,80.37,Web,Premium,1130.66,5,,2024-03-02,Sí
CLI-007383,CTR-007383,44,Alicante,71,42.18,Aplicación,Estándar,1878.15,2,,2020-10-25,No
CLI-003107,CTR-003107,43,Sevilla,20,59.68,Web,Básico,3985.2,2,7,2025-01-13,No
CLI-005202,CTR-005202,60,Alicante,88,63.47,Web,Empresa,4944.75,1,9,2019-05-06,No
CLI-006335,CTR-006335,26,Alicante,48,34.51,Web,Premium,,7,5,2022-09-09,Sí
CLI-009220,CTR-009220,21,Madrid,6,90.6,Web,Premium,,5,4,2026-03-19,Sí
CLI-008525,CTR-008525,32,Murcia,40,66.62,Web,Premium,1973.96,4,5,2023-05-27,Sí
CLI-008646,CTR-008646,44,Málaga,22,59.61,Tienda,Empresa,,2,6,2024-11-27,No
CLI-008025,CTR-008025,50,Madrid,24,56.1,Web,Estándar,2727.91,3,,2024-09-22,Sí
CLI-002044,CTR-002044,26,Málaga,25,85.85,Teléfono,Premium,1657.25,1,,2024-08-14,No
CLI-006456,CTR-006456,50,Málaga,31,53.74,Teléfono,Estándar,2940.21,3,6,2024-02-20,Sí
CLI-008592,CTR-008592,54,Barcelona,34,99.45,Web,Premium,2284.13,3,5,2023-11-05,Sí
CLI-005566,CTR-005566,36,Valencia,48,70.95,Web,Estándar,1773.48,5,,2022-09-05,Sí
CLI-006157,CTR-006157,18,Zaragoza,20,72.12,Teléfono,Premium,,2,,2025-01-20,No
CLI-002102,CTR-002102,27,Madrid,87,31.38,Tienda,Premium,949.38,0,8,2019-06-10,No
CLI-004419,CTR-004419,39,Sevilla,74,52.38,Web,Estándar,2041.54,2,7,2020-07-03,No
CLI-002820,CTR-002820,35,Barcelona,38,30.88,Tienda,Empresa,1232,6,5,2023-07-27,Sí
CLI-004939,CTR-004939,34,Sevilla,35,30.19,WEB,Premium,2524.16,0,4,2023-10-22,No
CLI-004329,CTR-004329,56,Madrid,31,94.42,Aplicación,Básico,750,2,,2024-02-13,Sí
CLI-000990,CTR-000990,62,Alicante,25,36.73,Teléfono,Estándar,2933.56,4,7,2024-08-14,No
CLI-004659,CTR-004659,38,Madrid,36,101.68,Web,Estándar,2008.64,0,10,2023-09-16,No
CLI-009759,CTR-009759,50,Murcia,6,38.34,Web,Estándar,3565.21,5,8,2026-03-21,Sí
CLI-009789,CTR-009789,35,Zaragoza,30,69.08,Teléfono,Básico,2831.46,8,,2024-03-14,Sí
CLI-005386,CTR-005386,43,Barcelona,29,82.89,Web,Premium,2005.4,5,,2024-04-14,Sí
CLI-001631,CTR-001631,55,Murcia,84,70.06,Tienda,Básico,4145.94,3,,2019-09-24,No
CLI-009167,CTR-009167,41,Murcia,70,34.2,Teléfono,Premium,1807.66,0,9,2020-11-24,No
CLI-008263,CTR-008263,71,Murcia,83,18.01,Tienda,Básico,,3,,2019-10-01,No
CLI-001127,CTR-001127,28,Zaragoza,12,81.59,Aplicación,Básico,,5,6,2025-09-18,Sí
CLI-005279,CTR-005279,64,Valencia,32,49.28,Web,Estándar,3247.48,1,,2024-01-09,Sí
CLI-008782,CTR-008782,18,Barcelona,76,75.89,WEB,Empresa,2792.9,4,8,2020-05-28,No
CLI-005417,CTR-005417,27,Málaga,37,77.23,Teléfono,Básico,,5,,2023-08-16,Sí
CLI-007164,CTR-007164,40,Alicante,52,60.66,Aplicación,Premium,1580.8,3,9,2022-05-28,No
CLI-007912,CTR-007912,27,Alicante,59,73.11,Teléfono,Básico,3056.84,0,10,2021-10-02,No
CLI-001668,CTR-001668,63,Barcelona,53,43.41,Web,Empresa,,1,,2022-04-27,No
CLI-004576,CTR-004576,52,Sevilla,87,73.01,Tienda,Básico,3686.93,6,7,2019-06-16,No
CLI-004840,CTR-004840,37,Madrid,29,52.13,Tienda,Estándar,1649.93,5,,2024-04-03,Sí
CLI-006152,CTR-006152,30,Zaragoza,29,57.13,Web,Estándar,,4,,2024-04-19,Sí
CLI-007232,CTR-007232,33,Murcia,27,97.49,Web,Estándar,2265.83,7,5,2024-06-01,Sí
CLI-001428,CTR-001428,29,Madrid,22,57.19,Web,Estándar,3557.62,4,5,2024-11-01,Sí
CLI-008669,CTR-008669,30,Madrid,29,67.88,Tienda,Básico,1911.07,9,3,2024-04-27,Sí
CLI-000753,CTR-000753,25,Málaga,7,48.96,Aplicación,Empresa,2465.12,2,5,2026-02-11,Sí
CLI-002233,CTR-002233,48,Madrid,59,68.11,Aplicación,Empresa,2903.76,0,7,2021-10-24,No
CLI-006533,CTR-006533,34,Barcelona,59,33.47,Web,Estándar,2371.01,4,10,2021-10-10,No
CLI-000909,CTR-000909,48,Málaga,20,93.59,Web,Premium,1489.53,8,,2025-01-15,Sí
CLI-009579,CTR-009579,37,Alicante,79,70.03,Tienda,Estándar,1233.66,0,8,2020-02-16,No
CLI-009385,CTR-009385,60,Alicante,81,76.29,Teléfono,Básico,3284.27,2,5,2019-12-16,No
CLI-000344,CTR-000344,28,Barcelona,83,51.35,Tienda,Estándar,2137.28,1,,2019-10-19,No
CLI-004097,CTR-004097,47,Zaragoza,8,111.15,Web,Empresa,,5,,2026-01-05,Sí
CLI-004657,CTR-004657,44,Madrid,23,86.45,Web,Estándar,,0,4,2024-10-21,Sí
CLI-009801,CTR-009801,31,Barcelona,53,78.52,Tienda,Estándar,,1,9,2022-04-16,No
CLI-004154,CTR-004154,52,Sevilla,40,52.56,Tienda,Estándar,1853.47,8,5,2023-05-01,Sí
CLI-001340,CTR-001340,32,Sevilla,95,45.17,Tienda,Premium,2038.31,2,8,2018-10-14,No
CLI-001509,CTR-001509,28,Barcelona,41,60.66,Web,Básico,1905.44,3,5,2023-04-03,Sí
CLI-000049,CTR-009899,40,Zaragoza,42,31.42,Teléfono,Premium,3250.85,4,4,2023-03-27,Sí
CLI-001703,CTR-001703,50,Málaga,15,47.18,Tienda,Premium,3884.18,7,,2025-06-11,Sí
CLI-003899,CTR-003899,47,Murcia,41,56.14,Tienda,Premium,1637.21,6,5,2023-04-10,Sí
CLI-000278,CTR-000278,41,Barcelona,37,97.37,Web,Empresa,3022,6,5,2023-08-20,Sí
CLI-005773,CTR-005773,36,Valencia,63,69.92,Teléfono,Estándar,2700.03,1,6,2021-06-20,No
CLI-000053,CTR-009903,44,Barcelona,17,70.07,Web,Estándar,,2,6,2025-04-22,Sí
CLI-004863,CTR-004863,18,Madrid,32,22.23,Teléfono,Estándar,848.55,4,5,2024-01-14,Sí
CLI-009563,CTR-009563,46,Madrid,84,40.72,Tienda,Empresa,,2,7,2019-09-10,No
CLI-001151,CTR-001151,31,Alicante,14,96.65,Tienda,Estándar,3002.7,5,5,2025-07-25,Sí
CLI-000391,CTR-000391,45,Alicante,60,70.97,Web,Estándar,2343.72,1,,2021-09-11,No
CLI-003081,CTR-003081,37,Sevilla,15,54.21,Tienda,Premium,2340.42,6,,2025-06-28,Sí
CLI-009508,CTR-009508,30,Zaragoza,30,23.91,Web,Básico,3007.82,5,3,2024-03-17,Sí
CLI-002382,CTR-002382,44,Valencia,86,77.8,Tienda,Estándar,,2,7,2019-07-14,No
CLI-008227,CTR-008227,36,Madrid,6,70.08,Teléfono,Estándar,4763.28,1,5,2026-03-28,No
CLI-008444,CTR-008444,56,Alicante,89,53.32,Tienda,Empresa,,1,6,2019-04-17,No
CLI-001002,CTR-001002,35,Valencia,11,91.9,Tienda,Básico,2679.33,2,7,2025-10-11,Sí
CLI-008127,CTR-008127,43,Murcia,30,45.53,Aplicación,Estándar,2033.89,0,7,2024-03-27,No
CLI-006237,CTR-006237,42,Alicante,42,70.93,Web,Estándar,1248.63,2,7,2023-03-22,Sí
CLI-009683,CTR-009683,22,Valencia,5,56.47,Teléfono,Estándar,,4,6,2026-04-15,Sí
CLI-003530,CTR-003530,40,Zaragoza,31,79.23,Tienda,Básico,,0,5,2024-02-20,Sí
CLI-005282,CTR-005282,49,Madrid,45,67.8,Web,Estándar,2351.18,4,7,2022-12-16,Sí
CLI-008486,CTR-008486,28,Madrid,24,98.91,Web,Estándar,3457.65,3,5,2024-09-08,Sí
CLI-005709,CTR-005709,40,Madrid,89,84.94,Web,Estándar,2197.44,0,7,2019-04-12,No
CLI-008854,CTR-008854,54,Barcelona,48,48.36,Tienda,Estándar,1459.96,4,7,2022-09-19,No
CLI-002087,CTR-002087,45,Valencia,41,43.69,Aplicación,Estándar,2038.88,2,9,2023-04-18,No
CLI-003519,CTR-003519,33,Madrid,92,77.76,Web,Estándar,3198.12,3,8,2019-01-26,No
CLI-007758,CTR-007758,55,Málaga,53,81.83,Teléfono,Estándar,1630.82,3,,2022-04-11,No
CLI-001296,CTR-001296,54,Valencia,92,66.53,WEB,Premium,4030.55,2,7,2019-01-26,No
CLI-009089,CTR-009089,50,Madrid,23,66.53,Web,Empresa,4344.73,1,,2024-10-25,No
CLI-003806,CTR-003806,22,Madrid,51,48.38,Tienda,Estándar,1387.02,5,7,2022-06-20,No
CLI-004217,CTR-004217,44,Valencia,85,59.29,Tienda,Premium,1855.9,1,6,2019-08-20,No
CLI-001317,CTR-001317,28,Zaragoza,11,59.67,Aplicación,Básico,3921.43,4,,2025-10-27,Sí
CLI-001684,CTR-001684,55,Valencia,55,61.5,Teléfono,Premium,3606.49,1,,2022-02-25,No
CLI-002587,CTR-002587,43,Murcia,41,33.95,web,Estándar,2796.4,0,,2023-04-28,No
CLI-006774,CTR-006774,43,Madrid,29,46.72,Web,Estándar,,5,7,2024-04-04,Sí
CLI-003106,CTR-003106,30,Málaga,74,56.53,Teléfono,Básico,3366.09,0,,2020-07-01,No
CLI-002040,CTR-002040,44,Sevilla,24,67.34,Web,Básico,750,4,4,2024-09-01,Sí
CLI-005080,CTR-005080,33,Málaga,65,77.06,Teléfono,Premium,3738.55,0,5,2021-04-26,No
CLI-007015,CTR-007015,50,Valencia,65,40.49,Teléfono,Estándar,,2,6,2021-04-14,No
CLI-002796,CTR-002796,67,Alicante,93,67.65,Web,Estándar,3093.42,2,,2018-12-07,No
CLI-009025,CTR-009025,23,Sevilla,1,100.93,Tienda,Empresa,,6,4,2026-08-21,Sí
CLI-003685,CTR-003685,42,Madrid,54,66.1,Tienda,Estándar,2628.34,0,10,2022-03-01,No
CLI-008564,CTR-008564,47,Madrid,29,43.23,Tienda,Estándar,3329.04,3,,2024-04-11,No
CLI-002341,CTR-002341,39,Málaga,56,83.77,Web,Premium,2508.13,3,6,2022-01-27,No
CLI-009308,CTR-009308,29,Sevilla,92,34.06,Aplicación,Básico,2412.99,0,,2019-01-12,No
CLI-006206,CTR-006206,18,Madrid,33,53,Aplicación,Premium,2810.15,2,7,2023-12-28,Sí
CLI-007511,CTR-007511,26,Madrid,19,24.81,Web,Estándar,2176.58,5,,2025-02-10,No
CLI-000611,CTR-000611,31,Barcelona,22,29.42,Web,Premium,3465.36,1,6,2024-11-23,No
CLI-002871,CTR-002871,42,Madrid,13,59.95,Tienda,Básico,905.93,2,2,2025-08-01,Sí
CLI-008484,CTR-008484,30,Madrid,51,63.09,Teléfono,Básico,,3,8,2022-06-07,No
CLI-007094,CTR-007094,59,Barcelona,23,100.66,Aplicación,Empresa,,5,,2024-10-28,Sí
CLI-002928,CTR-002928,57,Sevilla,75,51.44,Aplicación,Básico,2952.29,3,,2020-06-10,No
CLI-001701,CTR-001701,43,Valencia,68,49.7,Tienda,Estándar,3176.32,2,,2021-01-08,No
CLI-003180,CTR-003180,35,Málaga,50,38.12,Web,Empresa,2871.65,1,5,2022-07-26,No
CLI-002530,CTR-002530,34,Zaragoza,92,21,Tienda,Empresa,,3,6,2019-01-11,No
CLI-007222,CTR-007222,38,Valencia,10,73.86,Web,Básico,2664.82,4,,2025-11-23,Sí
CLI-003155,CTR-003155,52,Sevilla,14,77.45,Tienda,Básico,3903.85,0,,2025-07-04,No
CLI-008476,CTR-008476,43,Madrid,6,37.26,Web,Estándar,2798.75,0,,2026-03-09,No
CLI-008558,CTR-008558,49,Barcelona,4,52.81,Tienda,Estándar,3727.81,5,7,2026-05-02,Sí
CLI-006601,CTR-006601,44,Alicante,13,9.9,Web,Estándar,2061.88,2,6,2025-08-11,Sí
CLI-001184,CTR-001184,41,Barcelona,42,49.34,Tienda,Premium,2933.57,1,,2023-03-21,No
CLI-001277,CTR-001277,41,Málaga,38,81.53,Aplicación,Premium,2208.76,3,,2023-07-09,Sí
CLI-006652,CTR-006652,38,Sevilla,21,88.31,Teléfono,Estándar,1518.19,6,8,2024-12-01,Sí
CLI-006807,CTR-006807,18,Murcia,40,66.81,Aplicación,Básico,2560.74,5,,2023-05-24,Sí
CLI-000543,CTR-000543,56,Barcelona,61,78.08,Aplicación,Estándar,2202.02,0,5,2021-08-02,No
CLI-000857,CTR-000857,29,Valencia,73,47.2,Tienda,Estándar,2702.09,5,8,2020-08-09,No
CLI-002144,CTR-002144,51,Barcelona,77,31.14,Tienda,Estándar,2160.3,1,8,2020-04-15,No
CLI-005735,CTR-005735,32,Madrid,21,41.95,Web,Estándar,,5,,2024-12-08,Sí
CLI-006920,CTR-006920,27,Madrid,42,48.89,Web,Premium,1853.06,7,7,2023-03-25,Sí
CLI-005446,CTR-005446,18,Barcelona,8,66.85,Web,Básico,3572.17,3,,2026-01-25,Sí
CLI-005985,CTR-005985,44,Valencia,26,46.57,Aplicación,Premium,2014.76,8,6,2024-07-11,Sí
CLI-007490,CTR-007490,51,Málaga,35,67.62,Web,Estándar,,6,6,2023-10-05,Sí
CLI-001333,CTR-001333,29,Alicante,48,79.25,Aplicación,Estándar,,3,6,2022-09-26,Sí
CLI-000411,CTR-000411,54,Málaga,25,75.25,Web,Estándar,1522.65,1,6,2024-08-21,No
CLI-007176,CTR-007176,27,Sevilla,1,47.97,Web,Estándar,1965.77,5,4,2026-08-02,Sí
CLI-002755,CTR-002755,29,Málaga,42,37.49,Tienda,Básico,2872.95,4,9,2023-03-16,No
CLI-009338,CTR-009338,63,Madrid,26,65.22,Tienda,Estándar,2700.29,5,5,2024-07-12,Sí
CLI-005828,CTR-005828,38,Murcia,66,48.38,Teléfono,Estándar,2678.7,0,,2021-03-21,No
CLI-007305,CTR-007305,52,Zaragoza,26,97.19,Teléfono,Estándar,2712.26,6,5,2024-07-25,Sí
CLI-004081,CTR-004081,40,Madrid,81,43.59,Web,Básico,2431.84,3,,2019-12-01,No
CLI-001732,CTR-001732,34,Zaragoza,28,54.58,Web,Básico,1395.77,1,,2024-05-06,No
CLI-007235,CTR-007235,44,Madrid,19,48.59,Teléfono,Empresa,1507.09,0,10,2025-02-01,No
CLI-002772,CTR-002772,40,Madrid,82,61.68,Teléfono,Básico,3274.85,3,7,2019-11-24,No
CLI-000402,CTR-000402,20,Murcia,25,61.95,Tienda,Estándar,1496.89,9,,2024-08-19,Sí
CLI-002909,CTR-002909,56,Málaga,18,9.9,Web,Estándar,,2,,2025-03-25,No
CLI-000338,CTR-000338,66,Madrid,58,48.69,Web,Estándar,2689.37,1,6,2021-11-17,No
CLI-007817,CTR-007817,33,Murcia,31,73.8,Web,Básico,3195.98,3,,2024-02-27,No
CLI-001632,CTR-001632,54,Barcelona,76,66.31,Tienda,Premium,3724.05,3,9,2020-05-07,No
CLI-004616,CTR-004616,44,Madrid,16,71.21,Teléfono,Premium,,0,4,2025-05-01,No
CLI-007789,CTR-007789,54,Madrid,55,66.97,web,Básico,2484.84,3,6,2022-02-11,No
CLI-000141,CTR-000141,47,Barcelona,69,41.81,Web,Estándar,,0,6,2020-12-15,No
CLI-004619,CTR-004619,52,Madrid,29,78.97,Aplicación,Estándar,2617.81,5,,2024-04-18,Sí
CLI-006923,CTR-006923,51,Sevilla,51,71.77,Aplicación,Premium,2915.31,2,9,2022-06-18,No
CLI-005572,CTR-005572,23,Alicante,56,35.74,Tienda,Premium,2243.62,0,6,2022-01-17,No
CLI-004858,CTR-004858,40,Madrid,19,44.42,Tienda,Empresa,3034.5,4,7,2025-02-06,No
CLI-002921,CTR-002921,49,Murcia,48,96.37,Teléfono,Estándar,3280.01,5,,2022-09-24,Sí
CLI-008296,CTR-008296,39,Madrid,37,96.49,Aplicación,Premium,1982.43,4,7,2023-08-12,Sí
CLI-006350,CTR-006350,38,Sevilla,13,47.11,Aplicación,Estándar,,3,4,2025-08-23,Sí
CLI-003431,CTR-003431,33,Valencia,10,65.05,Tienda,Empresa,1675.65,2,5,2025-11-14,Sí
CLI-005127,CTR-005127,54,Madrid,16,71.24,Web,Estándar,,3,7,2025-05-16,Sí
CLI-005844,CTR-005844,27,Madrid,32,63.73,Teléfono,Premium,2585.32,1,9,2024-01-21,No
CLI-006911,CTR-006911,45,Valencia,80,73.17,Web,Estándar,,0,,2020-01-01,No
CLI-007013,CTR-007013,36,Madrid,47,48.41,Tienda,Premium,,7,,2022-10-19,Sí
CLI-001639,CTR-001639,36,Valencia,96,31.37,WEB,Estándar,1534.38,2,6,2018-09-03,No
CLI-007014,CTR-007014,37,Barcelona,44,79.48,Web,Básico,2721.12,4,3,2023-01-07,Sí
CLI-009797,CTR-009797,45,Madrid,7,72.41,Teléfono,Básico,2931.39,3,15,2026-02-27,No
CLI-008984,CTR-008984,44,Zaragoza,41,36.65,Teléfono,Estándar,3645.6,3,9,2023-04-24,No
CLI-003646,CTR-003646,44,Valencia,36,27.82,Web,Básico,1833.28,4,6,2023-09-16,Sí
CLI-003140,CTR-003140,50,Sevilla,59,40.2,Web,Estándar,1056.39,4,,2021-10-02,No
CLI-001692,CTR-001692,59,Madrid,47,83.66,Teléfono,Premium,1914.59,2,7,2022-10-07,No
CLI-002113,CTR-002113,33,Murcia,54,61.79,Web,Premium,2666.2,6,,2022-03-03,No
CLI-006654,CTR-006654,43,Valencia,11,69.13,Web,Estándar,1409.06,2,,2025-10-12,Sí
CLI-005083,CTR-005083,53,Barcelona,41,57.42,Tienda,Premium,3338.08,1,,2023-04-13,Sí
CLI-003821,CTR-003821,51,Barcelona,90,75.88,Web,Básico,3039.43,3,7,2019-03-04,No
CLI-007061,CTR-007061,50,Málaga,24,68.45,Web,Premium,3283,1,9,2024-09-24,No
CLI-007623,CTR-007623,51,Málaga,56,72.05,Aplicación,Empresa,,2,7,2022-01-22,No
CLI-009101,CTR-009101,21,Barcelona,69,62.59,Aplicación,Estándar,1511.87,3,8,2020-12-22,No
CLI-002718,CTR-002718,38,Málaga,93,42.45,Teléfono,Empresa,,2,8,2018-12-14,No
CLI-000528,CTR-000528,44,Madrid,29,40.65,Aplicación,Estándar,1879.99,3,3,2024-04-28,Sí
CLI-003482,CTR-003482,57,Barcelona,74,56.67,Web,Estándar,2948.82,0,10,2020-07-14,No
CLI-003125,CTR-003125,38,Málaga,83,75.41,Teléfono,Básico,2013.36,3,,2019-10-26,No
CLI-001226,CTR-001226,50,Zaragoza,24,35.97,Web,Estándar,2674.51,4,,2024-09-05,Sí
CLI-002675,CTR-002675,70,Zaragoza,6,22.63,Web,Básico,1644.04,3,6,2026-03-23,No
CLI-005140,CTR-005140,46,Madrid,8,79.86,Web,Básico,1648.77,4,4,2026-01-18,Sí
CLI-003293,CTR-003293,54,Málaga,64,41.5,Teléfono,Estándar,1966.11,3,,2021-05-02,No
CLI-001793,CTR-001793,46,Murcia,38,45.53,Web,Premium,,7,5,2023-07-28,Sí
CLI-001240,CTR-001240,68,Sevilla,27,24.95,Aplicación,Básico,2247.58,2,6,2024-06-23,No
CLI-009239,CTR-009239,36,Murcia,35,82.6,Web,Estándar,3195.72,7,5,2023-10-20,Sí
CLI-008749,CTR-008749,30,Madrid,48,78.3,Teléfono,Premium,4065.7,4,5,2022-09-08,Sí
CLI-003246,CTR-003246,53,Murcia,13,63.8,Tienda,Premium,2476.2,2,,2025-08-09,No
CLI-009145,CTR-009145,30,Alicante,31,72.77,web,Estándar,1944.13,6,,2024-02-17,Sí
CLI-004284,CTR-004284,48,Zaragoza,20,60.38,Tienda,Estándar,1630.69,2,4,2025-01-20,Sí
CLI-005206,CTR-005206,34,Valencia,12,53.53,Web,Empresa,1631.62,2,4,2025-09-01,No
CLI-005624,CTR-005624,22,Barcelona,10,61.66,WEB,Básico,750,4,,2025-11-22,Sí
CLI-006531,CTR-006531,42,Barcelona,81,88.36,Web,Estándar,,2,9,2019-12-15,No
CLI-009155,CTR-009155,18,Murcia,9,77.07,Tienda,Premium,4250.58,2,4,2025-12-26,Sí
CLI-006089,CTR-006089,44,Valencia,8,76.34,Web,Estándar,2103.41,6,,2026-01-16,Sí
CLI-005813,CTR-005813,42,Valencia,48,93.21,web,Estándar,2244.4,5,6,2022-09-05,Sí
CLI-004453,CTR-004453,51,Madrid,51,39.28,Teléfono,Estándar,,1,7,2022-06-14,No
CLI-008336,CTR-008336,55,Valencia,35,71.04,web,Premium,2108.2,0,,2023-10-01,No
CLI-007228,CTR-007228,33,Barcelona,96,74.48,WEB,Estándar,3908.56,0,9,2018-09-10,No
CLI-008919,CTR-008919,57,Alicante,9,73.46,Web,Básico,3600.36,4,,2025-12-13,No
CLI-004974,CTR-004974,43,Málaga,5,33.4,Tienda,Estándar,2203.6,4,3,2026-04-10,Sí
CLI-006682,CTR-006682,30,Barcelona,22,69.46,Web,Premium,3707.87,3,,2024-11-25,Sí
CLI-009114,CTR-009114,19,Barcelona,15,72.33,Teléfono,Empresa,1090.15,4,,2025-06-10,Sí
CLI-004879,CTR-004879,36,Madrid,41,49.05,Web,Estándar,2744.28,5,3,2023-04-09,Sí
CLI-001334,CTR-001334,43,Madrid,25,105.73,Teléfono,Básico,1357.38,1,6,2024-08-24,Sí
CLI-007284,CTR-007284,48,Madrid,72,88.25,Teléfono,Premium,2051.19,1,7,2020-09-13,No
CLI-003473,CTR-003473,37,Alicante,17,73.22,Web,Estándar,3196.04,7,,2025-04-22,Sí
CLI-001496,CTR-001496,37,Barcelona,38,21.14,Web,Empresa,3459.48,0,8,2023-07-01,No
CLI-009670,CTR-009670,30,Zaragoza,17,44.95,Web,Empresa,2969.89,3,4,2025-04-13,No
CLI-005847,CTR-005847,37,Málaga,28,82.01,Aplicación,Estándar,2335.5,7,6,2024-05-03,Sí
CLI-000683,CTR-000683,51,Murcia,82,58.59,Tienda,Básico,3294.3,3,7,2019-11-23,No
CLI-007165,CTR-007165,38,Madrid,20,46.24,Web,Estándar,1617.64,3,6,2025-01-11,Sí
CLI-005046,CTR-005046,56,Madrid,22,75.7,Web,Estándar,2213.16,4,,2024-11-12,Sí
CLI-001910,CTR-001910,37,Madrid,65,81.68,Web,Básico,,0,,2021-04-23,No
CLI-008742,CTR-008742,38,Sevilla,37,94.62,Tienda,Estándar,2934.46,8,6,2023-08-27,Sí
CLI-000051,CTR-000051,63,Alicante,30,57.14,Web,Premium,2743.21,0,8,2024-03-21,No
CLI-008834,CTR-008834,18,Madrid,32,24.08,Teléfono,Estándar,2620.58,2,,2024-01-09,No
CLI-006204,CTR-006204,50,Madrid,47,63.42,Teléfono,Estándar,1618.32,5,5,2022-10-19,Sí
CLI-007517,CTR-007517,38,Valencia,9,62.26,Tienda,Estándar,2332.86,6,8,2025-12-15,No
CLI-006029,CTR-006029,43,Málaga,61,34.24,Web,Básico,,0,7,2021-08-12,No
CLI-002346,CTR-002346,18,Sevilla,11,68.32,Tienda,Estándar,750,3,6,2025-10-19,Sí
CLI-007362,CTR-007362,18,Madrid,14,60.38,Teléfono,Estándar,2607.19,4,,2025-07-18,Sí
CLI-004554,CTR-004554,59,Madrid,31,35.39,Web,Básico,750,2,7,2024-02-06,No
CLI-005284,CTR-005284,47,Sevilla,33,63.43,Web,Estándar,3333.38,0,7,2023-12-23,No
CLI-008966,CTR-008966,21,Madrid,89,48.29,Web,Básico,,3,8,2019-04-04,No
CLI-008763,CTR-008763,33,Málaga,71,91.97,Tienda,Estándar,3283.68,5,7,2020-10-08,No
CLI-009566,CTR-009566,23,Zaragoza,27,44.78,Teléfono,Estándar,899.28,2,2,2024-06-09,Sí
CLI-006408,CTR-006408,39,Barcelona,29,74.19,Tienda,Estándar,,6,3,2024-04-03,Sí
CLI-002272,CTR-002272,27,Madrid,37,30.29,,Básico,3330.11,1,7,2023-08-13,No
CLI-005011,CTR-005011,38,Murcia,3,57.3,Tienda,Empresa,2274.49,4,5,2026-06-28,Sí
CLI-000653,CTR-000653,32,Alicante,39,43.19,Tienda,Estándar,2738.56,6,4,2023-06-20,Sí
CLI-004660,CTR-004660,63,Valencia,54,46.49,Web,Premium,3319.97,2,,2022-03-08,No
CLI-003887,CTR-003887,41,Valencia,66,35.25,Tienda,Básico,3059.72,0,,2021-03-18,No
CLI-005696,CTR-005696,31,Madrid,91,111.33,Teléfono,Empresa,4930.11,3,7,2019-02-16,No
CLI-000040,CTR-000040,46,Madrid,88,26.51,Tienda,Estándar,2052.75,3,8,2019-05-15,No
CLI-005896,CTR-005896,42,Valencia,78,61.61,Tienda,Premium,750,1,6,2020-03-07,No
CLI-000038,CTR-009888,39,Valencia,50,56.53,Tienda,Estándar,2685.67,4,8,2022-07-10,No
CLI-003694,CTR-003694,40,Murcia,17,63.42,Teléfono,Premium,3987.68,1,7,2025-04-02,No
CLI-008761,CTR-008761,29,Zaragoza,16,98.55,Teléfono,Estándar,2439.38,2,,2025-05-09,Sí
CLI-006607,CTR-006607,34,Barcelona,92,68.67,Teléfono,Premium,895.6,5,6,2019-01-07,No
CLI-008407,CTR-008407,37,Madrid,36,78.39,,Básico,2463.24,3,6,2023-09-16,Sí
CLI-005341,CTR-005341,65,Barcelona,21,52.52,,Empresa,2704.64,4,,2024-12-17,Sí
CLI-007950,CTR-007950,30,Málaga,81,46.85,Web,Premium,2576.5,0,7,2019-12-28,No
CLI-003774,CTR-003774,56,Madrid,41,61.78,Tienda,Básico,1307.84,3,,2023-04-27,Sí
CLI-009030,CTR-009030,35,Sevilla,46,106.94,Web,Básico,,3,6,2022-11-21,Sí
CLI-007971,CTR-007971,23,Madrid,8,56.48,Teléfono,Estándar,2122.42,4,4,2026-01-09,Sí
CLI-002834,CTR-002834,45,Sevilla,72,24.65,WEB,Premium,2307.36,0,9,2020-09-19,No
CLI-000549,CTR-000549,24,Zaragoza,61,46.78,Web,Estándar,2477.63,1,5,2021-08-04,No
CLI-001604,CTR-001604,69,Málaga,60,61.47,Web,Empresa,1980.37,3,,2021-09-21,No
CLI-005966,CTR-005966,41,Madrid,36,76.24,Tienda,Estándar,3024.85,1,8,2023-09-05,No
CLI-005337,CTR-005337,35,Valencia,66,73.44,Web,Estándar,1954.46,1,9,2021-03-05,No
CLI-003375,CTR-003375,34,Valencia,9,24.22,WEB,Premium,,3,6,2025-12-14,Sí
CLI-009315,CTR-009315,39,Zaragoza,58,55.35,Web,Empresa,1292.48,1,7,2021-11-10,No
CLI-007227,CTR-007227,43,Zaragoza,61,9.9,Web,Empresa,2080.61,3,9,2021-08-18,No
CLI-008879,CTR-008879,39,Barcelona,10,86.82,Web,Estándar,,3,7,2025-11-22,Sí
CLI-003113,CTR-003113,39,Barcelona,20,72.91,Tienda,Estándar,1711.1,3,9,2025-01-20,No
CLI-003980,CTR-003980,53,Barcelona,41,59.89,Web,Premium,5312.59,6,6,2023-04-07,No
CLI-002069,CTR-002069,37,Madrid,32,48.14,Teléfono,Empresa,1437.76,6,5,2024-01-04,Sí
CLI-000505,CTR-000505,28,Alicante,44,65.46,WEB,Estándar,2154.26,3,3,2023-01-20,Sí
CLI-008100,CTR-008100,29,Zaragoza,19,55.66,web,Estándar,3607.19,0,,2025-02-06,No
CLI-002532,CTR-002532,69,Sevilla,14,58.07,Teléfono,Estándar,2241.81,0,,2025-07-18,No
CLI-006376,CTR-006376,40,Barcelona,48,30.31,Tienda,Empresa,,3,9,2022-09-17,No
CLI-002971,CTR-002971,60,Alicante,21,39.29,Web,Básico,2854.62,3,6,2024-12-06,No
CLI-001549,CTR-001549,30,Madrid,47,91.32,Tienda,Básico,3279.46,2,8,2022-10-26,No
CLI-008720,CTR-008720,33,Madrid,9,58.86,Web,Premium,2025.75,0,8,2025-12-03,No
CLI-001364,CTR-001364,25,Zaragoza,23,83.61,Teléfono,Básico,2408.95,8,,2024-10-14,Sí
CLI-004825,CTR-004825,48,Madrid,13,14.12,Web,Premium,2892.89,1,8,2025-08-15,No
CLI-001946,CTR-001946,55,Valencia,78,66.82,Web,Premium,4429.88,1,,2020-03-05,No
CLI-003855,CTR-003855,34,Barcelona,26,74.8,Web,Premium,3228.34,2,7,2024-07-25,No
CLI-001962,CTR-001962,46,Madrid,9,84.8,Web,Premium,,3,4,2025-12-10,Sí
CLI-007565,CTR-007565,62,Sevilla,52,29.85,Web,Estándar,1900.19,1,8,2022-05-20,No
CLI-004782,CTR-004782,45,Valencia,8,105.43,Teléfono,Básico,,5,6,2026-01-21,Sí
CLI-004010,CTR-004010,51,Sevilla,23,58.45,Tienda,Estándar,2820.08,2,7,2024-10-16,No
CLI-005309,CTR-005309,45,Málaga,46,78.72,Tienda,Básico,1996.95,6,6,2022-11-23,Sí
CLI-007023,CTR-007023,28,Alicante,40,86.67,Web,Básico,4093.26,3,7,2023-05-24,No
CLI-009636,CTR-009636,23,Sevilla,29,104.09,Aplicación,Básico,1893.41,2,7,2024-04-22,Sí
CLI-006869,CTR-006869,27,Madrid,6,53.6,Tienda,Estándar,4567.01,1,6,2026-03-04,No
CLI-005050,CTR-005050,47,Alicante,15,56.08,Tienda,Básico,1706.21,5,5,2025-06-18,Sí
CLI-000970,CTR-000970,38,Murcia,21,82.25,Aplicación,Estándar,2091.46,6,3,2024-12-06,Sí
CLI-000487,CTR-000487,34,Sevilla,19,69.41,Tienda,Estándar,3914,1,9,2025-02-03,No
CLI-007608,CTR-007608,53,Barcelona,59,82.04,Teléfono,Estándar,2500.94,3,7,2021-10-16,No
CLI-002432,CTR-002432,56,Zaragoza,89,53.85,Web,Empresa,3570.61,2,,2019-04-10,No
CLI-003613,CTR-003613,43,Madrid,42,83.09,Teléfono,Estándar,,4,8,2023-03-09,No
CLI-000361,CTR-000361,52,Barcelona,67,46.12,Aplicación,Estándar,3033.53,1,,2021-02-04,No
CLI-005414,CTR-005414,41,Barcelona,23,116.98,Aplicación,Empresa,,4,,2024-10-14,Sí
CLI-001139,CTR-001139,37,Madrid,44,63.28,Aplicación,Estándar,1701.86,3,4,2023-01-05,Sí
CLI-008531,CTR-008531,25,Barcelona,42,43.72,Web,Estándar,1936.03,4,,2023-03-06,Sí
CLI-003973,CTR-003973,45,Zaragoza,56,74.37,,Estándar,2644.26,2,,2022-01-21,No
CLI-004007,CTR-004007,57,Murcia,34,53.73,Tienda,Básico,4210.96,4,,2023-11-19,No
CLI-003095,CTR-003095,69,Valencia,46,89.31,Tienda,Premium,1397.83,6,7,2022-11-26,Sí
CLI-007845,CTR-007845,30,Sevilla,27,94.07,WEB,Premium,2223.58,0,,2024-06-18,No
CLI-001980,CTR-001980,33,Barcelona,89,36.04,Teléfono,Premium,3738.59,6,4,2019-04-13,No
CLI-002344,CTR-002344,40,Madrid,10,45.99,Web,Empresa,3034.33,6,4,2025-11-04,Sí
CLI-002887,CTR-002887,66,Madrid,13,71.18,Teléfono,Básico,2077.01,5,,2025-08-15,Sí
CLI-003221,CTR-003221,51,Murcia,78,49.31,Aplicación,Premium,2779.82,2,5,2020-03-26,No
CLI-002441,CTR-002441,47,Sevilla,93,58.89,Tienda,Empresa,,0,8,2018-12-22,No
CLI-007355,CTR-007355,54,Madrid,82,41.74,Tienda,Estándar,2216.15,2,6,2019-11-23,No
CLI-007485,CTR-007485,39,Valencia,30,63.12,Teléfono,Empresa,3889.99,3,7,2024-03-12,No
CLI-005186,CTR-005186,30,Málaga,91,29.66,Web,Básico,3114.47,3,8,2019-02-20,No
CLI-007379,CTR-007379,31,Barcelona,11,53.49,Teléfono,Premium,3819.64,1,7,2025-10-06,No
CLI-009536,CTR-009536,43,Madrid,34,75.09,Web,Premium,2376.35,2,7,2023-11-25,No
CLI-006283,CTR-006283,34,Madrid,17,36.94,Tienda,Básico,1843.17,3,7,2025-04-23,No
CLI-009245,CTR-009245,56,Valencia,25,77.84,Tienda,Premium,2647.23,4,2,2024-08-09,Sí
CLI-008656,CTR-008656,51,Sevilla,14,58.5,Aplicación,Básico,1691.68,4,9,2025-07-05,Sí
CLI-003786,CTR-003786,18,Barcelona,16,84.87,Tienda,Premium,1482.99,2,7,2025-05-16,No
CLI-008493,CTR-008493,35,Zaragoza,37,90.46,Teléfono,Premium,,2,,2023-08-15,No
CLI-007642,CTR-007642,18,Zaragoza,7,27.95,Web,Básico,,2,,2026-02-06,Sí
CLI-005344,CTR-005344,41,Madrid,22,25.45,Teléfono,Estándar,,5,8,2024-11-07,No
CLI-004012,CTR-004012,49,Alicante,88,65.14,web,Básico,2653.61,5,9,2019-05-26,No
CLI-002452,CTR-002452,36,Sevilla,93,18.13,Aplicación,Básico,2622.89,1,7,2018-12-26,No
CLI-000737,CTR-000737,38,Zaragoza,20,69.72,Aplicación,Premium,2426.26,3,7,2025-01-10,No
CLI-001155,CTR-001155,29,Alicante,11,74.94,Tienda,Estándar,2701.26,5,6,2025-10-06,No
CLI-005153,CTR-005153,19,Sevilla,6,37.13,Web,Estándar,3330.63,4,9,2026-03-19,No
CLI-003463,CTR-003463,18,Sevilla,50,41.67,Web,Estándar,3924.27,4,,2022-07-27,No
CLI-003777,CTR-003777,49,Sevilla,15,59.26,Web,Estándar,,4,6,2025-06-16,Sí
CLI-004507,CTR-004507,49,Barcelona,47,49.64,Web,Estándar,853.05,3,6,2022-10-24,Sí
CLI-007346,CTR-007346,42,Málaga,13,32.13,Web,Estándar,2169.81,3,7,2025-08-11,No
CLI-002528,CTR-002528,34,Barcelona,41,72.32,web,Premium,750,0,,2023-04-14,No
CLI-006739,CTR-006739,36,Alicante,89,92.46,web,Estándar,1836.32,0,,2019-04-14,No
CLI-006207,CTR-006207,40,Madrid,48,33.97,Tienda,Estándar,,1,,2022-09-22,No
CLI-004683,CTR-004683,29,Zaragoza,83,79.07,Tienda,Básico,3748.74,3,8,2019-10-02,No
CLI-005505,CTR-005505,33,Valencia,15,44.7,Web,Estándar,2578.29,2,,2025-06-23,No
CLI-004686,CTR-004686,53,Barcelona,62,83.06,Web,Estándar,2835.47,1,10,2021-07-08,No
CLI-002728,CTR-002728,55,Madrid,54,56.03,Web,Premium,,3,,2022-03-05,No
CLI-009227,CTR-009227,43,Madrid,43,37.39,Aplicación,Empresa,1575.54,3,6,2023-02-11,Sí
CLI-003955,CTR-003955,36,Madrid,6,66.53,Tienda,Estándar,1599.02,4,6,2026-03-17,Sí
CLI-004417,CTR-004417,64,Valencia,68,20.86,Teléfono,Estándar,2488.8,3,,2021-01-16,No
CLI-005380,CTR-005380,52,Madrid,35,58.36,Teléfono,Empresa,1957.44,2,7,2023-10-02,No
CLI-009839,CTR-009839,51,Barcelona,3,63.77,Tienda,Básico,1048.6,6,5,2026-06-23,Sí
CLI-003748,CTR-003748,18,Barcelona,74,79.36,Web,Estándar,3492,3,7,2020-07-10,No
CLI-005353,CTR-005353,49,Valencia,28,25.41,Web,Premium,3155.38,0,9,2024-05-27,No
CLI-008882,CTR-008882,45,Murcia,8,74.88,web,Básico,2599.1,3,,2026-01-11,Sí
CLI-007476,CTR-007476,42,Valencia,88,68.01,Teléfono,Estándar,3222.77,1,6,2019-05-09,No
CLI-008737,CTR-008737,32,Madrid,42,41.3,Teléfono,Estándar,3454.88,2,7,2023-03-24,No
CLI-000686,CTR-000686,46,Alicante,8,95.02,Aplicación,Estándar,2577.73,4,,2026-01-08,Sí
CLI-008057,CTR-008057,18,Málaga,31,63.36,Aplicación,Premium,2091.26,7,5,2024-02-20,Sí
CLI-005526,CTR-005526,26,Murcia,20,59.63,web,Empresa,1671.62,6,,2025-01-09,Sí
CLI-004290,CTR-004290,39,Alicante,41,47.95,Tienda,Básico,2197.73,3,,2023-04-04,Sí
CLI-007286,CTR-007286,36,Valencia,72,66.76,Web,Estándar,1675.83,0,7,2020-09-26,No
CLI-008455,CTR-008455,34,Madrid,32,72.59,Web,Estándar,,2,4,2024-01-22,Sí
CLI-008234,CTR-008234,29,Madrid,33,116.93,Tienda,Premium,2439.44,8,5,2023-12-17,Sí
CLI-006578,CTR-006578,23,Barcelona,42,69.23,Aplicación,Premium,,0,9,2023-03-18,No
CLI-007878,CTR-007878,38,Murcia,43,96.99,Aplicación,Premium,2521.63,3,7,2023-02-22,Sí
CLI-000828,CTR-000828,36,Barcelona,22,70.51,Web,Estándar,1822.34,2,7,2024-11-16,No
CLI-002495,CTR-002495,49,Valencia,87,55.23,Web,Básico,2641.26,0,,2019-06-23,No
CLI-005935,CTR-005935,27,Barcelona,14,97.38,Teléfono,Estándar,1646.71,0,6,2025-07-20,No
CLI-005712,CTR-005712,30,Valencia,89,64.75,web,Básico,2885.08,2,8,2019-04-13,No
CLI-004237,CTR-004237,49,Valencia,69,42.69,Tienda,Premium,3362.81,1,,2020-12-03,No
CLI-002000,CTR-002000,56,Málaga,56,51.66,Web,Premium,,2,,2022-01-18,No
CLI-005374,CTR-005374,27,Madrid,73,50.08,Web,Básico,3012.5,0,,2020-08-20,No
CLI-007885,CTR-007885,23,Madrid,95,24.39,Web,Básico,2632.82,1,,2018-10-28,No
CLI-001488,CTR-001488,62,Valencia,27,62.2,Teléfono,Empresa,2073.95,5,6,2024-06-17,No
CLI-008537,CTR-008537,30,Murcia,47,72.22,Web,Básico,2613.04,3,4,2022-10-14,Sí
CLI-002892,CTR-002892,62,Alicante,19,70.75,Web,Estándar,750,4,5,2025-02-02,Sí
CLI-001454,CTR-001454,34,Alicante,45,45.5,Web,Empresa,2083.87,1,,2022-12-24,No
CLI-004916,CTR-004916,30,Murcia,1,75.43,Web,Estándar,2732.15,6,5,2026-08-23,Sí
CLI-001073,CTR-001073,45,Alicante,6,32.22,Teléfono,Premium,2567.57,4,7,2026-03-09,No
CLI-002605,CTR-002605,33,Zaragoza,70,78.22,Aplicación,Estándar,2526.31,4,,2020-11-03,No
CLI-006133,CTR-006133,32,Málaga,17,94.92,Tienda,Premium,3073.04,1,8,2025-04-17,No
CLI-009658,CTR-009658,49,Barcelona,86,58.02,Web,Básico,1643.05,2,,2019-07-02,No
CLI-001515,CTR-001515,26,Barcelona,29,35.38,Tienda,Básico,,2,,2024-04-19,No
CLI-000570,CTR-000570,36,Madrid,43,45.04,Web,Premium,,4,,2023-02-25,Sí
CLI-009377,CTR-009377,26,Málaga,32,37.66,Aplicación,Básico,,2,6,2024-01-16,Sí
CLI-002913,CTR-002913,36,Madrid,28,72.36,Tienda,Estándar,1176.95,3,5,2024-05-27,Sí
CLI-008840,CTR-008840,57,Barcelona,34,65.19,Web,Estándar,1636.06,4,5,2023-11-10,Sí
CLI-004111,CTR-004111,52,Barcelona,70,91.68,Tienda,Básico,1924.83,0,7,2020-11-15,No
CLI-008403,CTR-008403,26,Barcelona,55,57.53,Web,Estándar,,2,5,2022-02-20,No
CLI-007170,CTR-007170,30,Murcia,10,52.53,Tienda,Estándar,2217.93,2,6,2025-11-07,Sí
CLI-007624,CTR-007624,58,Valencia,49,72.49,Tienda,Estándar,2569.83,2,9,2022-08-16,No
CLI-009547,CTR-009547,40,Murcia,12,48.73,WEB,Empresa,911.77,4,7,2025-09-06,Sí
CLI-000503,CTR-000503,48,Málaga,24,94.84,Tienda,Premium,2273.09,4,5,2024-09-17,Sí
CLI-008317,CTR-008317,40,Murcia,19,82.62,Web,Básico,2846.99,4,5,2025-02-04,Sí
CLI-003291,CTR-003291,46,Alicante,14,39.2,WEB,Básico,2480.51,0,,2025-07-01,No
CLI-008814,CTR-008814,28,Barcelona,22,42.33,Aplicación,Estándar,3386.88,3,8,2024-11-13,No
CLI-006998,CTR-006998,33,Málaga,45,79.92,Tienda,Básico,2772.24,5,5,2022-12-15,Sí
CLI-007794,CTR-007794,41,Sevilla,95,42.54,Tienda,Premium,2358,2,9,2018-10-03,No
CLI-009228,CTR-009228,37,Málaga,92,27.65,Tienda,Básico,1788.83,4,,2019-01-10,No
CLI-009275,CTR-009275,39,Barcelona,32,61.83,Tienda,Estándar,2989.21,2,8,2024-01-27,No
CLI-003991,CTR-003991,18,Barcelona,2,244.37,Tienda,Premium,6611.37,4,5,2026-07-24,Sí
CLI-004599,CTR-004599,36,Valencia,93,61.1,Web,Premium,2299.32,3,6,2018-12-25,No
CLI-002045,CTR-002045,42,Madrid,25,65.59,Web,Premium,3367.44,1,9,2024-08-26,No
CLI-007777,CTR-007777,47,Barcelona,26,68.66,web,Premium,2545.88,7,5,2024-07-21,Sí
CLI-007124,CTR-007124,36,Barcelona,20,65.66,Web,Premium,3447.76,3,,2025-01-01,No
CLI-003607,CTR-003607,53,Valencia,28,80.48,Tienda,Premium,,2,6,2024-05-04,No
CLI-002562,CTR-002562,47,Barcelona,92,46.38,Tienda,Premium,4020.53,3,5,2019-01-06,No
CLI-002863,CTR-002863,55,Zaragoza,11,73.4,Tienda,Básico,1820.17,2,4,2025-10-17,Sí
CLI-008230,CTR-008230,50,Valencia,37,68.72,Web,Premium,,7,4,2023-08-06,Sí
CLI-004771,CTR-004771,44,Valencia,56,41.84,Web,Básico,1332.18,2,,2022-01-08,No
CLI-006384,CTR-006384,44,Barcelona,43,77.16,Tienda,Básico,3113.2,4,4,2023-02-05,Sí
CLI-009004,CTR-009004,31,Valencia,96,86.72,Web,Empresa,2974.5,1,10,2018-09-21,No
CLI-004430,CTR-004430,38,Barcelona,45,41.08,Aplicación,Premium,2872.72,4,3,2022-12-16,Sí
CLI-001370,CTR-001370,46,Madrid,67,38.42,Tienda,Premium,2381.8,2,6,2021-02-02,No
CLI-006991,CTR-006991,18,Barcelona,43,95.56,Tienda,Estándar,1402.52,2,3,2023-02-04,Sí
CLI-002861,CTR-002861,39,Barcelona,58,81.55,Teléfono,Básico,,1,6,2021-11-01,No
CLI-003054,CTR-003054,37,Madrid,44,52.06,Web,Premium,2757.47,0,6,2023-01-19,No
CLI-005004,CTR-005004,45,Madrid,33,68.51,Web,Premium,,6,,2023-12-28,Sí
CLI-006908,CTR-006908,41,Murcia,44,57,WEB,Estándar,,5,5,2023-01-11,Sí
CLI-000979,CTR-000979,39,Zaragoza,40,57.81,Tienda,Estándar,1950.87,0,5,2023-05-15,Sí
CLI-009500,CTR-009500,40,Alicante,10,63.96,Aplicación,Estándar,,0,9,2025-11-08,Sí
CLI-009733,CTR-009733,30,Madrid,34,59.57,Teléfono,Empresa,2258.2,5,6,2023-11-13,Sí
CLI-000697,CTR-000697,46,Valencia,62,39.5,Teléfono,Estándar,2647.63,2,7,2021-07-18,No
CLI-001778,CTR-001778,32,Madrid,61,65.28,Web,Estándar,1892.63,2,8,2021-08-03,No
CLI-006287,CTR-006287,34,Valencia,61,14.18,Teléfono,Estándar,2131.6,2,8,2021-08-11,No
CLI-002852,CTR-002852,56,Madrid,87,53.83,Tienda,Básico,1330.86,0,5,2019-06-15,No
CLI-002028,CTR-002028,28,Madrid,21,41.9,Tienda,Estándar,3251.94,6,5,2024-12-22,Sí
CLI-000578,CTR-000578,30,Sevilla,32,34.51,Aplicación,Premium,4586.23,0,10,2024-01-04,No
CLI-009257,CTR-009257,49,Alicante,15,81.85,Tienda,Estándar,888.83,5,7,2025-06-14,Sí
CLI-003870,CTR-003870,63,Madrid,69,132.14,Aplicación,Premium,2878.73,2,,2020-12-24,No
CLI-006050,CTR-006050,44,Madrid,56,40.34,Tienda,Estándar,2842.41,0,6,2022-01-28,No
CLI-004340,CTR-004340,35,Zaragoza,38,29.95,Teléfono,Premium,3403.27,6,5,2023-07-18,Sí
CLI-002281,CTR-002281,27,Alicante,38,70.5,Web,Básico,1204.16,6,,2023-07-12,Sí
CLI-005852,CTR-005852,33,Zaragoza,49,44.6,Aplicación,Estándar,3659.06,0,,2022-08-02,No
CLI-004687,CTR-004687,50,Madrid,41,47.5,Aplicación,Básico,2237.53,1,,2023-04-27,Sí
CLI-008056,CTR-008056,37,Barcelona,31,46.34,Aplicación,Empresa,3015,2,4,2024-02-10,Sí
CLI-002924,CTR-002924,42,Zaragoza,47,35.34,Web,Básico,2659.34,4,,2022-10-10,No
CLI-009534,CTR-009534,61,Barcelona,86,73.08,Aplicación,Premium,3057.27,5,8,2019-07-19,No
CLI-000455,CTR-000455,21,Madrid,44,50.74,Aplicación,Estándar,959.39,1,,2023-01-06,Sí
CLI-005556,CTR-005556,48,Barcelona,42,85.26,Web,Básico,2758.06,5,7,2023-03-04,Sí
CLI-008110,CTR-008110,32,Murcia,4,24.09,Tienda,Estándar,807.41,5,,2026-05-18,Sí
CLI-004473,CTR-004473,48,Barcelona,41,43.62,Web,Premium,,6,7,2023-04-06,No
CLI-008842,CTR-008842,52,Málaga,40,63.77,Web,Premium,1863.54,3,5,2023-05-01,Sí
CLI-004238,CTR-004238,42,Madrid,39,42.51,Web,Empresa,2373.71,1,,2023-06-01,No
CLI-006321,CTR-006321,31,Valencia,63,39.48,Web,Premium,1419.22,0,10,2021-06-05,No
CLI-008297,CTR-008297,64,Alicante,64,54.95,Web,Premium,2957.22,2,,2021-05-23,No
CLI-008731,CTR-008731,40,Alicante,48,53.67,Tienda,Básico,2146.42,4,5,2022-09-01,Sí
CLI-002981,CTR-002981,28,Málaga,59,46.84,Tienda,Premium,2141.85,1,7,2021-10-12,No
CLI-004372,CTR-004372,43,Barcelona,65,56.47,Teléfono,Premium,3226.35,2,8,2021-04-28,No
CLI-005387,CTR-005387,38,Valencia,16,77.89,Web,Premium,3307.83,1,,2025-05-09,No
CLI-000775,CTR-000775,33,Barcelona,21,50.65,Tienda,Básico,4147.87,1,4,2024-12-14,No
CLI-003666,CTR-003666,50,Zaragoza,35,48.36,Aplicación,Empresa,,0,7,2023-10-16,No
CLI-008901,CTR-008901,54,Valencia,41,48.37,Tienda,Básico,3476.33,0,,2023-04-26,No
CLI-001090,CTR-001090,38,Sevilla,48,40.58,Web,Estándar,2811.54,5,7,2022-09-12,Sí
CLI-007491,CTR-007491,51,Madrid,17,75.03,Web,Premium,2382.92,2,,2025-04-28,Sí
CLI-009188,CTR-009188,28,Zaragoza,28,39.63,Tienda,Premium,2351.52,4,9,2024-05-13,No
CLI-007841,CTR-007841,45,Madrid,37,53.53,Web,Estándar,2509.56,3,8,2023-08-08,Sí
CLI-001656,CTR-001656,46,Málaga,69,54.43,Tienda,Estándar,3850.73,3,10,2020-12-19,No
CLI-006838,CTR-006838,54,Valencia,10,33.42,Tienda,Básico,2000.8,3,4,2025-11-18,Sí
CLI-000234,CTR-000234,40,Alicante,47,67.97,Web,Básico,2261.13,2,,2022-10-26,No
CLI-004636,CTR-004636,35,Murcia,54,40.27,Web,Básico,2781.02,2,7,2022-03-18,No
CLI-002963,CTR-002963,42,Madrid,64,38.39,Web,Premium,3083.24,2,,2021-05-04,No
CLI-005491,CTR-005491,49,Málaga,42,75.33,Web,Estándar,2396.84,3,,2023-03-27,Sí
CLI-002984,CTR-002984,64,Murcia,14,72.29,Web,Estándar,2529.26,2,,2025-07-12,No
CLI-009173,CTR-009173,46,Zaragoza,40,100.3,Web,Básico,2506.1,6,7,2023-05-16,Sí
CLI-003359,CTR-003359,53,Zaragoza,42,56.22,Tienda,Estándar,,0,5,2023-03-04,Sí
CLI-000450,CTR-000450,52,Valencia,41,26.76,Aplicación,Premium,2023.93,3,6,2023-04-28,No
CLI-000254,CTR-000254,41,Zaragoza,15,78.5,Web,Estándar,2367.95,6,5,2025-06-22,Sí
CLI-005869,CTR-005869,34,Alicante,43,96.12,Tienda,Estándar,2372.44,0,7,2023-02-28,No
CLI-000027,CTR-000027,19,Zaragoza,47,57.02,Tienda,Básico,3364.86,3,7,2022-10-06,No
CLI-009783,CTR-009783,59,Barcelona,33,52.39,Teléfono,Premium,2936.83,2,7,2023-12-16,No
CLI-003467,CTR-003467,28,Alicante,34,53.53,web,Estándar,2627.29,5,3,2023-11-04,Sí
CLI-000187,CTR-000187,39,Madrid,93,43.43,Tienda,Básico,1599.1,0,8,2018-12-25,No
CLI-004985,CTR-004985,55,Barcelona,85,34.31,Tienda,Estándar,4222.98,3,7,2019-08-13,No
CLI-005548,CTR-005548,41,Alicante,9,56.8,Aplicación,Estándar,2892.94,1,6,2025-12-19,No
CLI-004068,CTR-004068,18,Madrid,26,62.21,Aplicación,Básico,1774.68,3,6,2024-07-26,Sí
CLI-000797,CTR-000797,22,Madrid,8,126.33,Teléfono,Básico,1077.33,4,7,2026-01-15,Sí
CLI-008808,CTR-008808,48,Madrid,42,76.2,Tienda,Estándar,2854.41,2,8,2023-03-20,No
CLI-009549,CTR-009549,29,Madrid,73,70.97,Web,Empresa,3880.89,4,7,2020-08-26,No
CLI-003773,CTR-003773,41,Madrid,10,74.96,WEB,Empresa,,10,5,2025-11-14,Sí
CLI-005840,CTR-005840,18,Madrid,15,83.38,Teléfono,Empresa,2909.47,3,,2025-06-16,Sí
CLI-006060,CTR-006060,27,Madrid,72,71.95,Web,Premium,,1,9,2020-09-08,No
CLI-009365,CTR-009365,52,Valencia,21,70.05,web,Estándar,3330.19,1,9,2024-12-13,No
CLI-009701,CTR-009701,29,Valencia,8,82.63,Teléfono,Estándar,2666.51,2,,2026-01-05,Sí
CLI-000009,CTR-009859,24,Málaga,51,33.43,Teléfono,Premium,2596.5,2,9,2022-06-19,No
CLI-006360,CTR-006360,21,Zaragoza,4,48.01,web,Básico,2047.98,8,5,2026-05-10,Sí
CLI-003691,CTR-003691,49,Alicante,14,54.99,Teléfono,Premium,1629.61,4,6,2025-07-25,Sí
CLI-009773,CTR-009773,67,Sevilla,49,61.9,Web,Estándar,1807.01,4,8,2022-08-16,No
CLI-006268,CTR-006268,30,Barcelona,79,89.58,Teléfono,Estándar,,3,,2020-02-08,No
CLI-004934,CTR-004934,42,Madrid,46,88.44,Teléfono,Empresa,1771.11,5,,2022-11-15,Sí
CLI-004002,CTR-004002,28,Murcia,34,31.36,Aplicación,Estándar,2542.07,7,5,2023-11-02,Sí
CLI-004709,CTR-004709,49,Madrid,23,65.17,Web,Premium,2905.11,6,,2024-10-16,Sí
CLI-000284,CTR-000284,20,Zaragoza,92,34.95,Aplicación,Básico,1766.6,5,,2019-01-13,No
CLI-007564,CTR-007564,39,Alicante,34,79.91,Teléfono,Empresa,3343.18,0,6,2023-11-26,Sí
CLI-004748,CTR-004748,39,Barcelona,14,49.69,Web,Empresa,1633.65,4,,2025-07-09,Sí
CLI-001310,CTR-001310,53,Barcelona,95,66.2,Teléfono,Premium,2513.72,3,9,2018-10-19,No
CLI-001635,CTR-001635,51,Barcelona,78,44.11,Tienda,Estándar,3269.11,0,7,2020-03-26,No
CLI-007521,CTR-007521,31,Valencia,2,84.68,Tienda,Estándar,1280.47,6,,2026-07-08,Sí
CLI-008561,CTR-008561,26,Zaragoza,41,75.74,Teléfono,Premium,3812.26,0,8,2023-04-03,No
CLI-007637,CTR-007637,26,Alicante,53,61.91,Tienda,Premium,2809.65,3,,2022-04-02,No
CLI-001840,CTR-001840,41,Sevilla,9,260.22,Web,Empresa,,3,5,2025-12-11,Sí
CLI-003269,CTR-003269,61,Zaragoza,69,38.81,Aplicación,Básico,1923.49,5,6,2020-12-27,No
CLI-006405,CTR-006405,42,Zaragoza,53,62.18,Web,Básico,1461.27,3,9,2022-04-23,No
CLI-003281,CTR-003281,47,Alicante,68,41.42,Web,Estándar,3907.29,3,10,2021-01-25,No
CLI-002176,CTR-002176,58,Madrid,10,76.55,Teléfono,Estándar,3552.78,2,7,2025-11-12,No
CLI-007360,CTR-007360,41,Barcelona,31,65.82,Tienda,Empresa,2196.39,1,6,2024-02-17,Sí
CLI-009540,CTR-009540,44,Madrid,90,65.41,Tienda,Estándar,2554.62,2,8,2019-03-26,No
CLI-002355,CTR-002355,57,Sevilla,12,27.65,Web,Estándar,1916.62,1,,2025-09-13,No
CLI-002445,CTR-002445,41,Zaragoza,10,38.65,Web,Básico,2008.02,5,,2025-11-23,Sí
CLI-005315,CTR-005315,44,Valencia,75,48.02,Tienda,Estándar,2601.36,3,,2020-06-17,No
CLI-002691,CTR-002691,39,Zaragoza,75,71.85,Web,Premium,2156.86,4,,2020-06-06,No
CLI-004116,CTR-004116,41,Barcelona,70,53.42,Teléfono,Básico,2698.17,3,,2020-11-27,No
CLI-006913,CTR-006913,33,Madrid,34,56.83,Tienda,Básico,2338.27,3,,2023-11-06,No
CLI-004127,CTR-004127,39,Madrid,93,70.15,Web,Premium,2777.66,3,7,2018-12-06,No
CLI-008627,CTR-008627,43,Madrid,37,48.94,Web,Premium,1580.18,5,,2023-08-05,Sí
CLI-006166,CTR-006166,48,Murcia,58,44.68,Tienda,Estándar,,2,,2021-11-04,No
CLI-009197,CTR-009197,40,Madrid,29,51.68,Web,Premium,,3,,2024-04-17,No
CLI-001826,CTR-001826,38,Málaga,68,28.19,Tienda,Estándar,,1,6,2021-01-14,No
CLI-004119,CTR-004119,67,Sevilla,36,64.44,web,Premium,3503.08,1,6,2023-09-05,No
CLI-009112,CTR-009112,56,Madrid,11,59.04,Tienda,Básico,3121,3,5,2025-10-18,Sí
CLI-004725,CTR-004725,55,Zaragoza,33,42.66,Teléfono,Básico,750,4,5,2023-12-12,Sí
CLI-002636,CTR-002636,50,Valencia,61,31.68,Web,Básico,2825.19,1,7,2021-08-25,No
CLI-008828,CTR-008828,42,Zaragoza,57,66.89,Teléfono,Premium,3160.04,3,,2021-12-11,No
CLI-008518,CTR-008518,32,Barcelona,32,80,Tienda,Estándar,2203.65,2,6,2024-01-15,Sí
CLI-007315,CTR-007315,49,Madrid,28,62.51,Tienda,Premium,1896.38,3,6,2024-05-06,Sí
CLI-007700,CTR-007700,41,Madrid,31,92.13,Teléfono,Premium,,4,8,2024-02-04,Sí
CLI-005706,CTR-005706,53,Alicante,42,64.84,Web,Estándar,1382.1,2,7,2023-03-24,Sí
CLI-005364,CTR-005364,19,Barcelona,39,85.47,Tienda,Básico,2075.21,6,,2023-06-15,Sí
CLI-007962,CTR-007962,40,Alicante,78,82.76,Web,Estándar,3283.34,0,,2020-03-18,No
CLI-002327,CTR-002327,48,Barcelona,35,36.09,Tienda,Empresa,,2,,2023-10-26,No
CLI-000318,CTR-000318,56,Málaga,42,77.19,Aplicación,Básico,2713.72,1,10,2023-03-01,No
CLI-003235,CTR-003235,36,Madrid,12,50.98,Web,Empresa,2790.66,2,,2025-09-03,Sí
CLI-006026,CTR-006026,39,Madrid,16,73.29,Web,Estándar,3272.37,5,6,2025-05-01,Sí
CLI-007728,CTR-007728,45,Málaga,8,46.63,Web,Estándar,2269.98,1,,2026-01-01,No
CLI-009485,CTR-009485,43,Barcelona,85,87.6,Web,Básico,1583.9,0,,2019-08-09,No
CLI-004090,CTR-004090,34,Sevilla,43,56.43,Teléfono,Estándar,,1,,2023-02-19,No
CLI-009054,CTR-009054,30,Madrid,13,55.82,Tienda,Básico,1300.78,3,,2025-08-24,Sí
CLI-009057,CTR-009057,41,Valencia,41,89.82,Web,Básico,2916.58,4,5,2023-04-20,Sí
CLI-003793,CTR-003793,21,Sevilla,56,55.85,Web,Estándar,3248.53,1,9,2022-01-18,No
CLI-003051,CTR-003051,30,Valencia,50,64.28,Tienda,Estándar,3851.6,3,8,2022-07-13,No
CLI-000436,CTR-000436,43,Sevilla,18,56.64,Tienda,Básico,1775.34,5,6,2025-03-23,Sí
CLI-002464,CTR-002464,18,Barcelona,29,68.08,Tienda,Estándar,3307.83,6,5,2024-04-24,Sí
CLI-008217,CTR-008217,34,Alicante,30,39.36,Aplicación,Estándar,1707.35,2,4,2024-03-06,Sí
CLI-006209,CTR-006209,25,Barcelona,48,59.07,Teléfono,Estándar,1661.81,2,10,2022-09-27,No
CLI-001626,CTR-001626,56,Madrid,74,41.32,Teléfono,Premium,2908.21,3,7,2020-07-15,No
CLI-006433,CTR-006433,42,Madrid,8,72.25,Tienda,Premium,2789.86,5,,2026-01-07,Sí
CLI-001377,CTR-001377,50,Alicante,6,41.49,Web,Premium,4025.2,6,3,2026-03-13,Sí
CLI-006706,CTR-006706,33,Barcelona,54,31.1,Tienda,Estándar,3199.28,1,7,2022-03-26,No
CLI-006485,CTR-006485,29,Madrid,12,66.75,Tienda,Estándar,3375.18,2,3,2025-09-10,Sí
CLI-005955,CTR-005955,55,Madrid,74,24.83,Teléfono,Premium,4468.97,4,7,2020-07-05,No
CLI-008667,CTR-008667,38,Málaga,24,54.85,Teléfono,Básico,1912.44,7,4,2024-09-01,Sí
CLI-004658,CTR-004658,28,Valencia,49,87.76,Aplicación,Básico,2784.16,0,,2022-08-11,No
CLI-002177,CTR-002177,31,Barcelona,58,99.22,Tienda,Básico,2519.65,4,,2021-11-11,No
CLI-005409,CTR-005409,63,Madrid,42,22.06,Tienda,Premium,1252.35,0,,2023-03-06,Sí
CLI-003892,CTR-003892,53,Madrid,94,41.51,Web,Empresa,2648.83,1,7,2018-11-08,No
CLI-002189,CTR-002189,26,Madrid,9,53.67,Aplicación,Estándar,,4,7,2025-12-09,Sí
CLI-003914,CTR-003914,47,Málaga,32,9.9,Web,Estándar,3161.32,1,7,2024-01-07,No
CLI-002043,CTR-002043,49,Madrid,59,78.85,Tienda,Básico,2519.65,4,,2021-10-27,No
CLI-002089,CTR-002089,56,Madrid,11,55.05,Web,Básico,2608.2,3,1,2025-10-01,Sí
CLI-009000,CTR-009000,52,Sevilla,28,86.44,Web,Básico,3081.24,2,6,2024-05-03,No
CLI-006843,CTR-006843,59,Barcelona,55,58.22,Tienda,Estándar,3029.3,1,7,2022-02-22,No
CLI-006526,CTR-006526,51,Valencia,47,42.99,Teléfono,Empresa,2328.59,0,,2022-10-12,No
CLI-001507,CTR-001507,23,Sevilla,7,57.76,Tienda,Premium,3092.99,2,,2026-02-05,Sí
CLI-009007,CTR-009007,32,Madrid,69,35.99,Tienda,Premium,,1,6,2020-12-22,No
CLI-004429,CTR-004429,39,Madrid,37,82.65,Aplicación,Premium,1541.76,6,,2023-08-20,Sí
CLI-009311,CTR-009311,49,Barcelona,13,72.48,Aplicación,Premium,,2,,2025-08-18,No
CLI-000039,CTR-000039,48,Barcelona,46,99.39,Tienda,Básico,1080.77,3,8,2022-11-22,No
CLI-004624,CTR-004624,32,Madrid,6,86.95,Tienda,Premium,,2,,2026-03-05,Sí
CLI-000443,CTR-000443,63,Madrid,62,33.96,Web,Básico,2407.52,4,7,2021-07-08,No
CLI-002193,CTR-002193,40,Valencia,32,92.01,Teléfono,Estándar,2982.13,6,4,2024-01-13,Sí
CLI-000904,CTR-000904,43,Zaragoza,1,88.25,Aplicación,Estándar,1496.19,4,,2026-08-06,Sí
CLI-000585,CTR-000585,45,Sevilla,28,87.82,Teléfono,Estándar,3061.42,4,4,2024-05-22,Sí
CLI-002367,CTR-002367,34,Madrid,70,48.34,Web,Estándar,2219.76,0,7,2020-11-27,No
CLI-008615,CTR-008615,45,Madrid,50,62.89,Tienda,Básico,3103.64,4,7,2022-07-08,No
CLI-006820,CTR-006820,40,Alicante,15,40.55,Aplicación,Premium,1184.32,5,7,2025-06-17,Sí
CLI-008451,CTR-008451,49,Valencia,96,39.01,Web,Estándar,2477.76,0,,2018-09-03,No
CLI-009159,CTR-009159,27,Sevilla,20,58.91,Web,Premium,1853.25,2,,2025-01-10,No
CLI-000157,CTR-000157,33,Sevilla,13,95.45,Web,Estándar,2727.76,4,4,2025-08-07,Sí
CLI-006761,CTR-006761,69,Zaragoza,11,45.28,Tienda,Básico,,1,8,2025-10-15,No
CLI-007309,CTR-007309,61,Madrid,59,32.1,Aplicación,Estándar,,3,,2021-10-24,No
CLI-007006,CTR-007006,44,Sevilla,47,71.7,Web,Estándar,,7,4,2022-10-27,Sí
CLI-001072,CTR-001072,49,Madrid,28,41.28,Teléfono,Básico,2409.75,0,7,2024-05-02,No
CLI-005098,CTR-005098,44,Sevilla,7,46.33,Tienda,Estándar,4019.42,3,10,2026-02-05,No
CLI-006432,CTR-006432,18,Málaga,91,91.98,Tienda,Premium,2105.82,4,,2019-02-07,No
CLI-009628,CTR-009628,47,Zaragoza,43,66.26,Web,Básico,1770.72,3,8,2023-02-27,Sí
CLI-009080,CTR-009080,52,Sevilla,9,62.83,Tienda,Básico,2211.66,0,10,2025-12-18,No
CLI-002366,CTR-002366,49,Alicante,19,51.86,Aplicación,Estándar,1681.08,3,5,2025-02-11,Sí
CLI-008579,CTR-008579,36,Valencia,63,73.07,Web,Premium,1896.69,0,7,2021-06-03,No
CLI-009498,CTR-009498,31,Madrid,43,71.57,Web,Básico,2932.63,5,3,2023-02-20,Sí
CLI-008215,CTR-008215,26,Murcia,52,34.48,Tienda,Premium,3531.06,2,,2022-05-10,No
CLI-001538,CTR-001538,39,Madrid,39,63.08,Web,Premium,1487.61,5,8,2023-06-11,No
CLI-008671,CTR-008671,54,Sevilla,50,62.99,Tienda,Estándar,3104.69,1,6,2022-07-15,No
CLI-005020,CTR-005020,35,Madrid,94,36.13,Tienda,Premium,2045.29,1,,2018-11-26,No
CLI-004950,CTR-004950,42,Murcia,43,63.44,Web,Básico,767.19,1,4,2023-02-17,No
CLI-004522,CTR-004522,19,Barcelona,42,66.46,Teléfono,Estándar,1523.35,4,6,2023-03-18,Sí
CLI-005683,CTR-005683,39,Barcelona,85,85.81,Tienda,Premium,2604.46,3,,2019-08-07,No
CLI-008529,CTR-008529,60,Barcelona,34,99.62,WEB,Estándar,750,3,3,2023-11-19,Sí
CLI-004072,CTR-004072,46,Madrid,12,80.46,Aplicación,Estándar,,0,8,2025-09-12,No
CLI-002444,CTR-002444,41,Málaga,9,33.38,Teléfono,Estándar,1405.67,2,,2025-12-26,No
CLI-003243,CTR-003243,28,Valencia,13,100.14,Teléfono,Básico,2473.71,4,6,2025-08-09,Sí
CLI-009708,CTR-009708,26,Zaragoza,50,55.8,Tienda,Estándar,2108.14,3,7,2022-07-18,No
CLI-009337,CTR-009337,30,Madrid,23,97.61,Teléfono,Premium,3280.43,1,,2024-10-10,No
CLI-002308,CTR-002308,34,Madrid,84,79.47,Web,Estándar,2355.13,0,8,2019-09-27,No
CLI-001942,CTR-001942,48,Alicante,72,43.46,Aplicación,Premium,2790.62,2,8,2020-09-16,No
CLI-004936,CTR-004936,33,Sevilla,35,60.78,Tienda,Estándar,828.29,7,8,2023-10-19,Sí
CLI-003245,CTR-003245,25,Sevilla,20,75.62,Web,Básico,,3,5,2025-01-24,Sí
CLI-000839,CTR-000839,51,Madrid,16,76.93,Web,Premium,1120.51,3,6,2025-05-09,Sí
CLI-004304,CTR-004304,38,Sevilla,16,56.21,Web,Empresa,1893.4,3,6,2025-05-21,Sí
CLI-002075,CTR-002075,42,Valencia,92,86.28,Web,Estándar,3249.57,2,5,2019-01-25,No
CLI-008762,CTR-008762,34,Madrid,64,49.59,Aplicación,Básico,4242.55,2,7,2021-05-06,No
CLI-009134,CTR-009134,68,Zaragoza,47,68.65,Web,Estándar,2646.07,1,9,2022-10-26,No
CLI-000976,CTR-000976,53,Sevilla,6,44.43,WEB,Premium,2960.19,4,4,2026-03-16,Sí
CLI-008417,CTR-008417,44,Málaga,44,60.72,Web,Premium,,1,7,2023-01-15,No
CLI-006981,CTR-006981,41,Zaragoza,63,55.21,Tienda,Estándar,3280.29,1,9,2021-06-13,No
CLI-004876,CTR-004876,57,Madrid,46,80.49,Teléfono,Estándar,3189.28,1,9,2022-11-26,No
CLI-009516,CTR-009516,39,Madrid,10,47.5,Teléfono,Estándar,849.41,5,4,2025-11-23,Sí
CLI-005997,CTR-005997,27,Madrid,36,82.64,Tienda,Empresa,2321.76,2,,2023-09-01,No
CLI-003733,CTR-003733,41,Barcelona,11,67.69,Teléfono,Premium,2795.87,2,7,2025-10-18,Sí
CLI-005055,CTR-005055,18,Málaga,16,78.61,Web,Estándar,,3,4,2025-05-25,No
CLI-007295,CTR-007295,58,Sevilla,17,97.29,Teléfono,Premium,1309.78,4,6,2025-04-22,Sí
CLI-000120,CTR-000120,31,Zaragoza,16,84.13,Web,Premium,1737.54,0,9,2025-05-16,No
CLI-004643,CTR-004643,53,Alicante,43,34.57,,Premium,4630.87,3,8,2023-02-03,No
CLI-003561,CTR-003561,54,Barcelona,6,67.26,Web,Básico,3136.51,0,6,2026-03-23,No
CLI-000660,CTR-000660,40,Murcia,18,64.01,Tienda,Estándar,,3,,2025-03-23,No
CLI-008097,CTR-008097,56,Madrid,30,48.43,web,Básico,3556.82,4,10,2024-03-14,No
CLI-005002,CTR-005002,63,Madrid,66,47.15,Web,Básico,3480.64,2,,2021-03-04,No
CLI-001182,CTR-001182,47,Zaragoza,31,66.48,Tienda,Básico,1497.18,4,5,2024-02-23,Sí
CLI-003128,CTR-003128,45,Barcelona,41,34.38,Teléfono,Básico,875.2,4,8,2023-04-26,No
CLI-001808,CTR-001808,18,Madrid,32,74.11,Web,Premium,1855.06,3,7,2024-01-23,Sí
CLI-005975,CTR-005975,38,Zaragoza,89,-33.15,Web,Empresa,2497.02,2,8,2019-04-27,No
CLI-000033,CTR-009883,43,Barcelona,24,74.92,Web,Estándar,,5,6,2024-09-17,Sí
CLI-005389,CTR-005389,34,Barcelona,26,44.6,Tienda,Estándar,2159.07,1,7,2024-07-07,No
CLI-003471,CTR-003471,54,Barcelona,95,37.38,Tienda,Estándar,4006.5,0,,2018-10-19,No
CLI-007576,CTR-007576,44,Barcelona,96,56.38,Web,Premium,1824.76,3,7,2018-09-20,No
CLI-000576,CTR-000576,23,Madrid,14,48.42,Web,Empresa,3127.96,5,,2025-07-16,Sí
CLI-004551,CTR-004551,43,Zaragoza,25,50.48,Web,Estándar,3143.1,4,,2024-08-01,No
CLI-001167,CTR-001167,43,Málaga,88,40.31,Web,Premium,3917.12,3,8,2019-05-11,No
CLI-001471,CTR-001471,49,Madrid,25,50.33,Tienda,Empresa,3017.06,0,7,2024-08-10,No
CLI-003349,CTR-003349,25,Alicante,77,36.87,Teléfono,Básico,4546.95,1,,2020-04-28,No
CLI-006705,CTR-006705,37,Valencia,61,45.97,Teléfono,Estándar,,3,7,2021-08-14,No
CLI-005747,CTR-005747,48,Zaragoza,18,76.68,Tienda,Premium,3547.2,0,,2025-03-21,No
CLI-009671,CTR-009671,44,Murcia,41,55.96,Web,Premium,2835.13,5,6,2023-04-01,No
CLI-007601,CTR-007601,48,Madrid,4,65.63,Tienda,Premium,3150.61,5,,2026-05-10,Sí
CLI-004515,CTR-004515,33,Málaga,7,53.38,Teléfono,Estándar,,4,7,2026-02-19,Sí
CLI-000730,CTR-000730,28,Murcia,11,74.65,Aplicación,Básico,3359.59,3,,2025-10-19,Sí
CLI-007044,CTR-007044,29,Zaragoza,3,74.37,Web,Premium,3131.72,4,,2026-06-21,Sí
CLI-001046,CTR-001046,38,Sevilla,10,61.04,Aplicación,Estándar,2830.98,4,,2025-11-28,No
CLI-000130,CTR-000130,38,Valencia,54,55.34,Web,Empresa,4099.21,3,7,2022-03-23,No
CLI-009526,CTR-009526,18,Murcia,80,60.61,Aplicación,Empresa,892.7,4,10,2020-01-10,No
CLI-007039,CTR-007039,26,Barcelona,27,53.23,Tienda,Premium,2254.69,7,,2024-06-10,Sí
CLI-007901,CTR-007901,45,Barcelona,37,76.6,Aplicación,Premium,2356.9,2,,2023-08-28,No
CLI-007566,CTR-007566,51,Madrid,27,85.33,Web,Empresa,3149.08,3,8,2024-06-11,No
CLI-004455,CTR-004455,33,Barcelona,4,30.59,Teléfono,Básico,2417.32,8,7,2026-05-05,Sí
CLI-006577,CTR-006577,44,Madrid,26,81.91,Teléfono,Premium,,4,4,2024-07-24,Sí
CLI-006837,CTR-006837,24,Zaragoza,1,65.57,Teléfono,Empresa,3270.23,6,3,2026-08-10,Sí
CLI-000382,CTR-000382,73,Valencia,95,69.36,Tienda,Premium,4821.48,0,9,2018-10-26,No
CLI-003758,CTR-003758,33,Barcelona,28,53.43,Web,Premium,1374.78,2,6,2024-05-15,No
CLI-001697,CTR-001697,43,Madrid,42,89.06,Teléfono,Básico,2928.41,5,7,2023-03-10,Sí
CLI-002932,CTR-002932,44,Sevilla,10,24.71,Teléfono,Estándar,3037.33,1,9,2025-11-26,No
CLI-003628,CTR-003628,53,Barcelona,4,45.9,Aplicación,Básico,1962.67,2,7,2026-05-06,Sí
CLI-008995,CTR-008995,31,Madrid,25,56.72,Tienda,Estándar,,0,,2024-08-05,Sí
CLI-001289,CTR-001289,38,Sevilla,15,74.33,Teléfono,Básico,,4,7,2025-06-21,Sí
CLI-008968,CTR-008968,50,Málaga,59,49.81,Web,Premium,2703.57,1,,2021-10-01,No
CLI-001264,CTR-001264,51,Zaragoza,16,57.34,Tienda,Estándar,1571.92,0,,2025-05-24,No
CLI-008729,CTR-008729,44,Málaga,78,57.23,Tienda,Premium,2589.93,3,,2020-03-05,No
CLI-008578,CTR-008578,56,Madrid,89,56.05,Tienda,Básico,2002.9,1,4,2019-04-26,No
CLI-008079,CTR-008079,38,Valencia,86,49.53,Aplicación,Básico,1672.97,3,,2019-07-10,No
CLI-003571,CTR-003571,38,Madrid,93,51.12,Web,Empresa,2519.91,0,8,2018-12-09,No
CLI-002822,CTR-002822,42,Barcelona,88,43.29,Teléfono,Estándar,2361.72,0,,2019-05-22,No
CLI-001796,CTR-001796,49,Barcelona,8,62.83,Aplicación,Premium,2873.17,2,7,2026-01-11,No
CLI-007073,CTR-007073,22,Valencia,73,63.15,Web,Estándar,750,4,7,2020-08-10,No
CLI-001366,CTR-001366,29,Barcelona,73,63.18,Aplicación,Estándar,10418.61,4,6,2020-08-24,No
CLI-004191,CTR-004191,35,Barcelona,67,30.56,Web,Básico,2051.95,2,6,2021-02-08,No
CLI-000223,CTR-000223,34,Barcelona,93,49.57,Tienda,Básico,1266.77,1,8,2018-12-12,No
CLI-005972,CTR-005972,38,Barcelona,27,45.73,Web,Premium,2353.2,5,5,2024-06-04,No
CLI-006540,CTR-006540,48,Valencia,20,43.09,Tienda,Estándar,3592.92,2,8,2025-01-26,No
CLI-008778,CTR-008778,39,Madrid,45,255.57,Tienda,Básico,10037.04,7,,2022-12-15,Sí
CLI-007443,CTR-007443,33,Barcelona,34,54.7,web,Básico,2106.23,4,,2023-11-17,No
CLI-004257,CTR-004257,34,Madrid,42,46.01,Tienda,Empresa,2325.24,3,,2023-03-20,Sí
CLI-006019,CTR-006019,65,Barcelona,68,82.9,Tienda,Premium,2943.35,4,9,2021-01-23,No
CLI-001971,CTR-001971,38,Valencia,27,70.95,Web,Premium,3694.47,1,9,2024-06-26,No
CLI-001221,CTR-001221,43,Valencia,64,45.82,WEB,Básico,2190.66,5,,2021-05-02,No
CLI-009085,CTR-009085,40,Madrid,44,63.47,Teléfono,Premium,3185.2,4,,2023-01-26,Sí
CLI-006631,CTR-006631,39,Málaga,8,57.09,Web,Estándar,1368.97,3,4,2026-01-23,Sí
CLI-009361,CTR-009361,39,Sevilla,63,40.56,Web,Empresa,3611.82,0,,2021-06-07,No
CLI-002888,CTR-002888,39,Barcelona,40,49.04,Aplicación,Estándar,1294.54,6,3,2023-05-06,Sí
CLI-001689,CTR-001689,44,Sevilla,15,50.81,Tienda,Básico,2973.58,7,,2025-06-07,Sí
CLI-005293,CTR-005293,41,Sevilla,21,18.73,Tienda,Premium,956.49,6,7,2024-12-22,Sí
CLI-004395,CTR-004395,46,Barcelona,15,89.03,Tienda,Básico,1680.67,4,5,2025-06-04,Sí
CLI-007469,CTR-007469,39,Barcelona,14,60.68,Web,Estándar,1864.76,2,,2025-07-07,No
CLI-003677,CTR-003677,37,Valencia,21,97.41,Teléfono,Básico,1478.4,4,,2024-12-15,Sí
CLI-005846,CTR-005846,56,Málaga,95,58.06,Web,Básico,,1,5,2018-10-27,No
CLI-001707,CTR-001707,51,Alicante,49,46.66,Tienda,Empresa,2157.89,1,9,2022-08-03,No
CLI-002132,CTR-002132,59,Valencia,28,69.24,Web,Básico,2736.21,3,,2024-05-12,Sí
CLI-004280,CTR-004280,47,Valencia,-2,77.6,Tienda,Premium,3245.76,3,7,2022-09-10,Sí
CLI-003116,CTR-003116,25,Madrid,33,73.45,Tienda,Premium,2400.79,6,3,2023-12-27,Sí
CLI-003383,CTR-003383,39,Sevilla,15,62.39,Tienda,Premium,3630.92,2,,2025-06-04,No
CLI-002120,CTR-002120,60,Alicante,12,51.09,,Estándar,2005.59,2,,2025-09-22,No
CLI-000272,CTR-000272,24,Alicante,35,47.23,Web,Básico,1975.32,4,5,2023-10-02,Sí
CLI-009688,CTR-009688,45,Murcia,23,100.58,Web,Premium,,5,,2024-10-25,Sí
CLI-008032,CTR-008032,46,Sevilla,34,71.9,Aplicación,Básico,,3,7,2023-11-21,Sí
CLI-004844,CTR-004844,47,Madrid,80,68.6,Web,Premium,3872.63,3,4,2020-01-26,No
CLI-000028,CTR-009878,27,Madrid,35,63.84,Tienda,Estándar,3722.68,7,,2023-10-13,Sí
CLI-007503,CTR-007503,39,Alicante,78,51.21,,Básico,,3,7,2020-03-04,No
CLI-008066,CTR-008066,37,Barcelona,12,69.49,Teléfono,Básico,2973.08,1,,2025-09-18,No
CLI-005312,CTR-005312,35,Alicante,18,71.05,Tienda,Estándar,2554.38,3,,2025-03-23,Sí
CLI-002707,CTR-002707,46,Málaga,94,79.99,Tienda,Básico,4625.41,1,6,2018-11-25,No
CLI-004532,CTR-004532,39,Madrid,9,97.23,Web,Estándar,1828.7,3,4,2025-12-22,Sí
CLI-008073,CTR-008073,34,Alicante,80,58.19,Teléfono,Estándar,,2,8,2020-01-17,No
CLI-007513,CTR-007513,35,Sevilla,45,47.79,Web,Estándar,3277.28,3,,2022-12-10,No
CLI-005668,CTR-005668,62,Murcia,88,81.11,Aplicación,Premium,2389.54,2,5,2019-05-17,No
CLI-004242,CTR-004242,18,Valencia,92,36.5,Teléfono,Básico,,1,9,2019-01-04,No
CLI-001648,CTR-001648,29,Alicante,11,61.42,Tienda,Empresa,1655.13,4,4,2025-10-15,Sí
CLI-005717,CTR-005717,18,Málaga,46,67.63,Tienda,Estándar,,5,5,2022-11-23,Sí
CLI-007947,CTR-007947,58,Sevilla,46,42.25,Teléfono,Estándar,3132.45,0,9,2022-11-09,No
CLI-005584,CTR-005584,18,Madrid,33,82.39,Aplicación,Estándar,2408.82,2,7,2023-12-22,Sí
CLI-009181,CTR-009181,48,Madrid,72,44.87,Web,Estándar,2406,4,,2020-09-04,No
CLI-001943,CTR-001943,30,Murcia,1,82.19,Web,Premium,2717.37,5,5,2026-08-19,Sí
CLI-000086,CTR-000086,34,Zaragoza,1,62.74,Aplicación,Básico,1736.14,5,,2026-08-17,Sí
CLI-008221,CTR-008221,18,Madrid,75,36.42,Aplicación,Básico,1510.58,2,,2020-06-07,No
CLI-001725,CTR-001725,47,Valencia,69,56.02,Tienda,Premium,2719.79,3,,2020-12-13,No
CLI-007242,CTR-007242,18,Valencia,18,52.09,Web,Estándar,2761.6,1,6,2025-03-09,No
CLI-002055,CTR-002055,74,Barcelona,7,53.64,Web,Premium,1583.28,1,10,2026-02-28,No
CLI-002403,CTR-002403,38,Sevilla,40,74.4,Web,Premium,2145.38,4,6,2023-05-04,Sí
CLI-007494,CTR-007494,50,Madrid,79,79.11,Teléfono,Premium,1416.7,0,3,2020-02-26,No
CLI-009110,CTR-009110,48,Madrid,93,68.46,Tienda,Premium,2978.74,1,8,2018-12-07,No
CLI-004823,CTR-004823,49,Málaga,58,53.91,Web,Básico,2624.8,1,6,2021-11-17,No
CLI-007680,CTR-007680,41,Málaga,29,54.45,Web,Básico,1508.55,2,,2024-04-05,No
CLI-003693,CTR-003693,33,Madrid,11,92.73,Teléfono,Empresa,2403.09,1,5,2025-10-22,Sí
CLI-002824,CTR-002824,58,Zaragoza,79,41.51,Web,Estándar,,1,9,2020-02-08,No
CLI-006994,CTR-006994,41,Barcelona,72,24.83,Web,Estándar,4724.34,2,6,2020-09-01,No
CLI-008570,CTR-008570,19,Madrid,3,79.8,Web,Básico,,4,6,2026-06-19,Sí
CLI-006789,CTR-006789,61,Madrid,6,81.01,Teléfono,Empresa,3429.4,0,,2026-03-15,No
CLI-000502,CTR-000502,52,Madrid,82,53.51,Web,Estándar,2509.53,2,9,2019-11-27,No
CLI-006961,CTR-006961,50,Barcelona,43,17.97,Teléfono,Empresa,750,6,,2023-02-17,Sí
CLI-007747,CTR-007747,33,Barcelona,82,65.94,Teléfono,Básico,3692.75,0,7,2019-11-24,No
CLI-008685,CTR-008685,18,Valencia,78,43.53,Tienda,Básico,4395.23,3,8,2020-03-15,No
CLI-003376,CTR-003376,44,Madrid,30,48.86,,Empresa,,4,7,2024-03-13,No
CLI-009123,CTR-009123,41,Barcelona,1,39.28,Tienda,Estándar,1400.54,6,,2026-08-11,Sí
CLI-007805,CTR-007805,38,Barcelona,80,38.03,Tienda,Estándar,2462.97,0,,2020-01-24,No
CLI-008278,CTR-008278,40,Valencia,14,46.03,web,Premium,,1,,2025-07-12,No
CLI-007172,CTR-007172,49,Málaga,47,53.75,Web,Estándar,2970.51,7,7,2022-10-05,No
CLI-006815,CTR-006815,39,Murcia,46,75.87,Tienda,Básico,2213.05,4,4,2022-11-20,Sí
CLI-000896,CTR-000896,54,Barcelona,37,53.1,Web,Básico,2183.19,9,6,2023-08-13,Sí
CLI-005980,CTR-005980,28,Alicante,21,113.96,Web,Estándar,,8,2,2024-12-07,Sí
CLI-001130,CTR-001130,24,Madrid,54,62.53,Aplicación,Premium,,2,6,2022-03-06,No
CLI-005258,CTR-005258,37,Málaga,3,91.17,Tienda,Básico,2405.64,4,6,2026-06-06,Sí
CLI-003384,CTR-003384,32,Murcia,35,52.86,Web,Estándar,2219.82,1,8,2023-10-20,No
CLI-002125,CTR-002125,51,Murcia,14,35.72,Aplicación,Premium,2114.15,0,6,2025-07-11,No
CLI-008853,CTR-008853,32,Valencia,69,30.89,Web,Estándar,1744.04,4,,2020-12-16,No
CLI-005795,CTR-005795,59,Alicante,65,46.4,Tienda,Empresa,3434.71,2,8,2021-04-22,No
CLI-005323,CTR-005323,40,Málaga,11,67.07,Teléfono,Estándar,,7,5,2025-10-08,Sí
CLI-004556,CTR-004556,55,Valencia,5,97.9,Web,Estándar,2351.07,7,3,2026-04-04,Sí
CLI-008371,CTR-008371,52,Sevilla,47,39.88,Web,Empresa,2713.1,1,6,2022-10-11,No
CLI-001536,CTR-001536,40,Barcelona,20,58.4,Tienda,Premium,2520.77,5,6,2025-01-28,No
CLI-008574,CTR-008574,28,Madrid,15,45.36,Aplicación,Estándar,3207.45,2,7,2025-06-27,Sí
CLI-006435,CTR-006435,63,Barcelona,13,51.26,Web,Premium,,3,7,2025-08-13,Sí
CLI-004613,CTR-004613,36,Sevilla,9,43.93,Web,Premium,,0,,2025-12-17,No
CLI-006039,CTR-006039,34,Málaga,34,92.8,Tienda,Premium,2997.77,3,,2023-11-25,Sí
CLI-004742,CTR-004742,40,Madrid,10,61.06,Aplicación,Básico,2364.88,3,7,2025-11-03,Sí
CLI-001514,CTR-001514,32,Madrid,41,66.66,Web,Básico,,4,,2023-04-23,Sí
CLI-000245,CTR-000245,48,Sevilla,89,64.89,Tienda,Básico,1877.28,2,,2019-04-15,No
CLI-005973,CTR-005973,54,Valencia,4,76.4,Web,Estándar,,4,,2026-05-07,Sí
CLI-009094,CTR-009094,22,Alicante,76,85.65,Web,Estándar,4213.96,2,5,2020-05-24,No
CLI-007118,CTR-007118,27,Madrid,41,75.95,Web,Básico,2746.04,7,,2023-04-28,Sí
CLI-007031,CTR-007031,18,Zaragoza,3,52.29,Teléfono,Básico,2248.46,4,8,2026-06-08,Sí
CLI-006723,CTR-006723,42,Valencia,46,80.6,Teléfono,Estándar,1143.48,3,4,2022-11-02,Sí
CLI-005613,CTR-005613,42,Málaga,29,44.55,Web,Estándar,1293.85,0,6,2024-04-20,No
CLI-006277,CTR-006277,65,Valencia,38,75.47,Tienda,Estándar,2428.43,1,8,2023-07-19,No
CLI-003670,CTR-003670,18,Murcia,19,44.87,Web,Estándar,1711.36,3,,2025-02-08,Sí
CLI-005903,CTR-005903,32,Barcelona,29,44.1,Web,Premium,2239.69,3,,2024-04-11,No
CLI-001044,CTR-001044,34,Madrid,30,69.97,Web,Básico,,1,8,2024-03-21,No
CLI-000011,CTR-009861,39,Málaga,46,91.27,Tienda,Estándar,2678.29,0,6,2022-11-10,No
CLI-006930,CTR-006930,37,Málaga,25,58.14,Tienda,Básico,1799.85,2,4,2024-08-03,Sí
CLI-004628,CTR-004628,43,Barcelona,13,27,Tienda,Estándar,1966.36,5,,2025-08-13,No
CLI-008873,CTR-008873,37,Madrid,91,9.9,Web,Básico,,1,,2019-02-21,No
CLI-002134,CTR-002134,53,Barcelona,59,40,Web,Estándar,,1,7,2021-10-03,No
CLI-004450,CTR-004450,57,Madrid,34,87.76,,Premium,2261.25,5,6,2023-11-01,Sí
CLI-001417,CTR-001417,28,Zaragoza,47,58.57,Tienda,Estándar,2282.82,1,8,2022-10-11,No
CLI-000497,CTR-000497,51,Sevilla,26,79.28,Tienda,Estándar,2403.79,2,,2024-07-05,No
CLI-008375,CTR-008375,47,Barcelona,26,71.62,Tienda,Empresa,,11,5,2024-07-05,Sí
CLI-008549,CTR-008549,38,Sevilla,68,49.71,Tienda,Estándar,2784.99,0,,2021-01-19,No
CLI-006594,CTR-006594,69,Alicante,70,34.66,,Premium,,2,6,2020-11-21,No
CLI-003722,CTR-003722,63,Barcelona,71,54.06,web,Básico,3534.99,5,3,2020-10-14,No
CLI-001035,CTR-001035,31,Murcia,32,82.14,WEB,Básico,3477.77,6,4,2024-01-18,Sí
CLI-000598,CTR-000598,57,Zaragoza,22,24.43,Aplicación,Premium,2420.93,1,5,2024-11-01,No
CLI-008555,CTR-008555,36,Zaragoza,34,60.75,Web,Básico,3479.65,3,8,2023-11-22,No
CLI-001815,CTR-001815,53,Murcia,21,78.2,Web,Básico,,5,6,2024-12-19,Sí
CLI-007590,CTR-007590,65,Valencia,18,30.3,Web,Estándar,,4,7,2025-03-14,No
CLI-007993,CTR-007993,47,Valencia,84,30.19,Web,Premium,750,0,6,2019-09-26,No
CLI-000636,CTR-000636,24,Valencia,9,80.73,Tienda,Premium,3055.71,4,4,2025-12-17,Sí
CLI-008189,CTR-008189,33,Murcia,81,55.51,Web,Empresa,2435.97,2,,2019-12-27,No
CLI-009760,CTR-009760,18,Sevilla,28,76.97,Aplicación,Estándar,1655.86,2,2,2024-05-25,Sí
CLI-005115,CTR-005115,48,Madrid,9,76.13,Web,Premium,1426.68,5,,2025-12-05,Sí
CLI-008116,CTR-008116,76,Barcelona,93,65.82,Teléfono,Básico,1053.49,3,7,2018-12-06,No
CLI-005887,CTR-005887,43,Barcelona,9,61.14,Web,Básico,3316.55,4,,2025-12-15,Sí
CLI-001381,CTR-001381,56,Madrid,35,54.68,Web,Premium,2921.29,2,9,2023-10-11,No
CLI-003739,CTR-003739,45,Madrid,32,70.12,Web,Estándar,,4,,2024-01-22,No
CLI-007423,CTR-007423,54,Valencia,80,256.31,Web,Estándar,10957.89,2,6,2020-01-12,No
CLI-000481,CTR-000481,20,Zaragoza,20,72.05,Web,Básico,3410.13,1,6,2025-01-12,No
CLI-007274,CTR-007274,21,Barcelona,17,75.34,Teléfono,Premium,3502.17,1,10,2025-04-24,No
CLI-002848,CTR-002848,35,Sevilla,85,61.38,Web,Premium,1633.04,2,7,2019-08-16,No
CLI-002565,CTR-002565,30,Madrid,34,42.77,Web,Estándar,2837.23,4,7,2023-11-16,No
CLI-009825,CTR-009825,18,Valencia,21,96.82,Tienda,Estándar,2340.41,6,4,2024-12-10,Sí
CLI-003436,CTR-003436,52,Málaga,50,51.48,Teléfono,Estándar,2290.12,0,9,2022-07-26,No
CLI-009717,CTR-009717,28,Madrid,20,89.53,Tienda,Premium,1645.28,2,4,2025-01-14,Sí
CLI-006600,CTR-006600,66,Barcelona,75,66.57,Teléfono,Estándar,2306.88,4,,2020-06-28,No
CLI-009535,CTR-009535,40,Málaga,30,66.64,Web,Estándar,3945.58,1,,2024-03-21,No
CLI-005815,CTR-005815,23,Zaragoza,22,73.31,Aplicación,Empresa,3124.81,1,,2024-11-01,Sí
CLI-001096,CTR-001096,24,Madrid,42,57.01,Aplicación,Estándar,2216.16,2,7,2023-03-08,No
CLI-003845,CTR-003845,41,Murcia,35,62.93,Aplicación,Básico,1426.79,5,,2023-10-03,Sí
CLI-002764,CTR-002764,45,Valencia,25,33.75,Teléfono,Estándar,3637.15,4,6,2024-08-14,Sí
CLI-006404,CTR-006404,39,Barcelona,45,84.44,WEB,Básico,1671.07,3,,2022-12-14,Sí
CLI-007200,CTR-007200,40,Madrid,40,88.31,Tienda,Básico,3763.5,3,6,2023-05-14,No
CLI-004501,CTR-004501,18,Barcelona,2,80.88,Web,Premium,,3,5,2026-07-21,Sí
CLI-008786,CTR-008786,27,Sevilla,35,77.2,Web,Estándar,,0,3,2023-10-15,Sí
CLI-009375,CTR-009375,28,Alicante,50,40,Aplicación,Estándar,,0,6,2022-07-07,No
CLI-006483,CTR-006483,62,Sevilla,32,59.04,Web,Empresa,3544.49,3,,2024-01-15,No
CLI-004249,CTR-004249,52,Barcelona,17,87.79,Web,Estándar,2572.48,0,4,2025-04-04,Sí
CLI-005147,CTR-005147,47,Barcelona,1,86.49,Aplicación,Premium,950.71,4,5,2026-08-02,Sí
CLI-008965,CTR-008965,62,Sevilla,23,92.85,Aplicación,Empresa,4106.46,4,7,2024-10-07,No
CLI-002427,CTR-002427,53,Sevilla,45,93.48,Web,Básico,2558.64,6,6,2022-12-13,Sí
CLI-007140,CTR-007140,44,Sevilla,40,74.98,Aplicación,Estándar,3271.88,6,4,2023-05-24,Sí
CLI-009659,CTR-009659,46,Valencia,40,65.14,web,Estándar,,0,6,2023-05-17,Sí
CLI-001157,CTR-001157,50,Madrid,15,87.93,Tienda,Estándar,2587.49,5,6,2025-06-16,Sí
CLI-008771,CTR-008771,52,Zaragoza,66,67.1,Web,Premium,2000.47,0,7,2021-03-28,No
CLI-008402,CTR-008402,32,Madrid,56,76.28,Tienda,Estándar,2969.5,1,7,2022-01-27,No
CLI-000903,CTR-000903,18,Barcelona,9,45.28,WEB,Estándar,2158.81,2,5,2025-12-01,Sí
CLI-006022,CTR-006022,18,Valencia,23,74.76,Teléfono,Básico,2242.52,5,3,2024-10-05,Sí
CLI-005339,CTR-005339,44,Valencia,30,55.36,Web,Premium,1936.11,1,,2024-03-12,No
CLI-009694,CTR-009694,59,Sevilla,42,73.53,Teléfono,Estándar,3104.03,5,5,2023-03-19,Sí
CLI-005419,CTR-005419,36,Madrid,65,47.89,Teléfono,Estándar,1855.31,3,,2021-04-03,No
CLI-006829,CTR-006829,47,Alicante,23,68.81,Teléfono,Básico,825.51,5,,2024-10-09,No
CLI-000025,CTR-000025,43,Madrid,80,55.24,Web,Estándar,2020.86,2,9,2020-01-22,No
CLI-007662,CTR-007662,53,Barcelona,71,98.4,Teléfono,Premium,2678.05,3,8,2020-10-20,No
CLI-007964,CTR-007964,54,Valencia,33,73.36,Tienda,Empresa,2597.57,0,7,2023-12-09,No
CLI-000673,CTR-000673,26,Alicante,24,86.3,Teléfono,Básico,,6,3,2024-09-12,Sí
CLI-007953,CTR-007953,27,Murcia,3,85.73,Web,Básico,2385.49,5,4,2026-06-26,Sí
CLI-000348,CTR-000348,35,Zaragoza,8,53.98,Tienda,Básico,2752.07,6,8,2026-01-16,Sí
CLI-008846,CTR-008846,35,Madrid,52,48.42,Web,Básico,,0,6,2022-05-28,No
CLI-000521,CTR-000521,38,Murcia,83,71.97,Teléfono,Básico,4062.02,1,8,2019-10-19,No
CLI-005599,CTR-005599,32,Barcelona,49,15.63,Tienda,Básico,2492.03,3,9,2022-08-15,No
CLI-008502,CTR-008502,28,Barcelona,6,70.27,,Estándar,2200.93,3,5,2026-03-14,Sí
CLI-006179,CTR-006179,55,Madrid,43,64.22,Tienda,Estándar,1544.75,4,10,2023-02-13,No
CLI-006125,CTR-006125,66,Valencia,7,83.61,Teléfono,Estándar,2339.73,3,,2026-02-16,No
CLI-000271,CTR-000271,25,Madrid,38,46.15,Web,Empresa,3024.45,4,6,2023-07-21,Sí
CLI-008301,CTR-008301,45,Madrid,68,52.39,Web,Estándar,,0,8,2021-01-15,No
CLI-001087,CTR-001087,60,Alicante,21,85.49,Web,Estándar,3722.2,5,5,2024-12-09,Sí
CLI-005794,CTR-005794,31,Madrid,24,72.14,Tienda,Básico,1906.19,5,7,2024-09-18,Sí
CLI-000370,CTR-000370,35,Madrid,42,58.71,Web,Premium,2059.63,4,3,2023-03-19,Sí
CLI-000808,CTR-000808,39,Madrid,28,66.13,Web,Empresa,2263.1,2,,2024-05-07,Sí
CLI-003581,CTR-003581,57,Barcelona,19,70.18,Tienda,Premium,1563.99,2,,2025-02-26,No
CLI-008441,CTR-008441,51,Sevilla,37,92.19,Web,Estándar,,1,8,2023-08-10,No
CLI-008924,CTR-008924,19,Murcia,16,39.39,Aplicación,Básico,3051.83,3,6,2025-05-23,Sí
CLI-009648,CTR-009648,42,Barcelona,84,61.26,Aplicación,Básico,1164.74,0,9,2019-09-26,No
CLI-005508,CTR-005508,49,Málaga,22,71.59,Web,Estándar,2982.57,1,6,2024-11-17,No
CLI-004333,CTR-004333,47,Valencia,30,65.03,Web,Premium,2660.11,4,,2024-03-01,Sí
CLI-005256,CTR-005256,33,Barcelona,33,71.05,Web,Estándar,3615.77,2,,2023-12-01,No
CLI-006987,CTR-006987,29,Madrid,58,63.1,Aplicación,Básico,3303.71,4,,2021-11-08,No
CLI-007724,CTR-007724,21,Murcia,55,62.67,Tienda,Estándar,,1,7,2022-02-06,No
CLI-009677,CTR-009677,33,Madrid,46,73.33,Teléfono,Básico,2458.49,5,6,2022-11-23,Sí
CLI-002575,CTR-002575,40,Barcelona,14,23.82,Web,Estándar,2513.64,2,10,2025-07-10,No
CLI-002156,CTR-002156,45,Murcia,32,61.06,Tienda,Empresa,750,3,5,2024-01-22,Sí
CLI-009010,CTR-009010,43,Madrid,20,83.59,Web,Estándar,,3,9,2025-01-13,No
CLI-003749,CTR-003749,29,Murcia,69,75.75,Web,Estándar,2159.05,3,7,2020-12-26,No
CLI-004517,CTR-004517,34,Málaga,48,75.68,Web,Premium,2728.02,1,7,2022-09-11,No
CLI-009543,CTR-009543,29,Alicante,61,72.74,Tienda,Estándar,,0,9,2021-08-16,No
CLI-006137,CTR-006137,73,Zaragoza,61,33.7,Tienda,Básico,4625.5,2,7,2021-08-05,No
CLI-004527,CTR-004527,33,Sevilla,67,43.81,Web,Estándar,,3,10,2021-02-01,No
CLI-005649,CTR-005649,34,Zaragoza,35,80.92,Aplicación,Básico,3063.06,0,9,2023-10-23,No
CLI-007081,CTR-007081,48,Sevilla,16,67.72,,Estándar,,0,10,2025-05-18,No
CLI-000197,CTR-000197,32,Madrid,30,49.74,Web,Premium,,6,,2024-03-21,Sí
CLI-006172,CTR-006172,40,Madrid,14,60.54,Aplicación,Estándar,3506.09,4,7,2025-07-10,Sí
CLI-000604,CTR-000604,37,Zaragoza,11,62.79,Aplicación,Premium,1206.3,2,5,2025-10-11,Sí
CLI-003063,CTR-003063,50,Madrid,9,82.01,Tienda,Premium,750,4,5,2025-12-20,Sí
CLI-004379,CTR-004379,47,Barcelona,7,85.97,Tienda,Estándar,2169.96,3,8,2026-02-06,No
CLI-007313,CTR-007313,43,Madrid,68,56.25,Tienda,Empresa,2472.07,0,6,2021-01-25,No
CLI-005861,CTR-005861,45,Barcelona,37,14.65,Web,Estándar,3245.4,0,,2023-08-18,No
CLI-003381,CTR-003381,24,Alicante,13,52.55,Aplicación,Empresa,1683.3,5,8,2025-08-25,Sí
CLI-001299,CTR-001299,18,Málaga,11,81.41,Web,Estándar,3160.71,4,7,2025-10-22,Sí
CLI-009100,CTR-009100,60,Zaragoza,40,93.31,web,Estándar,1067.65,3,,2023-05-28,Sí
CLI-007770,CTR-007770,37,Murcia,26,63.43,Aplicación,Básico,,1,,2024-07-05,Sí
CLI-000427,CTR-000427,41,Madrid,23,55.62,Teléfono,Estándar,3079.18,6,9,2024-10-13,No
CLI-005042,CTR-005042,40,Madrid,9,101.9,Teléfono,Estándar,1923.71,3,5,2025-12-20,Sí
CLI-008567,CTR-008567,25,Zaragoza,32,60.54,Web,Básico,4084.2,3,7,2024-01-08,No
CLI-001564,CTR-001564,51,Alicante,32,68.51,Web,Empresa,,3,,2024-01-03,No
CLI-000024,CTR-000024,31,Madrid,8,81.83,Web,Empresa,2239.95,4,5,2026-01-09,Sí
CLI-004268,CTR-004268,29,Valencia,12,79.87,Tienda,Empresa,2291.17,8,5,2025-09-04,Sí
CLI-009147,CTR-009147,49,Málaga,33,35.58,Tienda,Empresa,2351.74,2,,2023-12-22,No
CLI-000195,CTR-000195,32,Barcelona,93,52.57,Web,Estándar,2230.75,2,,2018-12-11,No
CLI-000515,CTR-000515,18,Madrid,59,29.6,Teléfono,Básico,2914.73,0,7,2021-10-23,No
CLI-002076,CTR-002076,74,Málaga,79,53.95,Web,Estándar,2557.29,2,8,2020-02-24,No
CLI-002270,CTR-002270,30,Sevilla,63,88.92,Teléfono,Básico,3490.61,1,,2021-06-07,No
CLI-009738,CTR-009738,25,Madrid,5,74.92,Tienda,Estándar,2732.61,5,,2026-04-22,Sí
CLI-000823,CTR-000823,32,Barcelona,33,96.24,Web,Premium,2352.7,3,5,2023-12-03,Sí
CLI-005657,CTR-005657,41,Murcia,42,64.72,Teléfono,Premium,2725.09,6,7,2023-03-13,Sí
CLI-006602,CTR-006602,60,Barcelona,22,55.84,Web,Premium,1429.25,7,5,2024-11-28,Sí
CLI-005155,CTR-005155,51,Málaga,46,77.89,Web,Básico,,4,9,2022-11-04,No
CLI-000757,CTR-000757,33,Sevilla,10,106.31,Aplicación,Básico,2078.03,3,,2025-11-09,Sí
CLI-005502,CTR-005502,31,Valencia,95,77.99,Web,Empresa,3316.95,0,10,2018-10-09,No
CLI-007397,CTR-007397,21,Murcia,11,33.29,Web,Estándar,1321.96,6,5,2025-10-19,Sí
CLI-007665,CTR-007665,47,Barcelona,66,41.71,WEB,Estándar,1116.91,4,,2021-03-16,No
CLI-005000,CTR-005000,42,Valencia,90,68.36,Aplicación,Premium,4611.89,0,,2019-03-10,No
CLI-001520,CTR-001520,50,Valencia,8,37.47,Tienda,Básico,2983.1,2,5,2026-01-04,No
CLI-008291,CTR-008291,24,Murcia,35,55.89,Web,Estándar,3190.26,6,5,2023-10-21,Sí
CLI-005804,CTR-005804,44,Barcelona,32,56.98,Web,Estándar,4133.17,3,8,2024-01-23,No
CLI-005559,CTR-005559,44,Madrid,13,28.9,WEB,Estándar,,5,,2025-08-04,Sí
CLI-004070,CTR-004070,39,Zaragoza,47,82.87,Web,Estándar,3536.14,0,5,2022-10-26,No
CLI-007645,CTR-007645,35,Zaragoza,52,16.89,Teléfono,Estándar,2432.45,4,10,2022-05-04,No
CLI-005462,CTR-005462,45,Madrid,91,21.92,Tienda,Estándar,3256.78,4,8,2019-02-21,No
CLI-004362,CTR-004362,70,Sevilla,50,53.55,Aplicación,Empresa,2522.3,3,,2022-07-17,No
CLI-008304,CTR-008304,26,Zaragoza,82,89.18,Aplicación,Premium,2795.57,1,7,2019-11-26,No
CLI-006697,CTR-006697,31,Barcelona,7,48.4,Web,Básico,750,2,,2026-02-14,Sí
CLI-004508,CTR-004508,67,Madrid,15,49.4,Teléfono,Empresa,2294.26,4,7,2025-06-21,No
CLI-007862,CTR-007862,46,Murcia,49,66.94,Tienda,Premium,3404.75,2,,2022-08-13,No
CLI-009507,CTR-009507,45,Valencia,26,104.09,Teléfono,Premium,1046.08,6,,2024-07-18,Sí
CLI-000580,CTR-000580,33,Madrid,23,91.08,Tienda,Básico,3586.51,1,5,2024-10-02,No
CLI-003783,CTR-003783,37,Valencia,96,49.08,Teléfono,Estándar,2415.93,2,8,2018-09-18,No
CLI-000319,CTR-000319,45,Barcelona,88,80.55,Aplicación,Estándar,2028.35,2,8,2019-05-07,No
CLI-000048,CTR-009898,57,Sevilla,65,56.26,Teléfono,Empresa,1786.87,4,10,2021-04-26,No
CLI-007237,CTR-007237,54,Valencia,65,61.04,Aplicación,Básico,2641.53,2,10,2021-04-17,No
CLI-002185,CTR-002185,34,Barcelona,47,59.23,Teléfono,Básico,3403.03,0,8,2022-10-10,No
CLI-000799,CTR-000799,47,Alicante,65,44.23,Teléfono,Estándar,2105.26,5,,2021-04-25,No
CLI-002520,CTR-002520,34,Zaragoza,45,60.38,Web,Premium,2831.11,3,,2022-12-10,Sí
CLI-008242,CTR-008242,52,Murcia,19,76.74,Aplicación,Estándar,2837.63,4,,2025-02-19,Sí
CLI-009259,CTR-009259,62,Zaragoza,53,62.38,Teléfono,Estándar,2298.82,3,,2022-04-05,No
CLI-002097,CTR-002097,30,Madrid,41,83.73,Web,Estándar,1304.05,4,3,2023-04-14,Sí
CLI-001034,CTR-001034,45,Madrid,30,34.35,Teléfono,Estándar,3465.81,5,5,2024-03-08,Sí
CLI-002885,CTR-002885,52,Sevilla,17,64.4,Tienda,Estándar,,5,6,2025-04-28,No
CLI-000886,CTR-000886,32,Madrid,83,57.01,Aplicación,Empresa,2157.66,2,5,2019-10-25,No
CLI-002807,CTR-002807,28,Barcelona,10,52.21,Web,Básico,1902.22,5,,2025-11-19,Sí
CLI-003529,CTR-003529,35,Alicante,78,50.2,WEB,Premium,1462.6,5,,2020-03-08,No
CLI-001676,CTR-001676,39,Murcia,46,62.58,Tienda,Empresa,2450.35,6,7,2022-11-02,Sí
CLI-006003,CTR-006003,18,Madrid,14,93.04,Web,Premium,,3,5,2025-07-10,Sí
CLI-006024,CTR-006024,24,Málaga,4,85.74,Teléfono,Básico,2208.2,7,,2026-05-08,Sí
CLI-000704,CTR-000704,50,Valencia,48,53.98,Aplicación,Estándar,1395.35,4,7,2022-09-27,No
CLI-009479,CTR-009479,40,Sevilla,24,48.41,Teléfono,Estándar,2749.83,1,5,2024-09-02,No
CLI-001060,CTR-001060,34,Madrid,74,37.43,Web,Estándar,,0,,2020-07-11,No
CLI-002739,CTR-002739,46,Valencia,74,70.77,Tienda,Básico,,2,7,2020-07-07,No
CLI-001997,CTR-001997,30,Madrid,66,76.25,Aplicación,Premium,2864.14,2,,2021-03-08,No
CLI-000995,CTR-000995,29,Barcelona,87,55.66,Teléfono,Básico,2728.1,1,8,2019-06-25,No
CLI-000283,CTR-000283,46,Sevilla,95,67.75,Aplicación,Premium,2775.71,2,7,2018-10-25,No
CLI-002371,CTR-002371,54,Málaga,65,84.29,Teléfono,Básico,3786.94,0,9,2021-04-27,No
CLI-007180,CTR-007180,50,Madrid,48,45.09,Tienda,Básico,2132.36,2,,2022-09-15,No
CLI-000084,CTR-000084,36,Valencia,45,48.51,Web,Básico,1502.07,2,7,2022-12-23,No
CLI-001222,CTR-001222,35,Madrid,29,42.66,Aplicación,Básico,1529.65,4,,2024-04-05,Sí
CLI-003564,CTR-003564,38,Barcelona,32,102.66,Web,Empresa,1034.22,8,5,2024-01-08,Sí
CLI-008779,CTR-008779,52,Zaragoza,22,52.81,Tienda,Premium,,3,,2024-11-26,No
CLI-001903,CTR-001903,44,Valencia,76,84.3,Teléfono,Estándar,2970.71,4,,2020-05-22,No
CLI-002385,CTR-002385,43,Madrid,95,75.16,Teléfono,Empresa,2585.28,5,7,2018-10-21,No
CLI-002162,CTR-002162,45,Barcelona,7,77.28,Tienda,Premium,2409.43,0,,2026-02-21,No
CLI-002880,CTR-002880,30,Barcelona,70,87.86,Teléfono,Estándar,2604,2,4,2020-11-13,No
CLI-005110,CTR-005110,18,Madrid,41,110.57,Web,Básico,2895.59,4,6,2023-04-16,Sí
CLI-000061,CTR-000061,50,Barcelona,17,102.62,Tienda,Estándar,3403.18,1,,2025-04-17,No
CLI-003282,CTR-003282,54,Sevilla,72,73.18,Web,Premium,3068.58,3,4,2020-09-01,No
CLI-009693,CTR-009693,51,Murcia,30,55.38,Aplicación,Estándar,1168.17,4,6,2024-03-05,Sí
CLI-000289,CTR-000289,32,Barcelona,71,38,Web,Básico,2912.51,2,8,2020-10-16,No
CLI-001591,CTR-001591,43,Madrid,86,35.73,Web,Premium,2461.87,0,7,2019-07-06,No
CLI-006244,CTR-006244,39,Madrid,6,83.59,Teléfono,Premium,,2,4,2026-03-16,Sí
CLI-006971,CTR-006971,37,Barcelona,3,57.7,Tienda,Estándar,2449.4,4,6,2026-06-22,Sí
CLI-008905,CTR-008905,47,Zaragoza,25,37.22,Teléfono,Básico,,5,8,2024-08-26,Sí
CLI-007888,CTR-007888,42,Madrid,70,86.83,Tienda,Básico,1364.55,5,7,2020-11-27,No
CLI-003038,CTR-003038,53,Barcelona,30,93.02,Tienda,Básico,2052.11,6,,2024-03-03,Sí
CLI-002487,CTR-002487,34,Alicante,57,43.09,Web,Estándar,2968.25,2,6,2021-12-14,No
CLI-003131,CTR-003131,43,Barcelona,12,45.73,Tienda,Básico,1939.4,5,6,2025-09-05,Sí
CLI-004798,CTR-004798,35,Madrid,57,90.22,Tienda,Básico,2240.24,6,8,2021-12-23,No
CLI-001932,CTR-001932,36,Madrid,18,47.95,Aplicación,Estándar,,3,8,2025-03-07,No
CLI-001546,CTR-001546,42,Madrid,6,81.47,Web,Básico,3479.93,2,7,2026-03-14,No
CLI-000500,CTR-000500,52,Valencia,88,41.7,Aplicación,Estándar,2117.75,1,7,2019-05-19,No
CLI-003542,CTR-003542,46,Barcelona,74,90.93,Web,Estándar,2902,0,,2020-07-14,No
CLI-004079,CTR-004079,54,Valencia,17,52.32,web,Estándar,1542.45,0,,2025-04-08,No
CLI-009079,CTR-009079,34,Málaga,22,37.81,Teléfono,Básico,1319.75,1,10,2024-11-18,No
CLI-000758,CTR-000758,50,Valencia,19,99.14,Tienda,Premium,2296.1,8,6,2025-02-16,Sí
CLI-003867,CTR-003867,48,Zaragoza,53,65.08,Tienda,Básico,,2,9,2022-04-18,No
CLI-003030,CTR-003030,51,Málaga,40,47.03,Web,Premium,750,4,5,2023-05-12,Sí
CLI-004153,CTR-004153,65,Barcelona,91,85.28,Tienda,Premium,4269.2,2,8,2019-02-24,No
CLI-003883,CTR-003883,37,Madrid,19,67.44,Tienda,Básico,3667.93,3,,2025-02-27,Sí
CLI-000950,CTR-000950,55,Sevilla,13,78.26,Aplicación,Estándar,2849.66,4,7,2025-08-20,Sí
CLI-001272,CTR-001272,54,Zaragoza,40,49.66,Aplicación,Estándar,1602.89,1,,2023-05-14,No
CLI-007677,CTR-007677,21,Madrid,10,70.11,Tienda,Estándar,2615.67,6,,2025-11-16,Sí
CLI-009400,CTR-009400,42,Alicante,1,71.78,Aplicación,Estándar,,5,2,2026-08-09,Sí
CLI-007676,CTR-007676,32,Madrid,87,46.41,Teléfono,Estándar,3140.8,1,9,2019-06-20,No
CLI-009633,CTR-009633,34,Madrid,43,69.7,Web,Estándar,3679.04,0,,2023-02-17,No
CLI-006500,CTR-006500,54,Madrid,86,110.96,Web,Básico,2921.27,4,9,2019-07-03,No
CLI-001493,CTR-001493,55,Málaga,29,51.09,Tienda,Premium,2224.03,7,,2024-04-23,Sí
CLI-004573,CTR-004573,72,Zaragoza,96,72.28,Tienda,Estándar,1686.98,2,8,2018-09-11,No
CLI-004424,CTR-004424,23,Barcelona,43,102.99,Teléfono,Empresa,1389.32,2,6,2023-02-22,Sí
CLI-006245,CTR-006245,44,Barcelona,39,40.72,Web,Empresa,3259.78,5,,2023-06-18,Sí
CLI-006805,CTR-006805,44,Alicante,59,41.89,Web,Básico,2703.54,3,8,2021-10-10,No
CLI-006473,CTR-006473,61,Barcelona,33,52.93,Aplicación,Básico,,5,,2023-12-28,Sí
CLI-004864,CTR-004864,50,Barcelona,81,67.53,Tienda,Estándar,2963.61,5,8,2019-12-07,No
CLI-005168,CTR-005168,71,Madrid,28,86.75,Web,Premium,,10,7,2024-05-28,Sí
CLI-005475,CTR-005475,18,Madrid,1,81.47,Web,Básico,1395.68,3,,2026-08-24,Sí
CLI-001805,CTR-001805,53,Madrid,7,62.24,Teléfono,Empresa,2910.76,5,,2026-02-24,No
CLI-001555,CTR-001555,49,Valencia,30,52.81,Tienda,Premium,1003.58,4,4,2024-03-06,Sí
CLI-006272,CTR-006272,55,Madrid,37,82.48,Teléfono,Premium,1573.34,5,6,2023-08-02,Sí
CLI-004437,CTR-004437,18,Madrid,28,52.01,Aplicación,Básico,750,2,,2024-05-09,Sí
CLI-001042,CTR-001042,49,Murcia,68,43.16,Tienda,Estándar,3666.42,3,6,2021-01-24,No
CLI-008010,CTR-008010,39,Valencia,91,94.36,Web,Básico,1450.23,2,,2019-02-18,No
CLI-007540,CTR-007540,49,Madrid,79,70.92,Tienda,Empresa,2211.89,5,,2020-02-16,No
CLI-006522,CTR-006522,68,Barcelona,48,84.48,Aplicación,Premium,,3,7,2022-09-07,Sí
CLI-009192,CTR-009192,23,Sevilla,18,61.96,Tienda,Premium,3361.92,4,3,2025-03-08,Sí
CLI-004651,CTR-004651,64,Valencia,26,88.31,Web,Premium,2314.32,3,5,2024-07-12,Sí
CLI-006799,CTR-006799,36,Barcelona,64,52.14,Teléfono,Estándar,4528.89,4,9,2021-05-04,No
CLI-001092,CTR-001092,39,Valencia,51,54.4,Web,Estándar,1120.69,1,6,2022-06-04,No
CLI-003174,CTR-003174,42,Sevilla,19,52.62,Teléfono,Premium,3726.8,4,6,2025-02-23,No
CLI-003364,CTR-003364,31,Murcia,81,45.84,Web,Básico,3762.81,1,,2019-12-12,No
CLI-008896,CTR-008896,25,Valencia,37,63.11,Web,Estándar,4497.27,3,,2023-08-28,Sí
CLI-004847,CTR-004847,46,Barcelona,22,112.86,Web,Estándar,1227.3,4,3,2024-11-24,Sí
CLI-007726,CTR-007726,31,Barcelona,71,54.44,Tienda,Estándar,1472.83,0,8,2020-10-20,No
CLI-008376,CTR-008376,53,Madrid,46,55.79,Aplicación,Empresa,3076.78,1,7,2022-11-01,No
CLI-001295,CTR-001295,47,Málaga,2,51.4,Web,Básico,,2,6,2026-07-14,Sí
CLI-002930,CTR-002930,22,Madrid,33,13.1,Teléfono,Premium,1303.5,2,,2023-12-18,No
CLI-009072,CTR-009072,42,Valencia,42,59.64,Tienda,Básico,,4,,2023-03-26,Sí
CLI-002198,CTR-002198,63,Barcelona,78,56.27,Aplicación,Premium,1380.52,2,,2020-03-09,No
CLI-007104,CTR-007104,31,Sevilla,81,50.76,Tienda,Básico,2531.78,1,3,2019-12-24,No
CLI-002617,CTR-002617,40,Madrid,32,44.75,WEB,Premium,,0,5,2024-01-04,No
CLI-009679,CTR-009679,33,Barcelona,29,48.05,Aplicación,Básico,2519.93,1,,2024-04-13,No
CLI-004669,CTR-004669,26,Murcia,69,79.44,Web,Estándar,3707.54,2,10,2020-12-17,No
CLI-005385,CTR-005385,33,Madrid,28,43.44,WEB,Estándar,3101.93,2,2,2024-05-11,Sí
CLI-006615,CTR-006615,35,Murcia,32,16.72,Tienda,Estándar,1109.19,7,,2024-01-23,Sí
CLI-009221,CTR-009221,52,Barcelona,34,55.66,Tienda,Básico,2272.9,3,9,2023-11-14,No
CLI-008692,CTR-008692,28,Murcia,10,77.73,Tienda,Premium,750,4,5,2025-11-13,Sí
CLI-004134,CTR-004134,22,Zaragoza,93,84.45,Web,Estándar,3233.04,1,7,2018-12-25,No
CLI-004685,CTR-004685,31,Barcelona,6,49.72,Tienda,Estándar,1187.92,5,4,2026-03-16,Sí
CLI-008365,CTR-008365,42,Madrid,36,47.68,Tienda,Premium,2597.23,0,,2023-09-28,No
CLI-003499,CTR-003499,42,Madrid,7,20.19,Web,Estándar,1965.65,0,,2026-02-05,No
CLI-004728,CTR-004728,28,Alicante,43,96.84,Tienda,Básico,,1,4,2023-02-01,Sí
CLI-006129,CTR-006129,45,Sevilla,39,56.38,Web,Empresa,2921.55,0,6,2023-06-27,No
CLI-009018,CTR-009018,37,Málaga,72,56.48,Tienda,Básico,3732.37,1,,2020-09-17,No
CLI-007337,CTR-007337,49,Málaga,41,62.24,Web,Premium,1414.28,6,3,2023-04-17,Sí
CLI-008599,CTR-008599,34,Sevilla,6,99.14,Tienda,Estándar,750,3,4,2026-03-03,Sí
CLI-004095,CTR-004095,39,Madrid,14,78.1,Web,Estándar,1941.5,3,,2025-07-03,Sí
CLI-007065,CTR-007065,33,Barcelona,26,67.1,web,Básico,2984.25,4,,2024-07-07,No
CLI-000552,CTR-000552,44,Valencia,48,73.94,Aplicación,Básico,3307.07,0,7,2022-09-17,No
CLI-003310,CTR-003310,26,Barcelona,65,83.6,Web,Empresa,3290.93,0,8,2021-04-03,No
CLI-000115,CTR-000115,49,Madrid,66,41.13,Tienda,Básico,1774.71,5,10,2021-03-17,No
CLI-005230,CTR-005230,41,Barcelona,20,90.83,Tienda,Estándar,2312.72,3,6,2025-01-11,No
CLI-009345,CTR-009345,47,Barcelona,26,80.86,Web,Estándar,2193.63,0,,2024-07-22,Sí
CLI-002416,CTR-002416,48,Alicante,25,88.18,Web,Empresa,2908.93,1,5,2024-08-06,Sí
CLI-007334,CTR-007334,40,Madrid,28,35.64,WEB,Estándar,2351.82,5,,2024-05-13,No
CLI-003536,CTR-003536,51,Madrid,38,43.98,Tienda,Básico,1592,7,4,2023-07-13,Sí
CLI-004029,CTR-004029,67,Sevilla,83,29.57,Aplicación,Premium,,3,3,2019-10-06,No
CLI-007600,CTR-007600,26,Valencia,27,93.81,Aplicación,Básico,2249.81,4,5,2024-06-01,Sí
CLI-008906,CTR-008906,42,Madrid,96,69.13,Teléfono,Estándar,3302.41,5,,2018-09-22,No
CLI-004744,CTR-004744,32,Valencia,75,63.05,Tienda,Estándar,1395.3,2,8,2020-06-15,No
CLI-007788,CTR-007788,35,Madrid,44,73.74,Teléfono,Estándar,1217.04,5,,2023-01-12,Sí
CLI-005625,CTR-005625,29,Sevilla,78,89.22,Web,Premium,3994.02,0,,2020-03-01,No
CLI-005094,CTR-005094,36,Valencia,48,69.24,Tienda,Premium,1078.36,4,,2022-09-20,No
CLI-007596,CTR-007596,37,Madrid,38,80.09,Teléfono,Estándar,2664.12,4,,2023-07-04,Sí
CLI-001664,CTR-001664,22,Zaragoza,22,65.19,Web,Básico,2728.84,5,5,2024-11-26,Sí
CLI-001249,CTR-001249,42,Madrid,86,78.51,Teléfono,Básico,,4,,2019-07-10,No
CLI-005682,CTR-005682,36,Málaga,73,74.75,Tienda,Premium,,1,7,2020-08-03,No
CLI-002941,CTR-002941,35,Madrid,75,72.52,Web,Empresa,1432.64,2,,2020-06-01,No
CLI-009645,CTR-009645,48,Murcia,12,208.53,Web,Empresa,10943.04,2,,2025-09-04,Sí
CLI-000327,CTR-000327,30,Madrid,82,47.68,Aplicación,Estándar,2272.16,0,8,2019-11-28,No
CLI-009032,CTR-009032,31,Madrid,43,67.25,Aplicación,Premium,2385.94,6,7,2023-02-09,Sí
CLI-003653,CTR-003653,30,Málaga,27,35.06,Teléfono,Básico,4330.61,5,,2024-06-25,No
CLI-003373,CTR-003373,63,Murcia,47,33.69,Teléfono,Básico,2753.78,4,6,2022-10-23,Sí
CLI-004909,CTR-004909,31,Zaragoza,94,81.39,Tienda,Empresa,,2,6,2018-11-16,No
CLI-000985,CTR-000985,29,Madrid,32,38.19,web,Premium,2374.37,3,5,2024-01-25,Sí
CLI-000336,CTR-000336,43,Murcia,26,23.66,Aplicación,Básico,,4,6,2024-07-19,No
CLI-008788,CTR-008788,57,Valencia,29,59.09,Aplicación,Estándar,3658.78,1,9,2024-04-27,No
CLI-000046,CTR-000046,30,Madrid,37,51.5,Tienda,Estándar,750,4,,2023-08-09,Sí
CLI-008120,CTR-008120,19,Barcelona,5,70.7,Tienda,Estándar,,3,6,2026-04-09,Sí
CLI-004754,CTR-004754,28,Madrid,41,28.57,Aplicación,Premium,,2,4,2023-04-16,Sí
CLI-004714,CTR-004714,20,Madrid,22,55.26,Tienda,Estándar,1677.69,0,7,2024-11-09,Sí
CLI-000727,CTR-000727,36,Barcelona,69,40.98,Tienda,Estándar,1067.97,1,9,2020-12-05,No
CLI-009335,CTR-009335,59,Valencia,33,96.74,Tienda,Estándar,1707.4,5,7,2023-12-19,Sí
CLI-005945,CTR-005945,39,Valencia,21,71.49,Web,Premium,1518,2,7,2024-12-06,Sí
CLI-002392,CTR-002392,26,Madrid,48,68.6,Tienda,Empresa,,5,,2022-09-27,Sí
CLI-000571,CTR-000571,41,Valencia,34,41.99,Web,Premium,,2,,2023-11-11,No
CLI-002073,CTR-002073,63,Madrid,5,85.94,Tienda,Estándar,2011.4,5,3,2026-04-14,Sí
CLI-009206,CTR-009206,49,Zaragoza,49,52.73,Tienda,Empresa,,0,,2022-08-13,No
CLI-001991,CTR-001991,40,Madrid,21,49.3,Tienda,Básico,,5,4,2024-12-11,Sí
CLI-005049,CTR-005049,52,Málaga,34,90.71,WEB,Estándar,,6,7,2023-11-26,Sí
CLI-002918,CTR-002918,52,Murcia,39,45.67,Tienda,Empresa,4278.52,4,7,2023-06-02,No
CLI-004646,CTR-004646,42,Valencia,7,43.21,Web,Básico,3449.89,0,7,2026-02-08,No
CLI-008098,CTR-008098,41,Valencia,82,81.82,web,Básico,3737.37,1,7,2019-11-20,No
CLI-002644,CTR-002644,24,Barcelona,47,56.3,Web,Estándar,2027.08,0,8,2022-10-06,No
CLI-003626,CTR-003626,36,Málaga,73,30.61,Web,Premium,2826.85,0,8,2020-08-08,No
CLI-009319,CTR-009319,38,Murcia,14,51.68,Teléfono,Estándar,,7,5,2025-07-23,Sí
CLI-008589,CTR-008589,62,Sevilla,25,59.18,Teléfono,Estándar,2933.48,0,,2024-08-15,No
CLI-005604,CTR-005604,36,Zaragoza,61,71.6,Teléfono,Estándar,1851.58,2,,2021-08-04,No
CLI-006239,CTR-006239,26,Zaragoza,42,76.25,Tienda,Básico,2553.85,3,5,2023-03-04,Sí
CLI-005939,CTR-005939,30,Barcelona,78,43.49,Web,Premium,3235.71,1,,2020-03-28,No
CLI-008471,CTR-008471,35,Alicante,16,29.53,Teléfono,Empresa,1091.17,5,7,2025-05-14,No
CLI-001645,CTR-001645,43,Murcia,85,74.88,Aplicación,Estándar,2784.24,4,,2019-08-21,No
CLI-009233,CTR-009233,63,Valencia,10,47.97,Web,Estándar,1154.55,4,5,2025-11-03,Sí
CLI-002261,CTR-002261,62,Madrid,73,21.5,Web,Básico,2378.4,4,9,2020-08-25,No
CLI-009226,CTR-009226,42,Valencia,88,58.42,Aplicación,Estándar,3443.15,0,7,2019-05-13,No
CLI-007675,CTR-007675,18,Madrid,30,83.82,Web,Estándar,1108.59,4,7,2024-03-25,Sí
CLI-005549,CTR-005549,52,Madrid,68,38.01,Tienda,Básico,2494.09,2,7,2021-01-24,No
CLI-000431,CTR-000431,51,Madrid,12,63.25,Web,Empresa,,5,5,2025-09-28,Sí
CLI-000311,CTR-000311,38,Málaga,36,90.6,Web,Estándar,2007.7,2,7,2023-09-07,Sí
CLI-007419,CTR-007419,52,Madrid,21,44.65,Tienda,Estándar,3623.79,2,8,2024-12-23,No
CLI-008598,CTR-008598,18,Madrid,32,67.32,Aplicación,Premium,3934.26,6,9,2024-01-03,No
CLI-003104,CTR-003104,41,Madrid,9,65.59,Tienda,Premium,2768.05,6,5,2025-12-12,Sí
CLI-000076,CTR-009926,58,Madrid,62,66,Web,Empresa,2848.77,1,8,2021-07-08,No
CLI-007735,CTR-007735,39,Sevilla,27,74.77,Web,Básico,1529.66,4,8,2024-06-26,No
CLI-009071,CTR-009071,38,Zaragoza,20,70,Teléfono,Premium,1724.49,7,,2025-01-09,Sí
CLI-005746,CTR-005746,42,Sevilla,44,53.96,Aplicación,Premium,2882.48,5,7,2023-01-26,Sí
CLI-006507,CTR-006507,18,Madrid,38,76.22,Web,Premium,1779.42,5,,2023-07-20,Sí
CLI-009518,CTR-009518,66,Madrid,57,77.02,Teléfono,Básico,2737.6,0,,2021-12-12,No
CLI-005546,CTR-005546,41,Alicante,3,49.84,Web,Básico,2896.86,6,,2026-06-17,Sí
CLI-003649,CTR-003649,37,Madrid,13,14.65,Web,Básico,,7,5,2025-08-25,Sí
CLI-003968,CTR-003968,40,Barcelona,26,55.53,Web,Premium,,6,4,2024-07-11,Sí
CLI-009448,CTR-009448,34,Madrid,45,59.51,Tienda,Estándar,2973.15,0,,2022-12-28,No
CLI-009493,CTR-009493,69,Madrid,27,71.91,Web,Básico,2006.3,2,6,2024-06-03,Sí
CLI-004082,CTR-004082,29,Barcelona,69,62.71,Aplicación,Estándar,3585.56,0,,2020-12-18,No
CLI-008953,CTR-008953,48,Barcelona,28,64.75,Aplicación,Premium,1097.74,3,,2024-05-17,No
CLI-008323,CTR-008323,33,Barcelona,23,60.08,Teléfono,Empresa,,0,,2024-10-02,No
CLI-006848,CTR-006848,42,Málaga,32,42.59,Web,Estándar,2530.29,4,5,2024-01-12,No
CLI-000308,CTR-000308,38,Alicante,28,91.91,Web,Empresa,2269.41,3,,2024-05-21,Sí
CLI-009750,CTR-009750,50,Valencia,27,58.38,Tienda,Básico,2240.56,6,6,2024-06-11,Sí
CLI-004221,CTR-004221,48,Madrid,63,29.97,Web,Básico,2251.87,1,9,2021-06-02,No
CLI-006703,CTR-006703,33,Madrid,33,76.38,Aplicación,Básico,2738.01,1,4,2023-12-19,Sí
CLI-001047,CTR-001047,35,Zaragoza,65,259.63,Tienda,Estándar,11261.91,1,7,2021-04-02,No
CLI-002982,CTR-002982,48,Valencia,15,71.65,Web,Estándar,2656.93,1,6,2025-06-07,No
CLI-003823,CTR-003823,54,Madrid,51,81.94,Tienda,Estándar,1413.76,1,10,2022-06-24,No
CLI-002449,CTR-002449,39,Valencia,20,42.61,Tienda,Premium,1211.73,1,6,2025-01-07,No
CLI-000068,CTR-009918,49,Zaragoza,82,53.21,Web,Básico,,1,8,2019-11-18,No
CLI-007893,CTR-007893,57,Murcia,35,87.15,Teléfono,Premium,2432.1,2,5,2023-10-21,Sí
CLI-007562,CTR-007562,40,Málaga,26,11.8,Tienda,Estándar,2513.08,3,4,2024-07-21,Sí
CLI-004952,CTR-004952,38,Alicante,70,83.5,Tienda,Empresa,4164.61,0,7,2020-11-13,No
CLI-009620,CTR-009620,31,Madrid,59,51.2,Aplicación,Estándar,1832.6,5,6,2021-10-14,No
CLI-008800,CTR-008800,46,Málaga,57,33.99,Web,Básico,3631.07,3,9,2021-12-16,No
CLI-006606,CTR-006606,44,Barcelona,44,53.68,Teléfono,Premium,,5,,2023-01-28,Sí
CLI-006976,CTR-006976,33,Alicante,44,50.1,Web,Estándar,1476.07,5,,2023-01-09,No
CLI-004977,CTR-004977,40,Barcelona,15,60.61,Aplicación,Premium,3196.53,2,4,2025-06-11,No
CLI-008101,CTR-008101,38,Murcia,52,54.91,Web,Básico,,2,8,2022-05-18,No
CLI-006918,CTR-006918,31,Madrid,54,30.43,Web,Estándar,,0,,2022-03-13,No
CLI-007708,CTR-007708,50,Madrid,18,49.45,Web,Empresa,2930.07,2,7,2025-03-18,No
CLI-001710,CTR-001710,40,Sevilla,36,71.68,Aplicación,Estándar,2673.86,3,,2023-09-08,Sí
CLI-005308,CTR-005308,51,Málaga,45,81.45,Teléfono,Premium,2803.74,3,8,2022-12-09,No
CLI-002008,CTR-002008,45,Sevilla,22,72.76,Web,Estándar,2183.88,5,,2024-11-06,Sí
CLI-004760,CTR-004760,36,Murcia,17,70.89,Aplicación,Estándar,1277.75,0,6,2025-04-14,Sí
CLI-001478,CTR-001478,18,Sevilla,8,64.61,WEB,Estándar,1784.84,4,5,2026-01-27,Sí
CLI-003234,CTR-003234,25,Barcelona,96,93.04,Aplicación,Básico,2678.57,0,7,2018-09-19,No
CLI-005075,CTR-005075,44,Sevilla,5,104.52,Tienda,Estándar,1030.2,6,7,2026-04-07,Sí
CLI-000217,CTR-000217,38,Valencia,9,79.31,Aplicación,Estándar,,3,4,2025-12-17,No
CLI-000787,CTR-000787,26,Alicante,77,76.91,Teléfono,Básico,,3,10,2020-04-28,No
CLI-006436,CTR-006436,38,Alicante,11,64.29,WEB,Premium,4435.47,3,,2025-10-19,No
CLI-000645,CTR-000645,54,Valencia,90,53.22,Teléfono,Estándar,,3,7,2019-03-22,No
CLI-005724,CTR-005724,34,Valencia,31,52.02,Web,Básico,3782.8,1,6,2024-02-05,No
CLI-009093,CTR-009093,37,Málaga,85,48.04,Aplicación,Premium,1586.33,1,7,2019-08-02,No
CLI-004423,CTR-004423,67,Barcelona,21,80.2,Web,Estándar,2463.8,0,7,2024-12-01,No
CLI-004200,CTR-004200,52,Sevilla,9,47.4,Web,Estándar,1754.98,1,,2025-12-23,No
CLI-001605,CTR-001605,34,Alicante,48,103.41,Tienda,Básico,2029.21,4,4,2022-09-14,Sí
CLI-005506,CTR-005506,40,Murcia,24,59.15,Tienda,Empresa,1743.12,3,5,2024-09-11,Sí
CLI-004959,CTR-004959,43,Madrid,89,39.5,Tienda,Premium,2376.98,0,8,2019-04-21,No
CLI-006143,CTR-006143,44,Alicante,25,57.54,Tienda,Estándar,1598.98,1,5,2024-08-20,Sí
CLI-006339,CTR-006339,26,Madrid,30,92.04,Web,Estándar,2191.85,6,5,2024-03-18,Sí
CLI-004296,CTR-004296,23,Madrid,25,45.4,Aplicación,Premium,1928.75,5,,2024-08-26,Sí
CLI-002987,CTR-002987,42,Madrid,24,65.37,web,Estándar,2966.7,5,5,2024-09-18,Sí
CLI-000641,CTR-000641,47,Barcelona,40,64.29,Teléfono,Premium,3398.79,1,6,2023-05-18,No
CLI-000173,CTR-000173,52,Madrid,34,27.45,Aplicación,Empresa,4054.55,2,7,2023-11-09,No
CLI-006612,CTR-006612,61,Barcelona,41,68.89,Web,Estándar,2358.03,5,5,2023-04-03,Sí
CLI-001192,CTR-001192,28,Sevilla,48,46.95,Web,Premium,3878.5,4,,2022-09-25,No
CLI-007166,CTR-007166,43,Madrid,14,57.25,Web,Básico,2658,5,5,2025-07-13,Sí
CLI-006771,CTR-006771,37,Barcelona,40,33.34,Tienda,Básico,,5,5,2023-05-25,Sí
CLI-003919,CTR-003919,53,Barcelona,35,73.06,Web,Premium,3256.01,5,7,2023-10-07,Sí
CLI-000363,CTR-000363,51,Barcelona,32,58.28,Tienda,Premium,2507.53,4,3,2024-01-08,Sí
CLI-009616,CTR-009616,44,Barcelona,10,83.73,Tienda,Premium,1294.85,2,7,2025-11-20,No
CLI-000672,CTR-000672,29,Valencia,10,54.34,Teléfono,Estándar,,2,8,2025-11-09,Sí
CLI-003481,CTR-003481,33,Valencia,3,46.83,Teléfono,Básico,3701.25,4,,2026-06-26,Sí
CLI-007279,CTR-007279,29,Barcelona,13,56.33,Teléfono,Premium,1630.64,2,6,2025-08-07,Sí
CLI-007869,CTR-007869,44,Alicante,14,57.23,Web,Premium,3009.49,1,5,2025-07-10,No
CLI-004629,CTR-004629,57,Madrid,36,118.33,Aplicación,Básico,1729.46,5,4,2023-09-06,Sí
CLI-003122,CTR-003122,63,Málaga,37,49.08,Tienda,Estándar,3881.44,3,2,2023-08-10,Sí
CLI-006073,CTR-006073,40,Sevilla,35,39.21,Web,Premium,1388.08,1,,2023-10-05,No
CLI-009187,CTR-009187,26,Valencia,83,42.81,Teléfono,Básico,,3,,2019-10-03,No
CLI-000374,CTR-000374,44,Barcelona,74,44.02,Teléfono,Estándar,2915.18,2,9,2020-07-01,No
CLI-001082,CTR-001082,27,Valencia,1,72.72,Teléfono,Estándar,2880.69,7,7,2026-08-21,Sí
CLI-000854,CTR-000854,33,Valencia,38,49.53,Web,Estándar,1309.16,5,,2023-07-19,Sí
CLI-001010,CTR-001010,43,Madrid,26,90.96,Teléfono,Estándar,2363.32,1,,2024-07-01,No
CLI-005201,CTR-005201,18,Barcelona,32,35.23,Tienda,Empresa,2703.6,3,7,2024-01-21,Sí
CLI-005437,CTR-005437,27,Alicante,32,76.26,Web,Premium,3124.51,2,4,2024-01-13,Sí
CLI-007605,CTR-007605,38,Murcia,36,80.88,Web,Básico,1788.53,6,,2023-09-19,Sí
CLI-002369,CTR-002369,58,Zaragoza,94,50.1,WEB,Empresa,3950.23,0,,2018-11-22,No
CLI-005532,CTR-005532,33,Valencia,95,25.95,Web,Estándar,2851.66,0,7,2018-10-26,No
CLI-001418,CTR-001418,61,Barcelona,44,53.07,Tienda,Básico,3527.29,6,5,2023-01-20,Sí
CLI-003078,CTR-003078,26,Madrid,4,64.11,Teléfono,Básico,3114.08,4,,2026-05-24,Sí
CLI-003492,CTR-003492,60,Zaragoza,10,67.47,Web,Premium,2491.01,3,,2025-11-20,No
CLI-000189,CTR-000189,43,Alicante,10,69.3,Tienda,Empresa,2472.36,5,,2025-11-21,Sí
CLI-005061,CTR-005061,53,Málaga,42,72.9,Aplicación,Estándar,,5,9,2023-03-13,No
CLI-009398,CTR-009398,46,Valencia,36,34.23,Aplicación,Estándar,2416.69,3,,2023-09-28,No
CLI-000577,CTR-000577,51,Madrid,56,133.02,Web,Estándar,,0,6,2022-01-26,No
CLI-000352,CTR-000352,49,Valencia,24,40.33,Teléfono,Premium,1874.09,1,,2024-09-06,Sí
CLI-005440,CTR-005440,41,Madrid,29,49.92,Web,Estándar,3121.38,4,4,2024-04-23,Sí
CLI-008550,CTR-008550,62,Madrid,6,102.35,Tienda,Básico,3461.62,4,6,2026-03-28,No
CLI-009146,CTR-009146,40,Madrid,49,51.94,Web,Estándar,1025.05,4,9,2022-08-14,No
CLI-002962,CTR-002962,38,Barcelona,94,57.2,Teléfono,Premium,2461.31,0,7,2018-11-26,No
CLI-000017,CTR-000017,43,Madrid,69,57.27,Web,Estándar,3228.09,3,,2020-12-16,No
CLI-000333,CTR-000333,44,Madrid,87,30.42,Tienda,Estándar,,2,10,2019-06-15,No
CLI-009185,CTR-009185,41,Valencia,82,44.72,Teléfono,Estándar,1571.47,0,,2019-11-26,No
CLI-004535,CTR-004535,53,Murcia,36,43.56,Aplicación,Premium,1929.91,4,7,2023-09-14,No
CLI-001422,CTR-001422,32,Madrid,27,78.21,Web,Empresa,,1,6,2024-06-04,No
CLI-009600,CTR-009600,51,Alicante,74,73.32,Teléfono,Estándar,2698.58,0,9,2020-07-14,No
CLI-003565,CTR-003565,43,Zaragoza,59,30.94,Tienda,Empresa,2612.47,4,6,2021-10-04,No
CLI-004251,CTR-004251,55,Barcelona,95,75.66,Teléfono,Empresa,806.54,1,,2018-10-01,No
CLI-007903,CTR-007903,45,Madrid,34,91.29,Tienda,Premium,2554.08,3,,2023-11-06,Sí
CLI-007956,CTR-007956,47,Madrid,28,13.11,Web,Premium,1296.64,3,,2024-05-28,No
CLI-002058,CTR-002058,47,Valencia,57,36,Aplicación,Estándar,3093.72,0,7,2021-12-26,No
CLI-003161,CTR-003161,36,Alicante,6,79.98,Web,Básico,2577.29,9,5,2026-03-22,Sí
CLI-003986,CTR-003986,37,Valencia,23,52.77,Web,Empresa,1964.95,4,6,2024-10-25,Sí
CLI-005039,CTR-005039,40,Murcia,13,20.37,Tienda,Premium,1873.29,4,6,2025-08-06,Sí
CLI-006591,CTR-006591,55,Valencia,41,35.35,Tienda,Básico,2435.68,2,,2023-04-11,No
CLI-000390,CTR-000390,24,Málaga,76,67.41,Tienda,Empresa,,3,7,2020-05-24,No
CLI-003869,CTR-003869,35,Barcelona,33,64.11,Tienda,Básico,,4,,2023-12-07,Sí
CLI-007357,CTR-007357,35,Valencia,49,38.87,Teléfono,Estándar,2202.04,1,7,2022-08-09,No
CLI-001158,CTR-001158,59,Madrid,47,39.86,Tienda,Premium,2074.02,2,5,2022-10-18,Sí
CLI-005292,CTR-005292,44,Alicante,54,52.76,Tienda,Estándar,3112.61,0,8,2022-03-24,No
CLI-007413,CTR-007413,31,Málaga,63,61.14,Web,Básico,2813.25,3,9,2021-06-19,No
CLI-006581,CTR-006581,44,Zaragoza,71,40.8,Web,Premium,3436.42,0,,2020-10-02,No
CLI-002364,CTR-002364,56,Madrid,54,63.83,web,Básico,3342.79,2,,2022-03-05,No
CLI-008522,CTR-008522,41,Barcelona,88,45.78,Web,Estándar,2802.83,3,,2019-05-06,No
CLI-005564,CTR-005564,33,Madrid,23,83.38,Teléfono,Básico,2174.21,1,3,2024-10-28,Sí
CLI-005118,CTR-005118,26,Barcelona,12,81,Web,Básico,2435.27,5,5,2025-09-21,Sí
CLI-006795,CTR-006795,54,Zaragoza,58,79.77,Web,Básico,2681.47,4,,2021-11-21,No
CLI-009248,CTR-009248,53,Barcelona,62,21.77,Web,Premium,3377.98,5,,2021-07-09,No
CLI-005585,CTR-005585,37,Madrid,42,93.73,Web,Premium,2755,7,,2023-03-09,Sí
CLI-000796,CTR-000796,53,Valencia,29,63.21,Aplicación,Empresa,1884.19,3,8,2024-04-06,No
CLI-001227,CTR-001227,21,Madrid,42,40.48,Teléfono,Premium,,1,,2023-03-18,No
CLI-008283,CTR-008283,28,Barcelona,92,60.45,Web,Básico,1990.67,4,5,2019-01-17,No
CLI-000026,CTR-000026,46,Barcelona,48,23.09,Aplicación,Premium,3142.21,3,10,2022-09-06,No
CLI-003420,CTR-003420,40,Barcelona,16,45.7,Web,Premium,3782.22,0,6,2025-05-06,No
CLI-001028,CTR-001028,60,Barcelona,34,56.15,Tienda,Básico,1533.22,4,4,2023-11-12,Sí
CLI-009809,CTR-009809,40,Sevilla,8,30.99,Web,Premium,1856.06,0,8,2026-01-27,Sí
CLI-006512,CTR-006512,35,Alicante,95,94.85,Web,Estándar,2412.86,3,,2018-10-05,No
CLI-002590,CTR-002590,46,Madrid,65,72.61,Web,Premium,,2,,2021-04-17,No
CLI-003412,CTR-003412,43,Madrid,76,45.53,Teléfono,Básico,3198.23,0,7,2020-05-11,No
CLI-004850,CTR-004850,60,Madrid,73,41.53,Aplicación,Premium,,3,10,2020-08-19,No
CLI-001650,CTR-001650,45,Madrid,16,60.22,Tienda,Básico,2677.15,1,3,2025-05-05,Sí
CLI-001382,CTR-001382,64,Barcelona,58,41.27,Web,Básico,2728.88,4,5,2021-11-06,No
CLI-001754,CTR-001754,45,Madrid,77,71.78,Web,Empresa,3888.25,2,,2020-04-23,No
CLI-003932,CTR-003932,38,Málaga,19,48.45,Tienda,Estándar,3035.96,5,3,2025-02-10,Sí
CLI-001066,CTR-001066,31,Alicante,38,62.86,WEB,Empresa,918.71,2,5,2023-07-28,Sí
CLI-007092,CTR-007092,60,Valencia,30,56.59,Aplicación,Empresa,2704.23,4,5,2024-03-07,No
CLI-008829,CTR-008829,50,Barcelona,65,63.87,Aplicación,Básico,1300.77,4,7,2021-04-14,No
CLI-009300,CTR-009300,42,Alicante,48,77.83,Tienda,Estándar,2923.35,4,7,2022-09-27,Sí
CLI-000043,CTR-000043,44,Murcia,57,93.23,Web,Básico,,3,,2021-12-26,No
CLI-009821,CTR-009821,75,Zaragoza,59,56.95,Web,Estándar,,2,,2021-10-13,No
CLI-000642,CTR-000642,44,Alicante,20,91.8,Teléfono,Premium,2368.4,2,,2025-01-19,Sí
CLI-007785,CTR-007785,37,Sevilla,39,61.19,Web,Premium,1689.85,0,,2023-06-19,No
CLI-006718,CTR-006718,26,Málaga,22,54.42,Teléfono,Básico,978.9,0,,2024-11-14,No
CLI-000051,CTR-009901,34,Valencia,17,52.21,Teléfono,Premium,1503.53,3,,2025-04-07,Sí
CLI-004941,CTR-004941,44,Valencia,88,22.77,Tienda,Premium,2725.79,2,,2019-05-11,No
CLI-000433,CTR-000433,57,Valencia,42,60.62,Tienda,Estándar,,7,,2023-03-23,Sí
CLI-007027,CTR-007027,65,Valencia,36,44.49,Web,Estándar,844.12,1,7,2023-09-17,No
CLI-001284,CTR-001284,33,Barcelona,39,58.76,Web,Estándar,1812.74,3,,2023-06-19,Sí
CLI-004194,CTR-004194,36,Madrid,83,181.34,Web,Básico,7296.93,4,6,2019-10-22,No
CLI-005027,CTR-005027,29,Madrid,72,64.37,Aplicación,Estándar,1479.08,0,8,2020-09-11,No
CLI-000921,CTR-000921,47,Madrid,36,65.55,Teléfono,Premium,2215.67,3,,2023-09-25,No
CLI-003402,CTR-003402,26,Madrid,5,70.21,Teléfono,Empresa,2409.95,5,,2026-04-19,Sí
CLI-004243,CTR-004243,23,Madrid,91,67.69,Tienda,Estándar,3697.49,4,10,2019-02-07,No
CLI-009561,CTR-009561,48,Valencia,33,59.84,Web,Estándar,2929.9,0,,2023-12-22,No
CLI-001335,CTR-001335,42,Barcelona,95,59.01,Web,Empresa,4174.62,0,10,2018-10-18,No
CLI-005530,CTR-005530,37,Madrid,22,45.43,Tienda,Estándar,4311.15,2,,2024-11-01,No
CLI-008309,CTR-008309,64,Madrid,90,68.4,Web,Básico,2136,0,8,2019-03-05,No
CLI-004474,CTR-004474,26,Murcia,47,75.04,Tienda,Empresa,1724.03,4,4,2022-10-07,Sí
CLI-002229,CTR-002229,22,Alicante,79,67.12,Teléfono,Premium,2100.34,3,,2020-02-28,No
CLI-000647,CTR-000647,45,Madrid,9,58.87,Web,Estándar,4691.78,3,7,2025-12-25,No
CLI-001348,CTR-001348,38,Madrid,6,88.97,web,Premium,1676,4,,2026-03-25,Sí
CLI-001726,CTR-001726,33,Valencia,25,100.43,Web,Básico,2405.52,4,6,2024-08-21,Sí
CLI-004997,CTR-004997,46,Murcia,40,91.62,Tienda,Estándar,3558.16,1,8,2023-05-13,No
CLI-000106,CTR-000106,48,Barcelona,13,71.01,Web,Estándar,1924.03,1,9,2025-08-27,No
CLI-006825,CTR-006825,26,Barcelona,33,76.03,Tienda,Estándar,2520.63,6,,2023-12-10,Sí
CLI-006187,CTR-006187,26,Murcia,34,83.51,Aplicación,Estándar,2854.82,0,7,2023-11-02,No
CLI-008393,CTR-008393,46,Madrid,62,56.95,Aplicación,Estándar,750,4,,2021-07-02,No
CLI-006188,CTR-006188,35,Valencia,5,95.62,Web,Estándar,3251.88,6,6,2026-04-23,Sí
CLI-003866,CTR-003866,37,Alicante,14,33.45,Web,Estándar,1595.36,7,3,2025-07-09,Sí
CLI-005158,CTR-005158,24,Madrid,92,75.94,Aplicación,Estándar,3498.02,4,8,2019-01-27,No
CLI-000699,CTR-000699,26,Málaga,39,25.08,Aplicación,Estándar,3780.54,1,,2023-06-20,No
CLI-003017,CTR-003017,44,Madrid,82,296.87,Web,Básico,6865.59,2,7,2019-11-26,No
CLI-008878,CTR-008878,24,Murcia,8,69.03,Web,Estándar,,6,,2026-01-18,Sí
CLI-007994,CTR-007994,37,Madrid,23,62.62,Web,Básico,2310.79,2,7,2024-10-24,No
CLI-003191,CTR-003191,26,Murcia,3,77.97,Web,Estándar,2666.81,7,,2026-06-11,Sí
CLI-006280,CTR-006280,37,Valencia,33,51.39,Web,Básico,2920.9,2,6,2023-12-16,Sí
CLI-000898,CTR-000898,35,Murcia,10,81.21,Aplicación,Empresa,2858.19,2,5,2025-11-14,Sí
CLI-001542,CTR-001542,51,Murcia,6,106.19,Tienda,Básico,,3,,2026-03-05,No
CLI-008994,CTR-008994,33,Zaragoza,42,87.06,Aplicación,Premium,2199.9,2,6,2023-03-26,Sí
CLI-003559,CTR-003559,49,Sevilla,70,59.76,WEB,Premium,3117.9,3,,2020-11-01,No
CLI-003413,CTR-003413,45,Zaragoza,14,83.2,Tienda,Empresa,3544.46,3,5,2025-07-20,Sí
CLI-004452,CTR-004452,18,Murcia,34,79.75,Tienda,Estándar,1930.17,2,2,2023-11-01,Sí
CLI-002080,CTR-002080,25,Valencia,10,84.63,Aplicación,Estándar,3350.25,3,6,2025-11-01,Sí
CLI-007896,CTR-007896,25,Barcelona,31,29.43,Teléfono,Premium,2844.44,3,9,2024-02-07,No
CLI-009749,CTR-009749,42,Madrid,54,74.57,Teléfono,Estándar,1740.53,4,7,2022-03-28,No
CLI-009430,CTR-009430,66,Alicante,45,70.36,Teléfono,Premium,2390.89,0,7,2022-12-11,No
CLI-008418,CTR-008418,51,Sevilla,12,30.61,Web,Estándar,750,0,10,2025-09-02,No
CLI-003645,CTR-003645,42,Madrid,91,72.27,Aplicación,Estándar,,1,7,2019-02-15,No
CLI-004915,CTR-004915,53,Zaragoza,28,84.1,Aplicación,Básico,782.33,4,,2024-05-10,Sí
CLI-002547,CTR-002547,36,Madrid,44,35.84,Web,Estándar,2640.38,3,5,2023-01-06,Sí
CLI-000842,CTR-000842,49,Barcelona,57,72.42,Web,Empresa,2848.14,2,,2021-12-06,No
CLI-000022,CTR-009872,27,Madrid,7,78.42,Teléfono,Empresa,3449.34,4,9,2026-02-28,No
CLI-003015,CTR-003015,29,Valencia,51,75.07,Tienda,Estándar,,4,,2022-06-23,No
CLI-000388,CTR-000388,41,Sevilla,44,23.66,Web,Estándar,2346.27,3,4,2023-01-11,Sí
CLI-000946,CTR-000946,58,Zaragoza,22,79.45,Web,Premium,1727.8,4,,2024-11-05,Sí
CLI-007055,CTR-007055,51,Sevilla,7,88.62,Aplicación,Estándar,,2,5,2026-02-11,Sí
CLI-006574,CTR-006574,36,Valencia,3,63.46,Teléfono,Estándar,,2,4,2026-06-09,Sí
CLI-005482,CTR-005482,37,Alicante,31,95.95,Web,Premium,1245.48,2,4,2024-02-13,Sí
CLI-003433,CTR-003433,36,Valencia,9,41.03,Web,Estándar,3291.04,2,,2025-12-02,No
CLI-004666,CTR-004666,45,Valencia,30,64.73,Aplicación,Premium,2158.19,6,6,2024-03-07,Sí
CLI-008727,CTR-008727,51,Murcia,25,80.53,Aplicación,Básico,,1,,2024-08-04,No
CLI-003541,CTR-003541,48,Alicante,7,59.08,Web,Premium,2902.59,3,7,2026-02-24,Sí
CLI-003152,CTR-003152,35,Murcia,92,14.01,Tienda,Estándar,3040.86,4,8,2019-01-22,No
CLI-005073,CTR-005073,43,Sevilla,58,24.88,Tienda,Premium,2440.23,2,6,2021-11-12,No
CLI-008971,CTR-008971,42,Madrid,43,59.08,Tienda,Básico,1835.21,4,7,2023-02-19,No
CLI-005017,CTR-005017,33,Alicante,49,-23.92,Teléfono,Empresa,2300.97,2,6,2022-08-06,No
CLI-008751,CTR-008751,19,Madrid,45,52.3,Aplicación,Estándar,3158.92,4,6,2022-12-27,Sí
CLI-000492,CTR-000492,42,Madrid,57,44.84,Aplicación,Estándar,4565.52,2,,2021-12-09,No
CLI-007854,CTR-007854,46,Málaga,51,51.28,Tienda,Premium,763.32,2,9,2022-06-23,No
CLI-006032,CTR-006032,40,Barcelona,30,84.7,WEB,Estándar,,6,,2024-03-03,Sí
CLI-006756,CTR-006756,36,Valencia,47,64.12,Aplicación,Estándar,3809.65,8,4,2022-10-27,Sí
CLI-007317,CTR-007317,41,Madrid,46,42.73,Teléfono,Básico,2320.55,7,,2022-11-25,Sí
CLI-000626,CTR-000626,46,Barcelona,44,68.75,Web,Estándar,2202.52,2,10,2023-01-27,No
CLI-006845,CTR-006845,28,Murcia,37,88.22,Teléfono,Estándar,5049.82,0,,2023-08-01,Sí
CLI-004212,CTR-004212,46,Zaragoza,13,64.09,Web,Básico,2158.81,4,7,2025-08-21,Sí
CLI-008084,CTR-008084,48,Alicante,91,9.9,Tienda,Estándar,3041.47,1,8,2019-02-22,No
CLI-007085,CTR-007085,57,Sevilla,9,75.23,WEB,Básico,3428.12,2,9,2025-12-18,No
CLI-007466,CTR-007466,37,Valencia,73,37.73,Teléfono,Premium,3336.73,0,9,2020-08-15,No
CLI-006493,CTR-006493,52,Barcelona,23,61.75,Aplicación,Básico,1529.93,3,7,2024-10-22,No
CLI-003997,CTR-003997,37,Madrid,43,55.55,Aplicación,Premium,1396.8,2,8,2023-02-25,No
CLI-005499,CTR-005499,34,Murcia,21,31.28,Tienda,Empresa,2941.03,1,9,2024-12-11,No
CLI-007719,CTR-007719,30,Barcelona,36,56.64,Aplicación,Estándar,2297.71,1,4,2023-09-18,Sí
CLI-003225,CTR-003225,33,Barcelona,31,97.78,Web,Premium,1918.06,3,,2024-02-14,No
CLI-007029,CTR-007029,59,Sevilla,24,90.57,Web,Estándar,3316.69,5,5,2024-09-26,Sí
CLI-001533,CTR-001533,34,Alicante,28,25.92,Web,Básico,1022.29,4,4,2024-05-28,Sí
CLI-000442,CTR-000442,30,Madrid,4,82.89,Aplicación,Estándar,2248.74,5,4,2026-05-05,Sí
CLI-007536,CTR-007536,51,Barcelona,40,41.06,Tienda,Estándar,,4,10,2023-05-14,No
CLI-005954,CTR-005954,45,Madrid,52,49.8,Web,Básico,2435.44,0,7,2022-05-11,No
CLI-008112,CTR-008112,40,Madrid,18,31.57,Web,Premium,2319.25,1,7,2025-03-01,No
CLI-005590,CTR-005590,32,Barcelona,90,90.55,Web,Premium,3048.02,1,,2019-03-07,No
CLI-008519,CTR-008519,55,Madrid,12,47.32,Web,Básico,,1,5,2025-09-14,No
CLI-008089,CTR-008089,36,Madrid,43,95.84,Web,Premium,2369.97,2,6,2023-02-17,Sí
CLI-001851,CTR-001851,37,Málaga,76,67.28,Web,Empresa,3329.12,4,7,2020-05-02,No
CLI-007504,CTR-007504,56,Zaragoza,23,85.02,Web,Estándar,,5,5,2024-10-25,Sí
CLI-003273,CTR-003273,35,Madrid,28,50.16,Teléfono,Básico,1620.08,5,,2024-05-25,Sí
CLI-007874,CTR-007874,42,Barcelona,74,74.99,Web,Estándar,1232.54,3,7,2020-07-25,No
CLI-000310,CTR-000310,56,Madrid,9,81.41,Teléfono,Premium,,0,7,2025-12-27,No
CLI-002150,CTR-002150,43,Madrid,31,65.4,Teléfono,Básico,3748.86,6,7,2024-02-21,Sí
CLI-002485,CTR-002485,25,Sevilla,48,57.21,Teléfono,Premium,2186.76,0,7,2022-09-26,No
CLI-004448,CTR-004448,51,Zaragoza,64,30.99,Web,Estándar,2507.56,5,7,2021-05-17,No
CLI-006551,CTR-006551,50,Sevilla,8,51.53,Web,Estándar,1673.33,5,3,2026-01-14,Sí
CLI-004397,CTR-004397,48,Madrid,66,41.41,Tienda,Empresa,2369.08,2,,2021-03-17,No
CLI-008460,CTR-008460,28,Valencia,13,41.46,Tienda,Estándar,2131.88,5,,2025-08-22,No
CLI-004918,CTR-004918,28,Valencia,39,90.11,Teléfono,Básico,1566.38,2,5,2023-06-11,Sí
CLI-001785,CTR-001785,53,Barcelona,9,63.42,Tienda,Básico,1377.17,1,7,2025-12-24,No
CLI-005901,CTR-005901,62,Madrid,50,83.26,Web,Estándar,2614.15,4,8,2022-07-23,No
CLI-003026,CTR-003026,38,Málaga,8,60,Tienda,Estándar,1679.42,4,1,2026-01-04,Sí
CLI-000873,CTR-000873,62,Barcelona,37,267.96,Web,Básico,7332.6,4,4,2023-08-16,Sí
CLI-006091,CTR-006091,46,Alicante,37,85.04,Tienda,Estándar,1660.27,2,8,2023-08-01,No
CLI-006993,CTR-006993,53,Sevilla,65,77.52,Tienda,Premium,3674.1,2,9,2021-04-01,No
CLI-008503,CTR-008503,33,Barcelona,38,69.99,Web,Premium,2473.69,7,,2023-07-20,Sí
CLI-005884,CTR-005884,56,Barcelona,44,57.67,Tienda,Básico,3030.61,2,5,2023-01-05,No
CLI-008395,CTR-008395,45,Zaragoza,65,77.55,Web,Estándar,3118.13,1,,2021-04-14,No
CLI-003019,CTR-003019,63,Madrid,83,53.89,Tienda,Estándar,3433.79,3,6,2019-10-17,No
CLI-006813,CTR-006813,38,Murcia,94,41.27,Web,Premium,2984.86,2,,2018-11-10,No
CLI-006719,CTR-006719,47,Valencia,68,86.63,Tienda,Básico,3282.45,3,6,2021-01-14,No
CLI-001809,CTR-001809,39,Málaga,80,28.44,Teléfono,Estándar,1496.91,0,,2020-01-18,No
CLI-000093,CTR-009943,41,Madrid,33,91.09,Aplicación,Estándar,2136.51,3,3,2023-12-24,Sí
CLI-004830,CTR-004830,20,Alicante,18,62.4,Teléfono,Estándar,2962.98,1,6,2025-03-13,No
CLI-001897,CTR-001897,39,Barcelona,41,72.16,Aplicación,Básico,1792.42,2,6,2023-04-22,No
CLI-003945,CTR-003945,28,Málaga,28,75.95,Teléfono,Estándar,2415.95,2,5,2024-05-21,Sí
CLI-002279,CTR-002279,24,Murcia,34,75.93,Teléfono,Premium,4045.37,4,4,2023-11-21,Sí
CLI-001414,CTR-001414,45,Barcelona,14,65.1,Tienda,Estándar,2114.29,2,10,2025-07-19,No
CLI-000725,CTR-000725,22,Madrid,67,57.72,Aplicación,Estándar,3274.38,1,,2021-02-17,No
CLI-007052,CTR-007052,25,Valencia,26,52.12,Web,Básico,4161.09,6,6,2024-07-27,Sí
CLI-009196,CTR-009196,21,Zaragoza,23,46.8,Web,Básico,,3,3,2024-10-23,Sí
CLI-003654,CTR-003654,50,Madrid,50,49.8,Teléfono,Estándar,794.72,1,10,2022-07-08,No
CLI-005126,CTR-005126,57,Madrid,73,70.22,Aplicación,Estándar,,2,6,2020-08-14,No
CLI-009310,CTR-009310,30,Valencia,31,61,Tienda,Premium,2952.48,1,,2024-02-15,No
CLI-006968,CTR-006968,45,Barcelona,27,84.3,Web,Básico,1679.22,3,7,2024-06-28,Sí
CLI-004224,CTR-004224,45,Murcia,30,75.06,Aplicación,Estándar,,4,5,2024-03-25,Sí
CLI-006849,CTR-006849,39,Murcia,19,39.97,web,Básico,1879.8,3,,2025-02-05,Sí
CLI-009078,CTR-009078,41,Murcia,33,86.53,Aplicación,Premium,1419.14,3,5,2023-12-17,Sí
CLI-005568,CTR-005568,50,Barcelona,45,34.15,Tienda,Estándar,2674.23,3,,2022-12-03,No
CLI-002360,CTR-002360,68,Madrid,88,17.35,Tienda,Premium,3471.76,0,6,2019-05-09,No
CLI-002067,CTR-002067,41,Zaragoza,10,46.98,Tienda,Premium,2239.79,6,6,2025-11-03,Sí
CLI-006396,CTR-006396,34,Murcia,64,72.54,Teléfono,Básico,2631.07,3,9,2021-05-01,No
CLI-003551,CTR-003551,62,Zaragoza,89,48,Teléfono,Estándar,3336.73,2,7,2019-04-05,No
CLI-003016,CTR-003016,55,Barcelona,27,62.62,Tienda,Premium,2511.61,2,,2024-06-17,Sí
CLI-002747,CTR-002747,44,Barcelona,21,63.09,Aplicación,Básico,2080.52,1,3,2024-12-10,Sí
CLI-007764,CTR-007764,52,Murcia,68,68.28,Web,Estándar,3082.46,1,,2021-01-04,No
CLI-007954,CTR-007954,60,Alicante,17,72.08,Web,Básico,3517.75,0,7,2025-04-04,No
CLI-006817,CTR-006817,46,Valencia,31,74.1,Aplicación,Premium,3148.99,4,,2024-02-27,Sí
CLI-001534,CTR-001534,54,Alicante,38,53.68,Web,Premium,4038.06,1,8,2023-07-13,No
CLI-000568,CTR-000568,30,Sevilla,51,15.16,Teléfono,Estándar,3662.77,3,7,2022-06-20,No
CLI-000091,CTR-000091,53,Madrid,21,72,Tienda,Estándar,1315.03,4,7,2024-12-11,Sí
CLI-005531,CTR-005531,62,Madrid,90,62.06,Aplicación,Estándar,1719.61,4,5,2019-03-04,No
CLI-004925,CTR-004925,27,Barcelona,45,106.41,Teléfono,Premium,1693.95,6,7,2022-12-09,Sí
CLI-004332,CTR-004332,48,Valencia,36,27.18,Web,Empresa,,2,10,2023-09-06,No
CLI-009817,CTR-009817,39,Barcelona,62,26.9,Web,Premium,3570.34,2,7,2021-07-11,No
CLI-008159,CTR-008159,67,Zaragoza,68,103.86,Aplicación,Básico,1633.43,1,7,2021-01-19,No
CLI-005326,CTR-005326,44,Zaragoza,40,33.25,Tienda,Básico,1400.39,5,,2023-05-06,Sí
CLI-004577,CTR-004577,22,Murcia,34,60.27,Web,Premium,,7,,2023-11-22,Sí
CLI-008809,CTR-008809,44,Madrid,32,93.19,Web,Estándar,1765.34,3,6,2024-01-18,Sí
CLI-001453,CTR-001453,26,Alicante,17,88.64,Teléfono,Premium,2138.05,2,,2025-04-19,Sí
CLI-002716,CTR-002716,44,Zaragoza,35,71.28,Tienda,Estándar,750,3,5,2023-10-24,Sí
CLI-008973,CTR-008973,18,Alicante,48,26.16,Web,Premium,2798.66,0,,2022-09-03,No
CLI-004791,CTR-004791,27,Barcelona,19,82.08,Web,Premium,1870.6,6,5,2025-02-28,Sí
CLI-005516,CTR-005516,48,Murcia,35,48.75,Teléfono,Premium,1839.29,6,4,2023-10-12,Sí
CLI-008055,CTR-008055,37,Madrid,94,73.34,Web,Estándar,,0,7,2018-11-08,No
CLI-008409,CTR-008409,47,Barcelona,58,80.27,Teléfono,Premium,1080.7,2,7,2021-11-08,No
CLI-006714,CTR-006714,60,Alicante,29,69.19,WEB,Estándar,1036.64,4,4,2024-04-15,Sí
CLI-000834,CTR-000834,49,Sevilla,5,82.61,Teléfono,Premium,,4,5,2026-04-20,Sí
CLI-003550,CTR-003550,57,Zaragoza,43,81.6,Web,Empresa,1252.05,4,,2023-02-19,Sí
CLI-009538,CTR-009538,37,Barcelona,27,69.5,Web,Premium,,5,6,2024-06-16,Sí
CLI-009077,CTR-009077,29,Barcelona,72,25.18,Aplicación,Básico,2338.43,2,,2020-09-01,No
CLI-006744,CTR-006744,43,Zaragoza,42,71.96,Web,Estándar,,3,,2023-03-06,No
CLI-001598,CTR-001598,35,Barcelona,80,68.36,WEB,Básico,,1,5,2020-01-18,No
CLI-009453,CTR-009453,60,Madrid,71,59.95,,Básico,3631.44,1,,2020-10-02,No
CLI-001886,CTR-001886,27,Barcelona,18,58.56,Teléfono,Básico,3259.76,5,5,2025-03-26,Sí
CLI-001149,CTR-001149,27,Barcelona,27,82.07,Tienda,Empresa,2921.09,2,7,2024-06-23,No
CLI-000700,CTR-000700,41,Madrid,16,60.52,Web,Básico,2299.84,0,4,2025-05-14,No
CLI-002527,CTR-002527,40,Barcelona,30,30.28,Web,Básico,4460.57,0,8,2024-03-03,No
CLI-007211,CTR-007211,51,Alicante,95,74.76,Aplicación,Premium,,1,8,2018-10-01,No
CLI-007001,CTR-007001,35,Zaragoza,35,44.28,Teléfono,Básico,750,4,8,2023-10-20,No
CLI-000705,CTR-000705,39,Málaga,68,19.65,Teléfono,Empresa,,1,,2021-01-27,No
CLI-007769,CTR-007769,32,Valencia,16,67.28,Web,Estándar,,0,6,2025-05-17,No
CLI-006768,CTR-006768,57,Valencia,32,103.42,Teléfono,Premium,2167.62,5,,2024-01-09,Sí
CLI-006230,CTR-006230,39,Barcelona,18,70.11,Teléfono,Estándar,3236.94,6,7,2025-03-28,No
CLI-003231,CTR-003231,39,Barcelona,37,67.08,Tienda,Estándar,1622.88,3,7,2023-08-19,Sí
CLI-008479,CTR-008479,42,Zaragoza,71,70.15,Web,Estándar,,4,7,2020-10-08,No
CLI-004793,CTR-004793,51,Madrid,70,25.77,Teléfono,Básico,3913.53,2,10,2020-11-07,No
CLI-002793,CTR-002793,45,Sevilla,81,44.3,Aplicación,Básico,4437.44,0,,2019-12-02,No
CLI-007373,CTR-007373,18,Barcelona,37,42.48,Web,Básico,1553.61,0,,2023-08-06,No
CLI-005842,CTR-005842,43,Madrid,6,31.49,Tienda,Estándar,1794.07,2,7,2026-03-05,No
CLI-001814,CTR-001814,48,Zaragoza,34,41.49,Web,Básico,2523.1,1,6,2023-11-09,No
CLI-006604,CTR-006604,40,Málaga,38,56.36,Tienda,Estándar,2381.9,3,,2023-07-09,No
CLI-001123,CTR-001123,43,Madrid,12,74.03,Web,Premium,2784.91,2,7,2025-09-04,No
CLI-000084,CTR-009934,51,Sevilla,12,69.13,Tienda,Empresa,,0,,2025-09-12,No
CLI-004094,CTR-004094,45,Zaragoza,87,65.76,Web,Estándar,3422.56,1,,2019-06-07,No
CLI-008384,CTR-008384,19,Barcelona,18,90.11,Tienda,Estándar,1467.62,4,,2025-03-11,Sí
CLI-004440,CTR-004440,42,Sevilla,36,55.76,Web,Premium,3378.91,0,7,2023-09-17,No
CLI-009070,CTR-009070,42,Murcia,87,64.7,Web,Estándar,2870.6,1,,2019-06-15,No
CLI-000956,CTR-000956,34,Valencia,18,73.44,Web,Básico,,3,,2025-03-28,Sí
CLI-009462,CTR-009462,57,Zaragoza,85,40.18,Aplicación,Estándar,2574.73,2,,2019-08-03,No
CLI-009011,CTR-009011,18,Madrid,43,99.17,Tienda,Estándar,3417.08,5,7,2023-02-24,Sí
CLI-002292,CTR-002292,46,Alicante,58,43.88,Web,Empresa,3487.33,1,5,2021-11-19,No
CLI-005865,CTR-005865,55,Madrid,49,36.17,Web,Estándar,2945.38,1,,2022-08-16,No
CLI-002227,CTR-002227,31,Murcia,29,47.92,Aplicación,Estándar,1545.41,2,,2024-04-28,No
CLI-003417,CTR-003417,39,Murcia,9,62.47,Tienda,Estándar,3420.36,1,5,2025-12-06,No
CLI-007531,CTR-007531,40,Barcelona,94,48.24,Tienda,Básico,2889.76,7,7,2018-11-24,No
CLI-009447,CTR-009447,21,Alicante,86,54.06,Teléfono,Básico,,5,6,2019-07-13,No
CLI-003263,CTR-003263,46,Madrid,23,37.55,Tienda,Empresa,3064.2,6,4,2024-10-07,Sí
CLI-001303,CTR-001303,46,Madrid,14,69.79,Web,Básico,805.86,2,,2025-07-26,No
CLI-005091,CTR-005091,59,Valencia,47,51.31,Web,Premium,2979.84,4,7,2022-10-18,No
CLI-007909,CTR-007909,38,Málaga,2,101.51,Tienda,Estándar,2895.85,2,,2026-07-25,Sí
CLI-009189,CTR-009189,47,Barcelona,39,67.7,Web,Premium,2771.66,5,,2023-06-23,No
CLI-006196,CTR-006196,53,Barcelona,35,44.53,Tienda,Estándar,1293.06,2,8,2023-10-09,No
CLI-003884,CTR-003884,37,Valencia,52,75.18,Teléfono,Estándar,3289.87,2,,2022-05-17,No
CLI-002155,CTR-002155,53,Valencia,89,64.69,web,Estándar,3182.6,0,,2019-04-06,No
CLI-004091,CTR-004091,43,Valencia,95,70.65,Web,Básico,,4,10,2018-10-26,No
CLI-002342,CTR-002342,34,Málaga,66,50.59,Tienda,Empresa,2800.34,1,8,2021-03-10,No
CLI-003747,CTR-003747,38,Madrid,51,75.1,Web,Estándar,3260.89,4,8,2022-06-06,No
CLI-000652,CTR-000652,18,Málaga,40,63.63,Tienda,Estándar,2745.75,0,7,2023-05-09,No
CLI-001343,CTR-001343,58,Barcelona,42,22.19,Web,Premium,3799.59,6,,2023-03-01,Sí
CLI-000072,CTR-009922,20,Madrid,30,67.4,Web,Estándar,2064.53,5,,2024-03-18,Sí
CLI-000099,CTR-009949,44,Barcelona,33,97.23,Teléfono,Estándar,1454.39,5,,2023-12-14,Sí
CLI-008385,CTR-008385,24,Alicante,16,51.49,Tienda,Estándar,,2,8,2025-05-15,No
CLI-009802,CTR-009802,42,Barcelona,10,56.18,Web,Empresa,3335.15,5,6,2025-11-09,Sí
CLI-000448,CTR-000448,34,Madrid,30,62.46,Web,Básico,,7,6,2024-03-15,Sí
CLI-007892,CTR-007892,48,Murcia,31,49.61,Tienda,Premium,3175.15,0,10,2024-02-07,No
CLI-004664,CTR-004664,23,Alicante,48,43.76,Aplicación,Estándar,3036.59,1,6,2022-09-12,No
CLI-003233,CTR-003233,35,Valencia,67,90.45,Teléfono,Premium,,1,,2021-02-27,No
CLI-007914,CTR-007914,25,Barcelona,37,70.02,Aplicación,Básico,3737.6,3,7,2023-08-17,No
CLI-003429,CTR-003429,45,Barcelona,57,42.57,Web,Estándar,2757.64,0,8,2021-12-05,No
CLI-001831,CTR-001831,40,Madrid,6,64.87,Aplicación,Empresa,1799.94,0,7,2026-03-04,Sí
CLI-004011,CTR-004011,22,Madrid,30,72.98,Web,Empresa,3289.62,3,10,2024-03-03,No
CLI-008436,CTR-008436,18,Madrid,57,40.95,Teléfono,Premium,2544.4,1,,2021-12-20,No
CLI-003153,CTR-003153,55,Valencia,16,56.57,Web,Premium,2945.5,3,9,2025-05-08,No
CLI-009606,CTR-009606,44,Sevilla,4,57.8,,Estándar,3156.94,1,,2026-05-10,Sí
CLI-000731,CTR-000731,34,Madrid,19,64.18,Teléfono,Premium,1432.79,4,7,2025-02-16,Sí
CLI-004443,CTR-004443,29,Madrid,24,41.98,Teléfono,Premium,1372.31,3,5,2024-09-23,Sí
CLI-003027,CTR-003027,44,Madrid,26,67.11,Web,Premium,2113.88,3,4,2024-07-23,No
CLI-008941,CTR-008941,33,Alicante,67,48.12,Teléfono,Básico,2663.19,2,,2021-02-09,No
CLI-007632,CTR-007632,50,Valencia,89,62.77,Aplicación,Estándar,3728.23,1,,2019-04-15,No
CLI-006167,CTR-006167,53,Madrid,30,33.09,Teléfono,Básico,1553.69,3,2,2024-03-10,Sí
CLI-005084,CTR-005084,40,Murcia,39,29.27,Tienda,Básico,3042.49,4,,2023-06-15,Sí
CLI-002989,CTR-002989,42,Zaragoza,39,19.51,Web,Premium,2877.22,4,,2023-06-05,No
CLI-000769,CTR-000769,41,Sevilla,2,49.28,Web,Estándar,2860.28,8,3,2026-07-16,Sí
CLI-005393,CTR-005393,41,Sevilla,22,70.73,Teléfono,Básico,3053.15,0,,2024-11-06,No
CLI-001511,CTR-001511,22,Valencia,44,75.54,Tienda,Básico,2804.67,3,8,2023-01-03,Sí
CLI-002564,CTR-002564,48,Barcelona,93,102.25,Tienda,Premium,1819.41,0,8,2018-12-02,No
CLI-009826,CTR-009826,50,Málaga,78,57.87,Web,Básico,3084.1,3,10,2020-03-03,No
CLI-009520,CTR-009520,33,Madrid,7,44.97,Aplicación,Básico,3721.17,2,10,2026-02-16,No
CLI-003752,CTR-003752,50,Barcelona,31,36.47,Aplicación,Básico,,3,6,2024-02-15,Sí
CLI-003978,CTR-003978,23,Madrid,26,50.83,Web,Básico,3709.56,2,,2024-07-23,No
CLI-002714,CTR-002714,50,Barcelona,13,32.79,Teléfono,Básico,1550.82,3,3,2025-08-05,Sí
CLI-006115,CTR-006115,25,Sevilla,15,46.93,Teléfono,Premium,1872.15,1,6,2025-06-19,No
CLI-001734,CTR-001734,37,Murcia,47,72.22,web,Premium,1366.9,6,7,2022-10-19,Sí
CLI-005574,CTR-005574,22,Madrid,19,50.46,Tienda,Estándar,2663.66,5,,2025-02-22,Sí
CLI-008082,CTR-008082,36,Madrid,7,50.36,Web,Empresa,,4,5,2026-02-11,Sí
CLI-003469,CTR-003469,18,Madrid,82,47.02,Web,Estándar,,2,6,2019-11-17,No
CLI-006317,CTR-006317,44,Barcelona,6,60.44,Aplicación,Empresa,4027.58,5,6,2026-03-22,No
CLI-000532,CTR-000532,43,Madrid,81,49.96,Tienda,Estándar,2134.85,0,8,2019-12-15,No
CLI-002674,CTR-002674,19,Alicante,53,56.08,Aplicación,Básico,2949.59,1,9,2022-04-09,No
CLI-000193,CTR-000193,36,Madrid,25,55.59,Web,Estándar,1511.06,7,,2024-08-12,Sí
CLI-005964,CTR-005964,23,Sevilla,33,68.71,Tienda,Básico,2010.22,1,6,2023-12-14,No
CLI-000973,CTR-000973,51,Zaragoza,29,89.16,Tienda,Estándar,2272.11,5,2,2024-04-25,Sí
CLI-006383,CTR-006383,38,Valencia,80,72,Web,Estándar,2471.64,3,,2020-01-22,No
CLI-003340,CTR-003340,68,Alicante,13,66.64,Teléfono,Estándar,3150.85,4,5,2025-08-04,Sí
CLI-003320,CTR-003320,31,Málaga,12,144.13,Tienda,Básico,7726.89,7,,2025-09-16,Sí
CLI-007713,CTR-007713,35,Valencia,59,52.15,Aplicación,Premium,,2,,2021-10-18,No
CLI-000430,CTR-000430,37,Barcelona,81,50.18,Web,Básico,4069.01,2,7,2019-12-15,No
CLI-006889,CTR-006889,59,Valencia,32,85.13,Teléfono,Premium,3576.33,0,7,2024-01-02,No
CLI-000041,CTR-000041,42,Barcelona,1,100.21,Tienda,Premium,2721.02,3,3,2026-08-26,Sí
CLI-007681,CTR-007681,70,Valencia,88,69.45,Web,Premium,1958.68,0,8,2019-05-02,No
CLI-009680,CTR-009680,48,Barcelona,51,30.2,Web,Estándar,1949.09,2,5,2022-06-20,No
CLI-003510,CTR-003510,35,Valencia,44,85.75,Web,Básico,2350.78,0,9,2023-01-16,No
CLI-008261,CTR-008261,28,Barcelona,6,56.98,Teléfono,Básico,1338.86,4,,2026-03-24,Sí
CLI-009313,CTR-009313,55,Madrid,9,52.52,Tienda,Estándar,4472.45,3,7,2025-12-23,Sí
CLI-000677,CTR-000677,35,Madrid,63,24.45,Web,Premium,2131.36,0,7,2021-06-28,No
CLI-003346,CTR-003346,37,Valencia,62,31.03,Web,Básico,4747.88,3,9,2021-07-24,No
CLI-002627,CTR-002627,65,Valencia,30,47.86,Aplicación,Premium,,5,,2024-03-14,Sí
CLI-003831,CTR-003831,48,Madrid,55,70.76,Aplicación,Estándar,3087.39,3,,2022-02-22,No
CLI-004120,CTR-004120,33,Madrid,3,49.04,Tienda,Estándar,,5,8,2026-06-02,Sí
CLI-001285,CTR-001285,39,Sevilla,15,30.33,Tienda,Básico,2862.17,4,3,2025-06-19,Sí
CLI-004027,CTR-004027,52,Barcelona,90,56.05,Web,Básico,3068.64,2,,2019-03-26,No
CLI-002694,CTR-002694,47,Málaga,31,80.07,Tienda,Estándar,,0,7,2024-02-08,No
CLI-000181,CTR-000181,46,Madrid,56,54.28,Web,Estándar,,0,,2022-01-24,No
CLI-009618,CTR-009618,23,Madrid,71,50.88,Teléfono,Premium,3553.43,3,6,2020-10-20,No
CLI-008875,CTR-008875,30,Madrid,10,76.87,Teléfono,Estándar,2069.84,4,9,2025-11-02,No
CLI-007997,CTR-007997,30,Madrid,36,33.03,Tienda,Básico,,0,7,2023-09-08,No
CLI-006254,CTR-006254,45,Valencia,62,33.83,Web,Básico,3178.1,5,,2021-07-07,No
CLI-005723,CTR-005723,58,Valencia,34,64.42,Web,Estándar,2458.75,7,,2023-11-08,Sí
CLI-004405,CTR-004405,27,Málaga,42,87.13,Web,Estándar,,7,,2023-03-19,Sí
CLI-000389,CTR-000389,47,Barcelona,19,41.62,Web,Estándar,2481.27,0,7,2025-02-23,No
CLI-002545,CTR-002545,38,Madrid,17,68.81,Aplicación,Estándar,,3,,2025-04-24,Sí
CLI-005672,CTR-005672,37,Alicante,52,70.72,Aplicación,Básico,1771.94,1,10,2022-05-28,No
CLI-000062,CTR-009912,60,Sevilla,21,78.23,Web,Estándar,1094.2,5,,2024-12-03,Sí
CLI-009529,CTR-009529,38,Sevilla,84,25.37,Web,Premium,,4,7,2019-09-03,No
CLI-003334,CTR-003334,26,Madrid,13,12.47,Aplicación,Estándar,1942.17,1,7,2025-08-03,No
CLI-000172,CTR-000172,43,Sevilla,83,68.91,Web,Básico,4920.28,0,6,2019-10-03,No
CLI-005680,CTR-005680,35,Málaga,7,67.46,Web,Básico,,7,4,2026-02-19,Sí
CLI-004555,CTR-004555,41,Madrid,39,71.64,Web,Básico,2474.63,5,5,2023-06-24,Sí
CLI-008443,CTR-008443,18,Murcia,40,75.52,Web,Básico,1705.45,4,,2023-05-10,Sí
CLI-001627,CTR-001627,52,Barcelona,84,117,WEB,Básico,2892.93,4,7,2019-09-13,No
CLI-006538,CTR-006538,60,Zaragoza,29,76.09,Teléfono,Estándar,2994.19,5,3,2024-04-01,Sí
CLI-007773,CTR-007773,44,Valencia,4,75.03,Web,Estándar,1534.2,4,3,2026-05-11,Sí
CLI-002620,CTR-002620,44,Barcelona,6,46.91,Tienda,Premium,,6,6,2026-03-05,Sí
CLI-001376,CTR-001376,18,Sevilla,62,47.55,Web,Premium,2925.48,0,,2021-07-10,No
CLI-003333,CTR-003333,33,Sevilla,36,49.41,Teléfono,Premium,3678.61,2,5,2023-09-01,Sí
CLI-004684,CTR-004684,31,Barcelona,30,68.7,Tienda,Estándar,1631.58,4,7,2024-03-09,Sí
CLI-004502,CTR-004502,46,Barcelona,8,82.12,Aplicación,Estándar,2385.63,3,,2026-01-05,Sí
CLI-009751,CTR-009751,40,Barcelona,51,61.97,Web,Premium,2920.76,4,6,2022-06-16,No
CLI-009755,CTR-009755,40,Madrid,88,79.26,Aplicación,Estándar,3957.92,0,,2019-05-27,No
CLI-006048,CTR-006048,39,Madrid,34,76.6,Tienda,Estándar,3111.65,3,5,2023-11-02,Sí
CLI-003989,CTR-003989,25,Murcia,43,57.87,Web,Estándar,1590.47,6,,2023-02-14,Sí
CLI-006341,CTR-006341,55,Zaragoza,78,62.79,Web,Estándar,,2,8,2020-03-25,No
CLI-007278,CTR-007278,42,Valencia,38,55.77,Teléfono,Premium,,4,,2023-07-21,Sí
CLI-003522,CTR-003522,26,Sevilla,16,45.08,Web,Básico,,2,7,2025-05-15,No
CLI-006430,CTR-006430,46,Sevilla,67,55.04,Web,Estándar,3890.21,0,,2021-02-05,No
CLI-009336,CTR-009336,63,Madrid,28,30.05,Tienda,Básico,1504.93,1,7,2024-05-10,No
CLI-008012,CTR-008012,32,Málaga,37,69.78,Teléfono,Estándar,1505.11,2,,2023-08-15,No
CLI-000416,CTR-000416,70,Murcia,49,49.23,Web,Premium,2841.28,0,,2022-08-10,No
CLI-005062,CTR-005062,57,Madrid,85,72.29,Teléfono,Básico,1548,3,,2019-08-16,No
CLI-002311,CTR-002311,42,Málaga,36,59.54,Teléfono,Estándar,750,3,9,2023-09-18,No
CLI-005285,CTR-005285,35,Zaragoza,47,105.68,Web,Estándar,782.6,6,6,2022-10-10,Sí
CLI-002708,CTR-002708,29,Barcelona,13,62.52,Web,Estándar,2557.35,3,,2025-08-26,Sí
CLI-005272,CTR-005272,36,Valencia,31,46.22,Tienda,Estándar,2838.48,3,6,2024-02-12,Sí
CLI-008353,CTR-008353,51,Sevilla,83,30.36,Aplicación,Premium,3730.01,5,,2019-10-03,No
CLI-006423,CTR-006423,22,Sevilla,42,114.04,Aplicación,Premium,1167.62,1,6,2023-03-03,Sí
CLI-006757,CTR-006757,49,Murcia,1,60.63,Web,Premium,3782.32,3,,2026-08-13,Sí
CLI-000583,CTR-000583,40,Alicante,34,41.75,Web,Empresa,3202.23,2,,2023-11-10,Sí
CLI-006712,CTR-006712,49,Madrid,54,66.22,Web,Premium,,1,6,2022-03-14,No
CLI-008939,CTR-008939,18,Alicante,2,60.27,Web,Premium,1157.16,6,7,2026-07-28,Sí
CLI-009333,CTR-009333,40,Barcelona,25,36.71,Web,Estándar,,0,9,2024-08-24,No
CLI-001350,CTR-001350,62,Madrid,94,56.72,Tienda,Estándar,2551.79,6,9,2018-11-14,No
CLI-001567,CTR-001567,58,Alicante,74,32.95,WEB,Premium,2122.85,1,6,2020-07-04,No
CLI-007110,CTR-007110,47,Málaga,70,44.61,Web,Estándar,2511.02,0,,2020-11-07,No
CLI-004493,CTR-004493,54,Barcelona,50,59.67,Web,Estándar,2939.69,3,7,2022-07-10,No
CLI-001229,CTR-001229,45,Zaragoza,54,56.18,Web,Estándar,,2,8,2022-03-15,No
CLI-002815,CTR-002815,46,Barcelona,6,50.55,Web,Básico,,1,,2026-03-20,No
CLI-003651,CTR-003651,42,Alicante,79,122.96,Teléfono,Estándar,1610.37,1,7,2020-02-24,No
CLI-004030,CTR-004030,40,Madrid,44,100.54,Aplicación,Premium,2202.34,2,7,2023-01-09,No
CLI-008516,CTR-008516,50,Madrid,18,98.97,Web,Estándar,,5,,2025-03-19,Sí
CLI-008866,CTR-008866,38,Madrid,43,69.16,Tienda,Básico,1748.09,5,6,2023-02-21,Sí
CLI-009193,CTR-009193,48,Madrid,45,50.12,Web,Empresa,2542.09,3,3,2022-12-01,Sí
CLI-005233,CTR-005233,35,Madrid,34,42.74,Tienda,Empresa,1374.72,3,,2023-11-27,No
CLI-004694,CTR-004694,40,Barcelona,8,98.44,Tienda,Estándar,2931.74,2,6,2026-01-28,No
CLI-005921,CTR-005921,66,Barcelona,10,67.67,WEB,Estándar,,5,6,2025-11-16,No
CLI-003244,CTR-003244,34,Madrid,90,74.95,Web,Estándar,2121.67,4,5,2019-03-23,No
CLI-007109,CTR-007109,42,Barcelona,26,107.94,Teléfono,Estándar,2530.85,0,8,2024-07-05,No
CLI-003450,CTR-003450,36,Zaragoza,84,53.35,Aplicación,Premium,1730.29,3,,2019-09-11,No
CLI-003593,CTR-003593,62,Madrid,75,35.88,Web,Estándar,3624.51,3,8,2020-06-25,No
CLI-007798,CTR-007798,30,Valencia,33,53.36,Teléfono,Estándar,2972.52,3,7,2023-12-02,Sí
CLI-004528,CTR-004528,50,Barcelona,32,65.85,Teléfono,Premium,3823.94,2,6,2024-01-03,No
CLI-002914,CTR-002914,42,Alicante,15,22.89,Tienda,Básico,1678.75,3,,2025-06-09,No
CLI-008383,CTR-008383,21,Málaga,28,94.06,Aplicación,Básico,1048.31,6,3,2024-05-04,Sí
CLI-003319,CTR-003319,51,Alicante,76,78.9,Teléfono,Premium,3793.43,2,,2020-05-07,No
CLI-003964,CTR-003964,29,Sevilla,10,83.45,Aplicación,Básico,3967.96,5,5,2025-11-10,Sí
CLI-009685,CTR-009685,35,Málaga,17,48.48,Web,Premium,766.03,2,5,2025-04-08,Sí
CLI-008597,CTR-008597,36,Barcelona,26,60.41,Teléfono,Básico,3933.4,2,8,2024-07-27,No
CLI-002477,CTR-002477,37,Valencia,17,44.51,Web,Empresa,3376.32,2,4,2025-04-25,Sí
CLI-001247,CTR-001247,39,Madrid,32,84.76,Tienda,Básico,1293.42,4,,2024-01-14,No
CLI-000384,CTR-000384,31,Sevilla,40,59.48,Aplicación,Estándar,3966.61,4,8,2023-05-21,No
CLI-004893,CTR-004893,39,Madrid,58,60.58,Web,Premium,1991.86,1,8,2021-11-25,No
CLI-005703,CTR-005703,32,Málaga,28,65.39,Web,Empresa,1265.62,4,,2024-05-05,Sí
CLI-002195,CTR-002195,40,Madrid,36,83.44,Web,Estándar,3417.63,3,,2023-09-02,No
CLI-004218,CTR-004218,21,Sevilla,91,62.33,Tienda,Estándar,2087.71,2,10,2019-02-24,No
CLI-008356,CTR-008356,59,Málaga,29,61.81,Web,Premium,2240.53,4,7,2024-04-05,No
CLI-004690,CTR-004690,49,Madrid,38,30.55,Aplicación,Premium,2371.61,2,,2023-07-21,No
CLI-000748,CTR-000748,41,Madrid,7,49.46,web,Básico,,1,,2026-02-02,No
CLI-001487,CTR-001487,59,Valencia,46,9.9,Teléfono,Estándar,2542.09,0,9,2022-11-09,No
CLI-005783,CTR-005783,50,Barcelona,54,45.91,Tienda,Básico,,2,,2022-03-09,No
CLI-005504,CTR-005504,60,Málaga,14,113.44,Teléfono,Empresa,3132.33,0,,2025-07-03,No
CLI-008204,CTR-008204,38,Murcia,42,77.55,Web,Estándar,1114.26,4,,2023-03-26,No
CLI-004152,CTR-004152,57,Madrid,27,46.98,Aplicación,Estándar,750,8,5,2024-06-02,Sí
CLI-000159,CTR-000159,42,Valencia,47,70.85,Web,Estándar,3780.81,2,7,2022-10-17,No
CLI-001106,CTR-001106,61,Zaragoza,23,38.09,Tienda,Estándar,1815.74,3,5,2024-10-15,Sí
CLI-001698,CTR-001698,39,Murcia,81,51.66,Teléfono,Premium,,4,,2019-12-08,No
CLI-000387,CTR-000387,46,Madrid,69,54.67,Tienda,Premium,3251.19,3,8,2020-12-09,No
CLI-004504,CTR-004504,55,Sevilla,12,44.86,Web,Empresa,1177.37,6,6,2025-09-11,Sí
CLI-002215,CTR-002215,37,Sevilla,76,53.43,Teléfono,Básico,3346.89,5,5,2020-05-13,No
CLI-007911,CTR-007911,31,Sevilla,92,69.5,Web,Premium,1534.93,0,,2019-01-13,No
CLI-001057,CTR-001057,60,Madrid,9,69.02,Web,Estándar,1998.74,4,5,2025-12-18,Sí
CLI-006225,CTR-006225,57,Madrid,33,36.95,Teléfono,Premium,1804.94,4,5,2023-12-26,Sí
CLI-008546,CTR-008546,53,Valencia,29,73.69,Web,Básico,,4,,2024-04-14,No
CLI-000252,CTR-000252,38,Valencia,75,62.57,Tienda,Estándar,2805.01,0,9,2020-06-21,No
CLI-007302,CTR-007302,44,Madrid,48,76.23,Web,Premium,2866.78,3,3,2022-09-16,Sí
CLI-000371,CTR-000371,47,Málaga,19,49.15,Web,Básico,,6,,2025-02-21,Sí
CLI-000838,CTR-000838,42,Alicante,48,65.58,Tienda,Básico,3422.85,1,6,2022-09-07,No
CLI-007049,CTR-007049,49,Málaga,91,53.1,Tienda,Estándar,2109.02,1,8,2019-02-02,No
CLI-005007,CTR-005007,31,Madrid,57,34.53,Web,Premium,2430.13,1,7,2021-12-22,No
CLI-005224,CTR-005224,54,Zaragoza,12,36,Web,Básico,,6,,2025-09-09,Sí
CLI-008867,CTR-008867,47,Barcelona,31,61.54,Aplicación,Básico,3378.27,3,10,2024-02-08,No
CLI-008645,CTR-008645,67,Málaga,71,46.48,Web,Premium,998.22,0,,2020-10-26,No
CLI-001455,CTR-001455,37,Barcelona,4,79.18,Tienda,Estándar,5543.16,4,4,2026-05-15,Sí
CLI-000821,CTR-000821,48,Barcelona,38,75.77,Tienda,Empresa,2018.15,7,4,2023-07-17,Sí
CLI-002972,CTR-002972,51,Madrid,33,37.85,Aplicación,Estándar,,5,,2023-12-13,No
CLI-004540,CTR-004540,36,Zaragoza,49,61.64,Web,Estándar,2172.21,2,9,2022-08-12,No
CLI-003157,CTR-003157,57,Barcelona,69,9.9,Web,Básico,2161.01,3,8,2020-12-27,No
CLI-003702,CTR-003702,57,Valencia,14,43.63,Web,Estándar,,3,5,2025-07-17,Sí
CLI-003974,CTR-003974,35,Madrid,3,63.45,Teléfono,Básico,3024.27,5,5,2026-06-01,Sí
CLI-008088,CTR-008088,60,Málaga,92,61.89,Tienda,Premium,2935.18,3,7,2019-01-04,No
CLI-004911,CTR-004911,58,Zaragoza,14,53.25,Web,Estándar,2366.78,5,,2025-07-19,Sí
CLI-003045,CTR-003045,41,Zaragoza,36,94.52,Tienda,Premium,3059.18,4,6,2023-09-25,Sí
CLI-004730,CTR-004730,34,Sevilla,19,99.72,Web,Estándar,3224.49,6,4,2025-02-04,Sí
CLI-000124,CTR-000124,63,Madrid,37,47.89,Web,Premium,2567.42,3,4,2023-08-21,Sí
CLI-003215,CTR-003215,49,Madrid,41,78.54,Aplicación,Empresa,,6,,2023-04-23,Sí
CLI-001117,CTR-001117,46,Málaga,34,70.79,Tienda,Básico,,3,,2023-11-18,No
CLI-003014,CTR-003014,31,Barcelona,20,75.64,Web,Estándar,2965.07,4,5,2025-01-03,Sí
CLI-000125,CTR-000125,50,Murcia,14,77.1,Tienda,Estándar,,0,8,2025-07-01,No
CLI-006975,CTR-006975,48,Málaga,26,48.88,Teléfono,Estándar,1461.82,4,,2024-07-18,Sí
CLI-009487,CTR-009487,55,Barcelona,45,31.67,Tienda,Estándar,3057.17,2,10,2022-12-01,No
CLI-001532,CTR-001532,40,Barcelona,26,70.82,Web,Estándar,2687.14,6,6,2024-07-20,Sí
CLI-002551,CTR-002551,44,Barcelona,19,33.97,Tienda,Estándar,750,0,9,2025-02-02,No
CLI-003526,CTR-003526,29,Barcelona,5,93.15,Web,Estándar,,2,7,2026-04-22,Sí
CLI-001850,CTR-001850,47,Málaga,83,60.48,Teléfono,Premium,2012.89,1,,2019-10-24,No
CLI-008540,CTR-008540,30,Sevilla,21,37.07,Tienda,Básico,1878.65,5,,2024-12-10,No
CLI-001256,CTR-001256,40,Madrid,70,56.42,Tienda,Estándar,3110.36,2,8,2020-11-25,No
CLI-001052,CTR-001052,49,Barcelona,14,70.02,Aplicación,Estándar,1686.19,4,,2025-07-16,Sí
CLI-000074,CTR-000074,59,Barcelona,31,84.99,Aplicación,Premium,2571.06,0,,2024-02-18,No
CLI-008294,CTR-008294,37,Barcelona,1,68.61,Tienda,Básico,1650.07,1,,2026-08-04,Sí
CLI-004427,CTR-004427,82,Barcelona,73,78.45,Web,Estándar,2475.55,2,6,2020-08-06,No
CLI-008060,CTR-008060,57,Madrid,72,47.64,Web,Básico,2754.7,3,6,2020-09-02,No
CLI-006589,CTR-006589,27,Valencia,43,84.65,web,Estándar,1886.29,3,6,2023-02-07,Sí
CLI-004984,CTR-004984,52,Barcelona,95,39.04,Aplicación,Empresa,2535.58,3,7,2018-10-18,No
CLI-000632,CTR-000632,40,Murcia,8,55.64,Web,Básico,1231.98,4,4,2026-01-27,Sí
CLI-007403,CTR-007403,41,Barcelona,43,67.98,Aplicación,Básico,2274.05,5,,2023-02-27,No
CLI-008258,CTR-008258,36,Barcelona,96,83.89,Tienda,Empresa,,0,,2018-09-26,No
CLI-001728,CTR-001728,30,Sevilla,61,32.91,Teléfono,Estándar,5159.19,0,,2021-08-21,No
CLI-009623,CTR-009623,34,Valencia,5,172.24,Teléfono,Básico,10993.35,6,,2026-04-14,Sí
CLI-001666,CTR-001666,45,Valencia,15,59.97,Teléfono,Estándar,2676.61,7,6,2025-06-24,Sí
CLI-009064,CTR-009064,70,Málaga,47,53.61,web,Básico,2373.03,1,7,2022-10-21,No
CLI-002960,CTR-002960,33,Madrid,75,68.39,Tienda,Estándar,,3,8,2020-06-14,No
CLI-004385,CTR-004385,38,Valencia,9,87.91,Teléfono,Básico,1102.75,3,,2025-12-11,Sí
CLI-005210,CTR-005210,57,Zaragoza,92,69.06,Tienda,Premium,2839.21,0,,2019-01-09,No
CLI-007573,CTR-007573,48,Valencia,2,105.67,Web,Estándar,819.15,5,,2026-07-04,Sí
CLI-005204,CTR-005204,60,Barcelona,9,66.17,Teléfono,Estándar,3218.77,3,7,2025-12-14,No
CLI-002958,CTR-002958,24,Murcia,13,31.62,Tienda,Básico,,2,6,2025-08-13,No
CLI-004366,CTR-004366,35,Barcelona,3,89.83,Web,Básico,,2,7,2026-06-08,Sí
CLI-002352,CTR-002352,18,Málaga,45,47.15,Web,Estándar,2756.17,2,5,2022-12-27,Sí
CLI-009705,CTR-009705,53,Barcelona,83,42.97,Web,Estándar,1707.74,3,10,2019-10-17,No
CLI-001150,CTR-001150,29,Valencia,35,42.38,Teléfono,Estándar,1142.32,3,,2023-10-17,Sí
CLI-002998,CTR-002998,30,Madrid,2,62.87,Aplicación,Empresa,1586,3,,2026-07-09,Sí
CLI-003782,CTR-003782,23,Málaga,57,68.88,Web,Básico,,2,7,2021-12-14,No
CLI-002348,CTR-002348,42,Madrid,68,86.39,Tienda,Premium,1546.67,0,9,2021-01-19,No
CLI-009325,CTR-009325,28,Madrid,9,56,Aplicación,Estándar,3003.31,3,,2025-12-23,Sí
CLI-000969,CTR-000969,41,Barcelona,73,55.6,Tienda,Estándar,1048.88,0,6,2020-08-08,No
CLI-007749,CTR-007749,59,Alicante,73,27.36,Teléfono,Básico,1413.7,1,,2020-08-18,No
CLI-002779,CTR-002779,58,Valencia,75,78.6,Web,Premium,3613.95,2,6,2020-06-08,No
CLI-004524,CTR-004524,25,Barcelona,17,46.87,Tienda,Premium,,0,8,2025-04-28,No
CLI-008709,CTR-008709,21,Madrid,26,59.69,Aplicación,Estándar,1826.58,3,5,2024-07-16,Sí
CLI-009174,CTR-009174,37,Barcelona,40,55.89,Aplicación,Empresa,2818.39,1,8,2023-05-18,No
CLI-001837,CTR-001837,48,Madrid,24,82.13,Tienda,Premium,1072.98,0,7,2024-09-02,No
CLI-003483,CTR-003483,43,Madrid,25,39.3,Aplicación,Empresa,3072.26,2,4,2024-08-28,No
CLI-000098,CTR-009948,48,Madrid,26,89.16,Tienda,Premium,4292.07,6,5,2024-07-03,Sí
CLI-002582,CTR-002582,52,Barcelona,86,77.79,Teléfono,Estándar,2409.44,3,6,2019-07-14,No
CLI-003005,CTR-003005,53,Zaragoza,55,48.29,Teléfono,Básico,3056.88,2,,2022-02-01,No
CLI-002576,CTR-002576,23,Murcia,23,47.3,Aplicación,Empresa,,2,8,2024-10-10,No
CLI-008733,CTR-008733,56,Madrid,45,59.18,Tienda,Estándar,,0,8,2022-12-22,No
CLI-006153,CTR-006153,32,Madrid,25,59.2,Tienda,Estándar,2925.04,3,5,2024-08-01,Sí
CLI-007203,CTR-007203,32,Murcia,90,53.66,Teléfono,Estándar,799.12,1,,2019-03-21,No
CLI-003127,CTR-003127,56,Málaga,89,73.53,Tienda,Básico,2600.49,4,9,2019-04-08,No
CLI-006096,CTR-006096,39,Sevilla,66,51.85,Web,Básico,2225.92,2,6,2021-03-14,No
CLI-006596,CTR-006596,25,Valencia,93,73.41,Teléfono,Básico,2828.03,6,,2018-12-24,No
CLI-001349,CTR-001349,40,Alicante,19,48.08,Web,Estándar,1813.64,5,,2025-02-12,Sí
CLI-001423,CTR-001423,49,Barcelona,64,58.1,Aplicación,Básico,,0,,2021-05-26,No
CLI-005192,CTR-005192,47,Madrid,79,52.18,Aplicación,Básico,1077.68,0,,2020-02-15,No
CLI-001748,CTR-001748,39,Málaga,21,89.58,Teléfono,Premium,2356.42,1,,2024-12-10,No
CLI-001926,CTR-001926,48,Alicante,2,67.49,Teléfono,Empresa,1769.62,2,6,2026-07-05,Sí
CLI-004099,CTR-004099,30,Barcelona,66,80.69,Web,Empresa,1965.5,1,6,2021-03-04,No
CLI-001359,CTR-001359,30,Zaragoza,81,39.03,Web,Estándar,,0,7,2019-12-17,No
CLI-007775,CTR-007775,34,Sevilla,68,40.66,Aplicación,Básico,4838.87,2,7,2021-01-22,No
CLI-005819,CTR-005819,44,Barcelona,43,76.74,Web,Premium,,3,5,2023-02-01,Sí
CLI-001286,CTR-001286,49,Valencia,28,134.22,Teléfono,Básico,9311.85,3,,2024-05-22,No
CLI-005757,CTR-005757,41,Valencia,62,49.71,Aplicación,Estándar,,2,5,2021-07-14,No
CLI-000471,CTR-000471,45,Zaragoza,12,104.88,Web,Básico,3278.82,5,4,2025-09-24,Sí
CLI-001164,CTR-001164,43,Zaragoza,44,49.94,Tienda,Estándar,2564.04,5,3,2023-01-11,Sí
CLI-005087,CTR-005087,56,Barcelona,15,87.45,Teléfono,Estándar,,5,,2025-06-23,Sí
CLI-003232,CTR-003232,37,Zaragoza,27,53.89,Aplicación,Empresa,1429.1,6,,2024-06-16,Sí
CLI-004225,CTR-004225,44,Madrid,47,61.85,Web,Básico,2430.9,6,,2022-10-27,Sí
CLI-005705,CTR-005705,51,Madrid,43,54.04,Tienda,Estándar,1557.42,4,8,2023-02-24,No
CLI-007125,CTR-007125,53,Valencia,83,42.84,WEB,Estándar,3108.46,1,8,2019-10-13,No
CLI-001061,CTR-001061,29,Sevilla,34,60.28,Tienda,Básico,2385.34,6,5,2023-11-06,Sí
CLI-008513,CTR-008513,51,Barcelona,5,76.46,WEB,Estándar,,4,4,2026-04-13,Sí
CLI-008140,CTR-008140,33,Madrid,39,62.25,Web,Premium,,3,4,2023-06-06,Sí
CLI-001163,CTR-001163,43,Zaragoza,39,86.45,Web,Estándar,851.32,7,,2023-06-16,Sí
CLI-003597,CTR-003597,50,Murcia,8,55.66,Web,Estándar,1996.7,4,3,2026-01-25,Sí
CLI-008346,CTR-008346,42,Barcelona,45,56.08,Web,Premium,1140.8,3,6,2022-12-12,Sí
CLI-006013,CTR-006013,39,Zaragoza,62,47.42,Tienda,Básico,1699.01,3,5,2021-07-16,No
CLI-005664,CTR-005664,21,Barcelona,7,28.84,Tienda,Premium,1458.49,5,,2026-02-09,Sí
CLI-008817,CTR-008817,26,Alicante,37,109.15,Web,Estándar,2524.81,2,4,2023-08-27,Sí
CLI-006418,CTR-006418,36,Barcelona,46,78.02,Tienda,Básico,1064.32,2,6,2022-11-13,Sí
CLI-002915,CTR-002915,52,Barcelona,8,54.07,Web,Estándar,,2,2,2026-01-16,Sí
CLI-005937,CTR-005937,51,Málaga,40,94.48,Web,Empresa,2103.04,4,7,2023-05-04,Sí
CLI-000029,CTR-000029,55,Barcelona,89,14.9,Tienda,Básico,,2,8,2019-04-17,No
CLI-004489,CTR-004489,55,Valencia,95,57.64,Tienda,Premium,2092.32,2,,2018-10-06,No
CLI-000574,CTR-000574,38,Barcelona,21,90.6,Web,Premium,2368.27,2,5,2024-12-19,No
CLI-008696,CTR-008696,55,Murcia,49,61.12,Web,Estándar,1160.9,1,9,2022-08-01,No
CLI-008374,CTR-008374,38,Sevilla,10,61.6,Web,Premium,750,3,5,2025-11-01,Sí
CLI-005274,CTR-005274,27,Sevilla,34,85.91,Teléfono,Básico,2348.12,0,5,2023-11-12,Sí
CLI-006549,CTR-006549,24,Valencia,89,51.09,Web,Estándar,3106.31,2,,2019-04-19,No
CLI-009786,CTR-009786,29,Barcelona,90,62.87,Aplicación,Estándar,2689.99,0,,2019-03-17,No
CLI-009129,CTR-009129,38,Alicante,48,61.74,Web,Premium,,3,5,2022-09-16,Sí
CLI-005427,CTR-005427,18,Madrid,19,64.24,Web,Estándar,3095.93,3,7,2025-02-15,No
CLI-003367,CTR-003367,26,Madrid,21,67.29,Web,Estándar,2092.05,4,5,2024-12-03,Sí
CLI-001407,CTR-001407,57,Valencia,11,124.61,Tienda,Estándar,1307.12,4,7,2025-10-24,Sí
CLI-003488,CTR-003488,54,Sevilla,45,51.12,Web,Estándar,2809.33,5,4,2022-12-19,Sí
CLI-005196,CTR-005196,62,Zaragoza,13,79.93,Aplicación,Básico,2611.9,3,,2025-08-04,No
CLI-006883,CTR-006883,34,Madrid,50,55.59,Web,Premium,1908.89,3,6,2022-07-02,No
CLI-000558,CTR-000558,40,Murcia,29,126,Teléfono,Estándar,6652.32,7,5,2024-04-06,Sí
CLI-005978,CTR-005978,40,Alicante,79,48.06,WEB,Empresa,1246.58,1,8,2020-02-09,No
CLI-002501,CTR-002501,34,Murcia,30,52.98,Teléfono,Premium,1415.62,0,5,2024-03-27,No
CLI-008815,CTR-008815,42,Barcelona,24,70.54,Teléfono,Básico,1696.44,3,,2024-09-15,Sí
CLI-006220,CTR-006220,56,Alicante,38,41.42,Aplicación,Empresa,2110.31,5,,2023-07-10,Sí
CLI-001608,CTR-001608,37,Madrid,88,78.03,Aplicación,Empresa,3359.79,6,,2019-05-21,No
CLI-001282,CTR-001282,45,Málaga,50,48.5,Tienda,Estándar,2597.5,2,8,2022-07-15,No
CLI-002399,CTR-002399,64,Alicante,56,74,Teléfono,Estándar,2852.88,2,8,2022-01-06,No
CLI-000937,CTR-000937,59,Barcelona,32,46.33,Teléfono,Estándar,2336.68,6,,2024-01-24,Sí
CLI-001891,CTR-001891,32,Valencia,3,60.01,Aplicación,Empresa,,6,8,2026-06-26,Sí
CLI-006131,CTR-006131,50,Valencia,25,41.23,Web,Estándar,2462.73,4,5,2024-08-24,Sí
CLI-007696,CTR-007696,57,Barcelona,44,55.56,Web,Empresa,1930.24,0,,2023-01-13,No
CLI-002278,CTR-002278,40,Zaragoza,48,64.89,Tienda,Estándar,1509.85,0,,2022-09-26,No
CLI-002730,CTR-002730,48,Barcelona,43,60.91,Web,Premium,2138.81,5,5,2023-02-01,Sí
CLI-003032,CTR-003032,29,Barcelona,32,73.33,Tienda,Premium,2845.52,0,9,2024-01-27,No
CLI-001790,CTR-001790,53,Madrid,4,87.91,Web,Estándar,2079.6,3,5,2026-05-17,Sí
CLI-008766,CTR-008766,61,Zaragoza,42,67.37,Tienda,Premium,750,2,7,2023-03-22,Sí
CLI-009560,CTR-009560,24,Madrid,10,67.21,Tienda,Estándar,2683.23,3,,2025-11-26,Sí
CLI-009316,CTR-009316,24,Barcelona,34,29.07,Tienda,Básico,1483.26,2,9,2023-11-17,No
CLI-003837,CTR-003837,53,Madrid,34,45.28,Aplicación,Estándar,3363.82,2,,2023-11-01,No
CLI-003457,CTR-003457,38,Madrid,60,82.7,Tienda,Básico,2669.96,1,7,2021-09-17,No
CLI-008673,CTR-008673,42,Valencia,22,38.76,Aplicación,Básico,3095.14,1,5,2024-11-27,No
CLI-007138,CTR-007138,36,Barcelona,33,82.41,Web,Estándar,2795.3,6,,2023-12-10,Sí
CLI-004710,CTR-004710,18,Murcia,46,67.1,Aplicación,Estándar,1833.23,4,5,2022-11-26,Sí
CLI-000008,CTR-000008,46,Zaragoza,19,74.98,Teléfono,Premium,885.77,4,4,2025-02-21,Sí
CLI-001600,CTR-001600,34,Sevilla,11,114.13,Web,Premium,2685.16,8,3,2025-10-09,Sí
CLI-001578,CTR-001578,40,Barcelona,5,41.54,Tienda,Premium,1608.92,3,,2026-04-25,Sí
CLI-006150,CTR-006150,26,Murcia,48,71.55,Teléfono,Básico,,1,7,2022-09-08,No
CLI-006836,CTR-006836,46,Madrid,17,81.06,web,Premium,1752.85,2,5,2025-04-24,Sí
CLI-006429,CTR-006429,23,Valencia,48,52.67,Web,Básico,2763.32,5,,2022-09-16,Sí
CLI-000765,CTR-000765,42,Zaragoza,15,86.32,Aplicación,Básico,2082.59,4,5,2025-06-04,Sí
CLI-006630,CTR-006630,35,Madrid,49,80.03,Tienda,Básico,2726.89,3,8,2022-08-24,No
CLI-009289,CTR-009289,30,Barcelona,12,56.96,Teléfono,Premium,2764.89,5,5,2025-09-06,Sí
CLI-007626,CTR-007626,35,Barcelona,94,49.9,Web,Básico,750,2,8,2018-11-10,No
CLI-002267,CTR-002267,32,Madrid,91,27.94,Teléfono,Estándar,3482.88,6,7,2019-02-01,No
CLI-004103,CTR-004103,36,Valencia,42,78.18,Web,Básico,2276.34,2,6,2023-03-01,No
CLI-007670,CTR-007670,47,Murcia,64,75.92,Tienda,Estándar,2680.7,1,9,2021-05-14,No
CLI-005498,CTR-005498,37,Barcelona,36,53.12,Tienda,Básico,3405.94,5,7,2023-09-06,No
CLI-004138,CTR-004138,27,Madrid,30,49.03,web,Básico,1813.37,3,4,2024-03-02,No
CLI-002093,CTR-002093,45,Valencia,70,72.31,Tienda,Estándar,3690.41,2,8,2020-11-23,No
CLI-004308,CTR-004308,40,Madrid,36,89.87,Tienda,Estándar,1828.58,5,8,2023-09-17,Sí
CLI-004885,CTR-004885,18,Madrid,45,60,Aplicación,Estándar,3011.07,0,5,2022-12-05,Sí
CLI-004972,CTR-004972,38,Alicante,45,86.06,Aplicación,Básico,2477.08,4,7,2022-12-28,Sí
CLI-007706,CTR-007706,18,Madrid,74,39.11,Tienda,Estándar,3795.98,1,7,2020-07-27,No
CLI-006364,CTR-006364,30,Zaragoza,95,48.77,Web,Básico,1863.9,4,8,2018-10-04,No
CLI-000924,CTR-000924,44,Valencia,78,74.54,Teléfono,Básico,,2,7,2020-03-22,No
CLI-006180,CTR-006180,61,Valencia,64,56.7,Tienda,Estándar,,3,,2021-05-07,No
CLI-003614,CTR-003614,29,Zaragoza,16,52.43,Aplicación,Premium,2350.87,2,6,2025-05-02,No
CLI-005149,CTR-005149,37,Murcia,34,68.68,Tienda,Estándar,2839.65,4,,2023-11-06,Sí
CLI-007100,CTR-007100,36,Sevilla,85,39.77,Tienda,Empresa,1290.2,0,9,2019-08-17,No
CLI-001292,CTR-001292,26,Madrid,46,58.04,web,Estándar,,0,5,2022-11-02,Sí
CLI-007514,CTR-007514,27,Sevilla,30,98.75,Web,Básico,896.13,6,2,2024-03-17,Sí
CLI-007398,CTR-007398,41,Barcelona,-10,45.67,Tienda,Básico,2984.19,7,4,2024-05-14,Sí
CLI-007554,CTR-007554,52,Alicante,54,70.31,Web,Básico,2552.55,2,9,2022-03-12,No
CLI-008152,CTR-008152,38,Barcelona,42,83.62,Tienda,Básico,2566.07,4,6,2023-03-03,Sí
CLI-007310,CTR-007310,47,Barcelona,61,55.88,Aplicación,Básico,3492.77,2,,2021-08-21,No
CLI-002006,CTR-002006,33,Madrid,33,59.88,Web,Estándar,2531.6,3,8,2023-12-15,No
CLI-002053,CTR-002053,27,Barcelona,43,81.21,Tienda,Básico,1577.33,3,,2023-02-19,Sí
CLI-009201,CTR-009201,33,Barcelona,15,69.35,Teléfono,Estándar,3586.67,1,,2025-06-17,No
CLI-001822,CTR-001822,50,Málaga,8,93.46,Teléfono,Premium,2314.01,2,,2026-01-11,No
CLI-001531,CTR-001531,44,Barcelona,22,35.41,Tienda,Premium,2293.23,3,7,2024-11-12,Sí
CLI-004059,CTR-004059,45,Valencia,87,61.87,Web,Estándar,3418.34,1,9,2019-06-10,No
CLI-009452,CTR-009452,45,Alicante,41,54.96,Teléfono,Básico,2345.16,1,8,2023-04-23,No
CLI-008523,CTR-008523,30,Málaga,78,99.38,Web,Estándar,2091.26,4,10,2020-03-03,No
CLI-008526,CTR-008526,21,Sevilla,75,35.3,Web,Básico,1956.52,0,,2020-06-01,No
CLI-000771,CTR-000771,24,Valencia,14,64.65,Web,Básico,2651.33,1,4,2025-07-28,Sí
CLI-000105,CTR-000105,36,Madrid,31,55.85,Aplicación,Estándar,,0,9,2024-02-19,No
CLI-005128,CTR-005128,40,Madrid,4,55.1,Teléfono,Premium,3903.48,6,4,2026-05-26,Sí
CLI-000279,CTR-000279,44,Valencia,1,46.53,Aplicación,Básico,3357.94,3,5,2026-08-04,Sí
CLI-007209,CTR-007209,30,Sevilla,3,71.13,Tienda,Básico,2853.41,4,,2026-06-07,Sí
CLI-004593,CTR-004593,54,Valencia,68,57.38,Tienda,Empresa,,3,9,2021-01-06,No
CLI-008991,CTR-008991,43,Málaga,96,68.5,Aplicación,Básico,4567.68,0,7,2018-09-18,No
CLI-002129,CTR-002129,44,Sevilla,63,69.1,Teléfono,Estándar,2900.54,3,,2021-06-28,No
CLI-009682,CTR-009682,26,Barcelona,19,51.05,Aplicación,Estándar,3974.92,6,6,2025-02-28,Sí
CLI-006611,CTR-006611,32,Valencia,45,44.18,Web,Estándar,2625.91,8,,2022-12-23,Sí
CLI-003123,CTR-003123,38,Madrid,38,100.91,Aplicación,Básico,2032.44,0,7,2023-07-16,No
CLI-008859,CTR-008859,70,Barcelona,75,61.21,Tienda,Estándar,,0,,2020-06-10,No
CLI-002231,CTR-002231,31,Madrid,15,62.04,Tienda,Empresa,1724.45,0,4,2025-06-26,No
CLI-007951,CTR-007951,47,Zaragoza,57,69.24,Web,Básico,3451.93,0,8,2021-12-11,No
CLI-003438,CTR-003438,51,Valencia,28,52.34,Teléfono,Empresa,1750.57,4,,2024-05-03,No
CLI-004676,CTR-004676,36,Murcia,31,42.77,Web,Básico,2423.86,3,,2024-02-14,Sí
CLI-001239,CTR-001239,42,Barcelona,10,92.03,Web,Empresa,,5,1,2025-11-16,Sí
CLI-006308,CTR-006308,26,Alicante,10,75.1,,Estándar,2461.65,2,,2025-11-01,Sí
CLI-001030,CTR-001030,38,Barcelona,38,48.31,Tienda,Estándar,3125,2,3,2023-07-13,Sí
CLI-001257,CTR-001257,61,Madrid,28,66.52,Tienda,Estándar,3015.44,3,,2024-05-26,Sí
CLI-005346,CTR-005346,39,Murcia,48,37.51,Web,Estándar,2380.93,0,7,2022-09-12,No
CLI-003868,CTR-003868,27,Madrid,2,54.13,Aplicación,Básico,1695.37,4,5,2026-07-21,Sí
CLI-007687,CTR-007687,30,Alicante,2,47.83,Tienda,Estándar,1688.25,4,3,2026-07-26,Sí
CLI-000067,CTR-009917,31,Barcelona,24,90.18,Tienda,Estándar,,6,7,2024-09-06,Sí
CLI-001236,CTR-001236,42,Barcelona,6,92.75,Teléfono,Estándar,1688.91,3,5,2026-03-27,Sí
CLI-003680,CTR-003680,59,Murcia,95,57.34,Teléfono,Básico,4330.46,3,,2018-10-24,No
CLI-008836,CTR-008836,37,Madrid,52,43.33,Web,Básico,,4,6,2022-05-15,No
CLI-008335,CTR-008335,35,Valencia,71,77.7,Teléfono,Básico,1925.98,3,,2020-10-01,No
CLI-008043,CTR-008043,46,Barcelona,85,36.24,Tienda,Estándar,3407.34,3,9,2019-08-27,No
CLI-002307,CTR-002307,42,Málaga,44,50.97,Aplicación,Premium,,0,8,2023-01-11,No
CLI-007390,CTR-007390,43,Alicante,48,32.05,Teléfono,Premium,,3,8,2022-09-25,No
CLI-009476,CTR-009476,26,Barcelona,96,58.68,Web,Premium,2860.56,1,7,2018-09-27,No
CLI-006747,CTR-006747,51,Barcelona,27,30.45,Web,Estándar,1251.65,5,4,2024-06-23,Sí
CLI-006772,CTR-006772,37,Murcia,66,26.93,Web,Estándar,2269.39,0,7,2021-03-15,No
CLI-005406,CTR-005406,55,Sevilla,36,35.63,Aplicación,Estándar,3871.26,3,,2023-09-16,No
CLI-007507,CTR-007507,47,Sevilla,30,75.89,Web,Básico,1992.74,0,,2024-03-03,No
CLI-009042,CTR-009042,31,Murcia,25,38.83,Teléfono,Básico,,3,10,2024-08-20,No
CLI-002035,CTR-002035,55,Madrid,15,87.16,Web,Básico,,8,,2025-06-19,Sí
CLI-009356,CTR-009356,63,Barcelona,37,60.18,Tienda,Estándar,2868.07,4,7,2023-08-11,Sí
CLI-000440,CTR-000440,53,Madrid,19,92.99,Teléfono,Estándar,,3,5,2025-02-15,Sí
CLI-003335,CTR-003335,42,Madrid,9,55.68,Tienda,Premium,2916.56,1,7,2025-12-21,No
CLI-005359,CTR-005359,50,Murcia,11,80.62,Aplicación,Premium,2629.19,5,5,2025-10-26,Sí
CLI-005765,CTR-005765,40,Valencia,34,116.87,Web,Empresa,3356.97,6,4,2023-11-07,Sí
CLI-003304,CTR-003304,47,Sevilla,45,25.66,Web,Premium,1515.3,1,5,2022-12-02,No
CLI-005749,CTR-005749,18,Alicante,88,62.49,Teléfono,Premium,2993.71,1,,2019-05-19,No
CLI-008049,CTR-008049,48,Madrid,45,38.05,Web,Básico,3417.32,2,8,2022-12-28,No
CLI-009468,CTR-009468,23,Madrid,15,85.76,Tienda,Básico,2246.15,5,7,2025-06-14,Sí
CLI-009282,CTR-009282,18,Valencia,32,42.26,Teléfono,Estándar,750,3,3,2024-01-03,Sí
CLI-007018,CTR-007018,60,Madrid,93,73.63,Aplicación,Básico,3562.61,0,6,2018-12-15,No
CLI-005993,CTR-005993,47,Murcia,61,57.14,Web,Básico,2449.35,0,6,2021-08-01,No
CLI-001480,CTR-001480,47,Barcelona,92,58.8,Teléfono,Estándar,2306.47,3,,2019-01-18,No
CLI-006419,CTR-006419,43,Málaga,49,64.35,Tienda,Básico,2789.8,3,7,2022-08-14,No
CLI-001395,CTR-001395,41,Madrid,25,57.79,Teléfono,Básico,2531.1,7,6,2024-08-27,Sí
CLI-001854,CTR-001854,42,Málaga,10,61.53,Web,Básico,,1,,2025-11-19,No
CLI-007363,CTR-007363,46,Sevilla,42,76.81,Teléfono,Estándar,2235.1,4,,2023-03-14,Sí
CLI-004256,CTR-004256,39,Barcelona,20,47.22,Teléfono,Básico,,4,6,2025-01-16,Sí
CLI-009662,CTR-009662,44,Barcelona,30,59.02,Tienda,Estándar,2685.94,2,,2024-03-27,No
CLI-002589,CTR-002589,25,Madrid,24,84.56,Teléfono,Empresa,3273.61,1,,2024-09-23,Sí
CLI-004271,CTR-004271,60,Valencia,4,67.6,WEB,Estándar,750,4,6,2026-05-18,Sí
CLI-002737,CTR-002737,43,Madrid,33,34.04,Tienda,Básico,1821.86,2,8,2023-12-14,No
CLI-000457,CTR-000457,26,Sevilla,8,71.53,Web,Premium,1994.42,4,6,2026-01-24,Sí
CLI-003446,CTR-003446,37,Madrid,88,47.97,Web,Básico,1457.24,3,8,2019-05-25,No
CLI-001927,CTR-001927,40,Barcelona,16,51.27,Tienda,Empresa,750,0,,2025-05-27,Sí
CLI-000915,CTR-000915,37,Sevilla,34,56.33,Tienda,Estándar,2498.19,7,5,2023-11-12,Sí
CLI-006557,CTR-006557,37,Madrid,85,60.52,Web,Premium,2904.45,3,8,2019-08-28,No
CLI-003950,CTR-003950,21,Madrid,42,40.29,Tienda,Básico,1059.94,4,3,2023-03-27,Sí
CLI-007821,CTR-007821,53,Barcelona,13,72.78,Aplicación,Estándar,,2,7,2025-08-16,Sí
CLI-001074,CTR-001074,74,Alicante,54,59.42,Tienda,Estándar,4058.93,4,7,2022-03-21,No
CLI-002411,CTR-002411,58,Valencia,47,86.21,Web,Básico,2423.23,4,,2022-10-13,No
CLI-007949,CTR-007949,38,Valencia,32,25.56,Tienda,Premium,4677.7,5,4,2024-01-24,No
CLI-006085,CTR-006085,38,Zaragoza,24,64.05,Web,Estándar,4459.25,4,6,2024-09-17,Sí
CLI-003325,CTR-003325,42,Málaga,22,82.73,Web,Premium,2220.64,4,6,2024-11-17,Sí
CLI-001446,CTR-001446,57,Alicante,93,51.09,Web,Estándar,2524.27,2,7,2018-12-20,No
CLI-005375,CTR-005375,52,Alicante,53,83.85,Tienda,Empresa,2931.01,1,,2022-04-13,No
CLI-007616,CTR-007616,22,Barcelona,8,67.15,Tienda,Estándar,2277.87,2,5,2026-01-16,Sí
CLI-003321,CTR-003321,43,Madrid,38,51.82,Aplicación,Premium,2201.05,2,,2023-07-25,No
CLI-006885,CTR-006885,46,Málaga,21,64.94,Tienda,Premium,2119.38,2,5,2024-12-11,No
CLI-009523,CTR-009523,19,Madrid,46,69.08,Web,Estándar,,3,4,2022-11-10,Sí
CLI-005388,CTR-005388,51,Sevilla,95,56.62,Teléfono,Estándar,2315.68,0,8,2018-10-05,No
CLI-007143,CTR-007143,48,Madrid,16,52.5,Teléfono,Premium,,1,3,2025-05-26,Sí
CLI-004639,CTR-004639,25,Zaragoza,26,72.5,Tienda,Estándar,2410.11,0,,2024-07-05,No
CLI-008603,CTR-008603,47,Barcelona,11,67.17,Teléfono,Estándar,,1,8,2025-10-06,No
CLI-001827,CTR-001827,44,Málaga,58,64.53,Teléfono,Básico,1493.21,0,9,2021-11-18,No
CLI-001124,CTR-001124,47,Madrid,30,28.19,Teléfono,Estándar,2483.05,6,5,2024-03-17,Sí
CLI-002676,CTR-002676,41,Madrid,21,46.26,Teléfono,Estándar,,3,8,2024-12-27,No
CLI-004477,CTR-004477,50,Valencia,18,82.07,Tienda,Básico,,2,4,2025-03-16,No
CLI-007477,CTR-007477,58,Madrid,56,68.27,Web,Estándar,2732.47,0,10,2022-01-12,No
CLI-008308,CTR-008308,48,Murcia,22,70.37,Web,Estándar,,5,5,2024-11-25,Sí
CLI-008391,CTR-008391,53,Barcelona,79,61.83,Web,Empresa,2119.96,1,9,2020-02-03,No
CLI-003148,CTR-003148,29,Alicante,72,51.2,Teléfono,Básico,3030.13,3,9,2020-09-27,No
CLI-008000,CTR-008000,21,Barcelona,30,60.17,Web,Premium,2482.64,5,7,2024-03-16,Sí
CLI-008002,CTR-008002,45,Sevilla,42,87.27,Tienda,Premium,3647.66,2,3,2023-03-02,Sí
CLI-008948,CTR-008948,28,Madrid,60,36.85,Aplicación,Estándar,3357.43,1,8,2021-09-18,No
CLI-002867,CTR-002867,30,Madrid,83,76.09,Web,Premium,1121.34,0,5,2019-10-18,No
CLI-009143,CTR-009143,51,Barcelona,92,57.87,Aplicación,Premium,1840.98,2,8,2019-01-17,No
CLI-002753,CTR-002753,40,Málaga,29,85.66,Web,Premium,2811.37,2,6,2024-04-26,Sí
CLI-001253,CTR-001253,45,Madrid,79,81.56,Aplicación,Estándar,,0,5,2020-02-21,No
CLI-004845,CTR-004845,21,Barcelona,29,40.29,,Estándar,3495.71,5,,2024-04-14,Sí
CLI-008339,CTR-008339,37,Madrid,26,72.88,Tienda,Estándar,1197.04,1,,2024-07-03,Sí
CLI-004835,CTR-004835,25,Madrid,55,15.03,Tienda,Estándar,2822.11,3,6,2022-02-04,No
CLI-005490,CTR-005490,23,Murcia,61,43.98,Aplicación,Estándar,2215.4,0,8,2021-08-05,No
CLI-002451,CTR-002451,52,Alicante,75,59.8,Web,Premium,2145.79,2,,2020-06-17,No
CLI-006307,CTR-006307,43,Valencia,95,52.92,Web,Estándar,3044.99,5,,2018-10-14,No
CLI-004143,CTR-004143,53,Madrid,28,79.89,Web,Básico,1596.21,3,5,2024-05-01,Sí
CLI-001026,CTR-001026,50,Alicante,41,56.13,Tienda,Premium,1881.69,6,,2023-04-11,Sí
CLI-003368,CTR-003368,51,Zaragoza,55,40.39,Aplicación,Estándar,,3,8,2022-02-13,No
CLI-006691,CTR-006691,28,Valencia,37,40.84,Teléfono,Premium,3012.13,4,8,2023-08-20,No
CLI-008005,CTR-008005,39,Valencia,9,58.91,Teléfono,Premium,4194.81,4,6,2025-12-25,Sí
CLI-006034,CTR-006034,34,Madrid,46,74.73,Tienda,Estándar,,2,5,2022-11-04,Sí
CLI-005979,CTR-005979,30,Sevilla,2,65.93,Web,Estándar,2218.38,4,,2026-07-04,Sí
CLI-008527,CTR-008527,32,Madrid,31,78.24,Tienda,Estándar,2140.43,3,,2024-02-20,No
CLI-001015,CTR-001015,57,Sevilla,72,59.06,Web,Estándar,2408,5,5,2020-09-11,No
CLI-003133,CTR-003133,60,Sevilla,36,10.87,Tienda,Básico,1767.52,1,7,2023-09-16,No
CLI-001874,CTR-001874,34,Málaga,43,32.7,Web,Estándar,750,3,7,2023-02-14,No
CLI-005455,CTR-005455,46,Sevilla,55,31.34,Teléfono,Premium,1037.45,5,9,2022-02-04,No
CLI-007186,CTR-007186,47,Málaga,57,106.45,Tienda,Estándar,2947.46,0,7,2021-12-04,No
CLI-008200,CTR-008200,32,Murcia,31,55.15,Tienda,Básico,,2,,2024-02-03,No
CLI-000050,CTR-000050,48,Madrid,36,91.91,Web,Básico,2674.16,1,,2023-09-05,Sí
CLI-000016,CTR-000016,69,Madrid,12,27.6,Web,Premium,2127.59,0,,2025-09-12,No
CLI-001797,CTR-001797,44,Barcelona,85,80.02,Web,Estándar,,0,8,2019-08-16,No
CLI-009131,CTR-009131,50,Alicante,61,79.32,WEB,Premium,1723.37,4,8,2021-08-25,No
CLI-000491,CTR-000491,21,Barcelona,35,55.44,Web,Empresa,2345.31,4,7,2023-10-15,No
CLI-006995,CTR-006995,40,Madrid,16,57.56,Teléfono,Básico,,5,4,2025-05-18,Sí
CLI-008459,CTR-008459,47,Madrid,21,56.08,Web,Básico,,4,8,2024-12-08,Sí
CLI-009253,CTR-009253,35,Murcia,10,38.75,Teléfono,Empresa,2831.21,4,6,2025-11-06,No
CLI-004442,CTR-004442,34,Murcia,40,50.5,Web,Premium,2238.19,6,9,2023-05-09,No
CLI-001315,CTR-001315,41,Madrid,86,73.26,Web,Estándar,2900.47,0,8,2019-07-04,No
CLI-001744,CTR-001744,48,Barcelona,26,49.35,Teléfono,Estándar,1505.01,6,5,2024-07-01,Sí
CLI-003544,CTR-003544,39,Málaga,10,42.6,Teléfono,Empresa,3282.08,2,,2025-11-14,No
CLI-002180,CTR-002180,41,Málaga,85,53.03,Tienda,Básico,,2,9,2019-08-17,No
CLI-009381,CTR-009381,50,Valencia,30,59.95,Tienda,Estándar,2463.16,1,8,2024-03-08,No
CLI-008061,CTR-008061,39,Barcelona,48,32.42,Teléfono,Básico,1722.84,4,,2022-09-23,Sí
CLI-008179,CTR-008179,45,Málaga,56,40.38,Web,Básico,2824.04,2,,2022-01-12,No
CLI-003872,CTR-003872,67,Barcelona,51,33.69,Web,Premium,3438.43,5,9,2022-06-07,No
CLI-007927,CTR-007927,44,Madrid,36,76.97,web,Básico,1595.48,6,5,2023-09-13,Sí
CLI-002870,CTR-002870,31,Valencia,47,69.75,Aplicación,Premium,1485.12,4,8,2022-10-25,No
CLI-009557,CTR-009557,56,Sevilla,20,42.06,Teléfono,Estándar,2674.03,4,3,2025-01-10,Sí
CLI-006008,CTR-006008,38,Zaragoza,60,96.3,Tienda,Estándar,2279.55,1,9,2021-09-09,No
CLI-007144,CTR-007144,69,Málaga,48,45.85,Teléfono,Estándar,,2,8,2022-09-02,No
CLI-001652,CTR-001652,70,Barcelona,88,30.6,Aplicación,Empresa,,1,,2019-05-15,No
CLI-008672,CTR-008672,29,Valencia,23,70.4,,Premium,1821.81,2,7,2024-10-08,No
CLI-007206,CTR-007206,47,Valencia,17,109.41,Web,Básico,2625.67,4,,2025-04-17,Sí
CLI-002869,CTR-002869,38,Madrid,4,34.79,Tienda,Estándar,2492.65,3,9,2026-05-09,Sí
CLI-008197,CTR-008197,18,Málaga,83,53.31,WEB,Básico,,0,,2019-10-05,No
CLI-005762,CTR-005762,50,Madrid,34,52.36,Tienda,Básico,,1,,2023-11-25,No
CLI-005333,CTR-005333,21,Madrid,44,73.38,Web,Premium,2618.2,7,,2023-01-05,Sí
CLI-000020,CTR-000020,52,Zaragoza,14,64.04,Web,Básico,3248.25,2,7,2025-07-26,No
CLI-002959,CTR-002959,37,Málaga,14,80.09,Web,Estándar,3569.93,5,6,2025-07-19,Sí
CLI-000078,CTR-000078,64,Madrid,18,50.35,Web,Empresa,2095.49,3,,2025-03-21,No
CLI-006503,CTR-006503,56,Murcia,63,41.93,Teléfono,Básico,,3,8,2021-06-02,No
CLI-002800,CTR-002800,60,Madrid,67,88.17,Web,Estándar,1678.13,0,6,2021-02-01,No
CLI-007744,CTR-007744,32,Barcelona,69,73.88,Web,Premium,833.15,5,9,2020-12-20,No
CLI-007257,CTR-007257,18,Zaragoza,12,56.47,Web,Estándar,3803.38,2,6,2025-09-08,Sí
CLI-008497,CTR-008497,41,Madrid,84,71.16,Tienda,Empresa,1463.92,0,6,2019-09-04,No
CLI-001894,CTR-001894,44,Valencia,77,57.56,Teléfono,Premium,1972.48,2,8,2020-04-24,No
CLI-001529,CTR-001529,25,Zaragoza,22,32.87,Tienda,Estándar,1847.7,1,6,2024-11-26,No
CLI-003568,CTR-003568,36,Murcia,88,65.98,Tienda,Básico,3089.42,4,7,2019-05-05,No
CLI-002345,CTR-002345,20,Málaga,2,81.81,WEB,Estándar,2632.14,2,6,2026-07-17,Sí
CLI-006009,CTR-006009,38,Zaragoza,94,92.88,Aplicación,Estándar,1228.69,0,8,2018-11-10,No
CLI-000158,CTR-000158,39,Murcia,47,105.54,WEB,Premium,2166.31,0,6,2022-10-13,Sí
CLI-002821,CTR-002821,35,Murcia,14,27.06,Aplicación,Premium,3040.64,1,8,2025-07-21,No
CLI-008935,CTR-008935,46,Madrid,78,94.84,Teléfono,Estándar,4145.57,0,8,2020-03-02,No
CLI-004990,CTR-004990,53,Madrid,49,44.39,Web,Estándar,2788.58,3,7,2022-08-08,No
CLI-000004,CTR-000004,38,Sevilla,73,77.71,Tienda,Estándar,,1,6,2020-08-19,No
CLI-008252,CTR-008252,18,Barcelona,45,50.1,Tienda,Estándar,3096.75,6,6,2022-12-24,Sí
CLI-007842,CTR-007842,30,Barcelona,47,81.26,Tienda,Premium,3684.62,5,7,2022-10-15,Sí
CLI-000082,CTR-000082,34,Madrid,44,68.74,Web,Premium,1938.13,4,4,2023-01-11,Sí
CLI-006222,CTR-006222,35,Valencia,31,90.01,Web,Básico,,2,5,2024-02-03,No
CLI-002302,CTR-002302,37,Madrid,87,71,Aplicación,Básico,2056.58,0,,2019-06-05,No
CLI-003686,CTR-003686,70,Madrid,15,54.29,Web,Estándar,2615.29,0,7,2025-06-27,No
CLI-001767,CTR-001767,47,Madrid,92,66.6,Web,Estándar,,0,,2019-01-17,No
CLI-008106,CTR-008106,25,Madrid,10,54.66,Tienda,Empresa,1961.59,5,,2025-11-01,Sí
CLI-007829,CTR-007829,42,Barcelona,29,39.27,Tienda,Estándar,4082.85,5,8,2024-04-08,Sí
CLI-004764,CTR-004764,55,Sevilla,85,128.04,Aplicación,Básico,3356.26,4,,2019-08-09,No
CLI-003206,CTR-003206,67,Zaragoza,60,47.28,Teléfono,Estándar,,3,9,2021-09-02,No
CLI-003673,CTR-003673,27,Zaragoza,46,62.05,Web,Básico,2439.67,4,9,2022-11-24,No
CLI-001103,CTR-001103,23,Barcelona,87,76.23,Teléfono,Estándar,2242.87,1,,2019-06-24,No
CLI-009177,CTR-009177,41,Alicante,83,64.07,Web,Básico,1959.87,0,,2019-10-14,No
CLI-001230,CTR-001230,31,Sevilla,32,105.48,Web,Estándar,2321.86,1,,2024-01-16,No
CLI-001879,CTR-001879,55,Zaragoza,33,52.4,Tienda,Empresa,,0,,2023-12-17,No
CLI-006488,CTR-006488,30,Madrid,44,88.81,Web,Premium,1467.94,3,6,2023-01-15,Sí
CLI-001386,CTR-001386,44,Sevilla,72,73.4,Tienda,Básico,2239.26,3,9,2020-09-15,No
CLI-009306,CTR-009306,29,Alicante,3,69.13,Web,Estándar,2203.76,3,,2026-06-10,Sí
CLI-003338,CTR-003338,31,Valencia,4,85.13,Tienda,Básico,2060.87,2,,2026-05-22,Sí
CLI-005665,CTR-005665,43,Málaga,79,66,Web,Básico,3193.36,0,8,2020-02-27,No
CLI-009293,CTR-009293,26,Barcelona,34,60.27,Tienda,Básico,2535.44,5,4,2023-11-10,Sí
CLI-008372,CTR-008372,59,Alicante,4,71.84,Web,Premium,2729.72,5,,2026-05-28,Sí
CLI-006794,CTR-006794,37,Barcelona,39,63.37,Teléfono,Básico,758.47,3,,2023-06-17,No
CLI-000603,CTR-000603,45,Madrid,15,86.31,Aplicación,Básico,1729.9,6,4,2025-06-03,Sí
CLI-009842,CTR-009842,61,Zaragoza,29,45.21,Aplicación,Básico,3455.73,3,7,2024-04-23,No
CLI-005882,CTR-005882,31,Barcelona,37,59.07,Web,Estándar,2005.71,0,10,2023-08-26,No
CLI-009124,CTR-009124,39,Madrid,75,63.18,Web,Básico,2333.65,1,,2020-06-01,No
CLI-000045,CTR-000045,53,Madrid,91,79.43,Tienda,Estándar,1614.75,0,8,2019-02-09,No
CLI-002458,CTR-002458,44,Sevilla,28,44.79,Tienda,Básico,,3,10,2024-05-20,No
CLI-001856,CTR-001856,37,Barcelona,7,55.3,Aplicación,Estándar,1736.91,2,7,2026-02-09,No
CLI-000001,CTR-009851,117,Málaga,45,65.68,Teléfono,Premium,2058.99,5,5,2022-12-17,Sí
CLI-009611,CTR-009611,59,Valencia,37,72.17,Aplicación,Estándar,3673.17,2,6,2023-08-22,No
CLI-000002,CTR-009852,53,Madrid,27,40.6,Tienda,Premium,2305.47,4,9,2024-06-15,No
CLI-006673,CTR-006673,51,Madrid,26,62.62,Web,Premium,1521.67,3,6,2024-07-17,Sí
CLI-001271,CTR-001271,47,Barcelona,67,66.49,Teléfono,Empresa,2292.42,4,9,2021-02-22,No
CLI-003449,CTR-003449,52,Madrid,1,73.51,Teléfono,Básico,2877.51,2,4,2026-08-16,Sí
CLI-005575,CTR-005575,51,Madrid,61,80.92,Web,Estándar,3378.56,5,,2021-08-19,No
CLI-007145,CTR-007145,22,Barcelona,89,54.96,Web,Básico,5052.34,2,,2019-04-03,No
CLI-009477,CTR-009477,48,Málaga,5,41.79,Web,Básico,,4,7,2026-04-01,Sí
CLI-001544,CTR-001544,51,Alicante,52,56.78,Tienda,Premium,,4,9,2022-05-02,No
CLI-000052,CTR-009902,33,Barcelona,13,76.82,Web,Estándar,2263.01,0,,2025-08-24,Sí
CLI-002026,CTR-002026,45,Madrid,22,34.97,Web,Estándar,3728.63,2,,2024-11-23,No
CLI-008629,CTR-008629,36,Murcia,11,110.94,Teléfono,Premium,2313.49,3,,2025-10-28,Sí
CLI-007002,CTR-007002,41,Barcelona,89,42.95,Web,Premium,1119.24,1,8,2019-04-15,No
CLI-000306,CTR-000306,64,Barcelona,75,39.54,Tienda,Estándar,2078.58,3,,2020-06-21,No
CLI-000280,CTR-000280,18,Madrid,69,61.17,Tienda,Estándar,3336.81,2,6,2020-12-08,No
CLI-000022,CTR-000022,19,Zaragoza,36,34.8,web,Básico,,7,5,2023-09-17,Sí
CLI-006219,CTR-006219,47,Madrid,20,45.05,Web,Básico,,1,7,2025-01-16,No
CLI-000774,CTR-000774,59,Valencia,65,35.19,Web,Básico,2384.73,1,8,2021-04-21,No
CLI-009505,CTR-009505,43,Murcia,37,65.26,Web,Estándar,844.2,3,4,2023-08-23,Sí
CLI-007621,CTR-007621,50,Valencia,47,65.73,Web,Estándar,2216.75,4,5,2022-10-21,Sí
CLI-001481,CTR-001481,40,Madrid,61,38.93,web,Estándar,1389.91,3,,2021-08-20,No
CLI-004146,CTR-004146,44,Sevilla,22,40.5,Web,Premium,2391.52,0,7,2024-11-10,No
CLI-004282,CTR-004282,42,Barcelona,65,49.78,Tienda,Empresa,1349.89,5,,2021-04-01,No
CLI-004409,CTR-004409,60,Sevilla,77,58.41,Tienda,Básico,3904.03,2,9,2020-04-23,No
CLI-006413,CTR-006413,32,Madrid,17,92.17,Web,Estándar,,3,7,2025-04-07,No
CLI-002854,CTR-002854,45,Madrid,28,69.97,Aplicación,Estándar,2244.75,1,,2024-05-08,No
CLI-009130,CTR-009130,42,Málaga,64,43.13,Tienda,Estándar,3418.85,5,6,2021-05-27,No
CLI-007405,CTR-007405,40,Valencia,30,46.44,WEB,Estándar,1952.31,5,8,2024-03-08,No
CLI-007963,CTR-007963,54,Barcelona,47,76.52,Web,Básico,1908.9,4,9,2022-10-11,No
CLI-001304,CTR-001304,50,Madrid,21,22.37,Teléfono,Empresa,2795.93,0,8,2024-12-03,No
CLI-007156,CTR-007156,36,Barcelona,26,73.49,Tienda,Estándar,2694.62,5,6,2024-07-08,No
CLI-004454,CTR-004454,52,Barcelona,8,81.71,Aplicación,Premium,2207.05,1,7,2026-01-07,Sí
CLI-003805,CTR-003805,32,Barcelona,15,36.59,Tienda,Premium,,0,6,2025-06-08,No
CLI-005215,CTR-005215,56,Sevilla,32,94.6,Web,Básico,1149.59,3,4,2024-01-12,Sí
CLI-007201,CTR-007201,32,Madrid,20,73.46,Tienda,Empresa,2684.34,2,5,2025-01-04,No
CLI-008295,CTR-008295,36,Málaga,68,44.97,Aplicación,Premium,4705.47,3,6,2021-01-07,No
CLI-004980,CTR-004980,33,Barcelona,40,70.12,Aplicación,Estándar,,4,7,2023-05-23,No
CLI-004484,CTR-004484,49,Madrid,46,80.4,Aplicación,Estándar,2486.18,7,,2022-11-09,Sí
CLI-001981,CTR-001981,47,Valencia,80,80.99,Tienda,Estándar,,0,6,2020-01-25,No
CLI-001972,CTR-001972,50,Alicante,78,69.93,WEB,Estándar,2481.21,4,7,2020-03-03,No
CLI-001833,CTR-001833,46,Madrid,11,79.9,Tienda,Básico,,4,7,2025-10-20,No
CLI-000025,CTR-009875,33,Madrid,36,76.39,Tienda,Básico,2201.27,4,,2023-09-05,Sí
CLI-004602,CTR-004602,35,Valencia,34,66.3,Web,Premium,2293.62,6,,2023-11-08,Sí
CLI-002537,CTR-002537,49,Valencia,16,115.03,Web,Estándar,2469.72,5,,2025-05-01,Sí
CLI-000094,CTR-000094,26,Madrid,57,80.47,Teléfono,Premium,2814.49,2,8,2021-12-02,No
CLI-006592,CTR-006592,28,Sevilla,29,65.56,Tienda,Básico,,5,6,2024-04-11,Sí
CLI-007797,CTR-007797,37,Barcelona,27,46.5,Web,Premium,2613.97,3,7,2024-06-03,Sí
CLI-002426,CTR-002426,21,Alicante,7,69.24,Teléfono,Básico,1478.73,2,,2026-02-18,No
CLI-005615,CTR-005615,32,Zaragoza,80,33.26,Web,Estándar,,6,9,2020-01-18,No
CLI-006685,CTR-006685,18,Madrid,16,68.23,Teléfono,Estándar,1114.16,3,3,2025-05-01,Sí
CLI-008653,CTR-008653,57,Sevilla,19,97.76,Tienda,Estándar,3329.12,4,8,2025-02-21,No
CLI-002294,CTR-002294,35,Madrid,7,65.02,Aplicación,Premium,,6,5,2026-02-15,Sí
CLI-006890,CTR-006890,40,Sevilla,12,67.2,Web,Estándar,,3,6,2025-09-24,Sí
CLI-008248,CTR-008248,35,Madrid,3,49.66,Web,Empresa,1207.01,5,5,2026-06-04,Sí
CLI-000066,CTR-000066,50,Barcelona,25,70.74,Web,Estándar,1834.42,4,8,2024-08-22,No
CLI-005486,CTR-005486,44,Málaga,35,74.04,Aplicación,Estándar,2737.87,7,5,2023-10-27,Sí
CLI-006872,CTR-006872,31,Barcelona,66,62.6,Web,Premium,2898.94,0,6,2021-03-26,No
CLI-006585,CTR-006585,52,Murcia,95,45.17,Teléfono,Estándar,,1,7,2018-10-15,No
CLI-008124,CTR-008124,36,Madrid,44,108.09,Tienda,Básico,1550.91,3,6,2023-01-27,Sí
CLI-006100,CTR-006100,37,Murcia,79,21.62,,Básico,3097.13,4,,2020-02-23,No
CLI-006847,CTR-006847,28,Valencia,48,50.13,Aplicación,Premium,3715.64,2,5,2022-09-18,Sí
CLI-009104,CTR-009104,46,Valencia,27,44.92,web,Estándar,1836.16,0,9,2024-06-19,No
CLI-008094,CTR-008094,29,Madrid,51,50.71,Web,Estándar,1203.97,4,,2022-06-15,No
CLI-004981,CTR-004981,40,Madrid,10,46.02,Web,Básico,2513.33,2,5,2025-11-20,Sí
CLI-007130,CTR-007130,58,Málaga,16,60.34,Aplicación,Estándar,2411.26,4,9,2025-05-25,No
CLI-006933,CTR-006933,27,Málaga,28,45.95,,Premium,,4,6,2024-05-28,Sí
CLI-007148,CTR-007148,51,Valencia,67,51.22,Aplicación,Premium,,5,9,2021-02-09,No
CLI-001278,CTR-001278,63,Alicante,54,95.42,Web,Estándar,3295.73,3,,2022-03-05,No
CLI-002790,CTR-002790,54,Valencia,16,58.49,Aplicación,Básico,1919.76,4,7,2025-05-12,Sí
CLI-003277,CTR-003277,38,Valencia,13,13.13,Tienda,Estándar,3970.69,0,10,2025-08-21,No
CLI-006543,CTR-006543,29,Valencia,18,41.34,web,Premium,,2,5,2025-03-05,Sí
CLI-007225,CTR-007225,47,Sevilla,22,74.5,Web,Estándar,3881.93,5,,2024-11-12,Sí
CLI-008222,CTR-008222,28,Madrid,24,82.79,Tienda,Estándar,2789.37,0,6,2024-09-27,No
CLI-007630,CTR-007630,37,Zaragoza,82,36.09,Tienda,Premium,2961.59,0,10,2019-11-02,No
CLI-002506,CTR-002506,44,Madrid,90,76.91,Web,Básico,1473.52,2,8,2019-03-15,No
CLI-002569,CTR-002569,47,Alicante,32,33.33,Web,Premium,3309.99,1,9,2024-01-22,No
CLI-004142,CTR-004142,46,Madrid,9,46.41,Web,Premium,,2,,2025-12-20,No
CLI-008582,CTR-008582,26,Murcia,96,61.94,Tienda,Básico,1747.78,3,,2018-09-02,No
CLI-000728,CTR-000728,69,Madrid,66,64,Teléfono,Básico,3710.92,1,7,2021-03-14,No
CLI-005428,CTR-005428,27,Barcelona,10,47.55,Teléfono,Básico,2211,0,,2025-11-24,No
CLI-005512,CTR-005512,47,Barcelona,36,84.58,,Premium,2075.95,3,,2023-09-12,No
CLI-006819,CTR-006819,70,Barcelona,80,65.41,Web,Estándar,2306.52,0,,2020-01-23,No
CLI-003717,CTR-003717,43,Madrid,81,71.93,Web,Premium,2248.12,0,,2019-12-19,No
CLI-002368,CTR-002368,35,Madrid,6,65.28,Web,Estándar,4034.06,6,6,2026-03-13,No
CLI-005967,CTR-005967,38,Zaragoza,13,70.24,Web,Estándar,2527.08,7,6,2025-08-04,Sí
CLI-003043,CTR-003043,53,Barcelona,58,62.97,Web,Premium,1341.53,2,7,2021-11-09,No
CLI-003669,CTR-003669,55,Madrid,28,100.06,Web,Premium,750,5,,2024-05-12,Sí
CLI-009707,CTR-009707,28,Madrid,94,45.32,Teléfono,Estándar,3533.26,1,10,2018-11-10,No
CLI-001722,CTR-001722,40,Sevilla,8,71.93,Tienda,Básico,3675.8,2,10,2026-01-02,No
CLI-008799,CTR-008799,24,Valencia,3,55.33,Teléfono,Estándar,1426.81,2,6,2026-06-11,Sí
CLI-006928,CTR-006928,42,Madrid,4,94.92,Tienda,Estándar,1282.58,6,5,2026-05-07,Sí
CLI-001553,CTR-001553,48,Sevilla,82,9.9,Aplicación,Básico,3468.11,3,9,2019-11-07,No
CLI-006393,CTR-006393,45,Málaga,41,104.32,Aplicación,Básico,1272.9,2,9,2023-04-26,No
CLI-002048,CTR-002048,44,Barcelona,48,86.82,Web,Básico,2233.64,4,8,2022-09-12,No
CLI-002430,CTR-002430,49,Málaga,33,62.49,Web,Premium,4004.11,4,7,2023-12-12,No
CLI-005405,CTR-005405,48,Madrid,27,61.53,Tienda,Estándar,2382.06,3,5,2024-06-18,Sí
CLI-005760,CTR-005760,34,Barcelona,42,93.66,Teléfono,Estándar,,8,6,2023-03-06,Sí
CLI-001293,CTR-001293,36,Barcelona,38,63.08,Aplicación,Premium,3224.08,2,6,2023-07-08,Sí
CLI-009481,CTR-009481,31,Barcelona,31,44.56,Teléfono,Estándar,3057.93,1,10,2024-02-10,No
CLI-005328,CTR-005328,25,Barcelona,17,72.75,Tienda,Estándar,2625.14,4,5,2025-04-07,Sí
CLI-000114,CTR-000114,61,Zaragoza,11,73.84,Tienda,Empresa,2103.63,5,,2025-10-09,Sí
CLI-006113,CTR-006113,51,Sevilla,39,201.84,Web,Estándar,8101.71,6,,2023-06-09,No
CLI-009525,CTR-009525,56,Barcelona,60,115.63,Aplicación,Estándar,1490.04,0,,2021-09-02,No
CLI-008028,CTR-008028,45,Valencia,31,68.49,Tienda,Premium,750,4,5,2024-02-25,Sí
CLI-007523,CTR-007523,61,Málaga,63,54.26,Teléfono,Estándar,,2,,2021-06-28,No
CLI-009831,CTR-009831,45,Valencia,45,93.17,Teléfono,Premium,1529.57,2,7,2022-12-26,No
CLI-000178,CTR-000178,37,Alicante,45,56.35,Web,Básico,,3,5,2022-12-21,Sí
CLI-009428,CTR-009428,37,Madrid,11,53.77,Tienda,Estándar,2898.76,5,7,2025-10-12,Sí
CLI-001482,CTR-001482,18,Barcelona,9,36.79,WEB,Estándar,1541.66,1,7,2025-12-19,Sí
CLI-009718,CTR-009718,35,Alicante,45,65.91,Aplicación,Básico,2942.21,4,,2022-12-01,Sí
CLI-002219,CTR-002219,42,Alicante,30,32.78,Web,Premium,2226.4,1,7,2024-03-20,No
CLI-005454,CTR-005454,69,Alicante,66,24.02,Web,Premium,3786.23,5,7,2021-03-22,No
CLI-000092,CTR-000092,32,Alicante,21,74.34,Web,Estándar,2576.66,3,,2024-12-11,No
CLI-009490,CTR-009490,40,Valencia,35,38.02,web,Básico,2266.78,2,9,2023-10-11,No
CLI-004620,CTR-004620,70,Zaragoza,73,71.9,WEB,Básico,2478.8,0,5,2020-08-25,No
CLI-003076,CTR-003076,63,Barcelona,73,43.92,Web,Estándar,,0,5,2020-08-15,No
CLI-007866,CTR-007866,33,Madrid,39,61.26,Tienda,Estándar,3000.56,6,,2023-06-04,Sí
CLI-008889,CTR-008889,27,Sevilla,12,74.87,Web,Estándar,2208.86,4,,2025-09-06,Sí
CLI-002592,CTR-002592,41,Alicante,4,75.02,Tienda,Empresa,3316.39,6,6,2026-05-05,Sí
CLI-005793,CTR-005793,37,Valencia,63,24.69,Tienda,Estándar,2527.98,4,4,2021-06-10,No
CLI-004836,CTR-004836,60,Murcia,70,81.49,Tienda,Premium,3612.78,0,8,2020-11-21,No
CLI-007578,CTR-007578,38,Málaga,22,78.02,Web,Estándar,1736.43,3,,2024-11-13,No
CLI-002561,CTR-002561,42,Sevilla,41,41.41,Tienda,Básico,2391.39,0,6,2023-04-27,Sí
CLI-009029,CTR-009029,46,Barcelona,87,29.09,Web,Premium,3893.39,1,7,2019-06-05,No
CLI-001457,CTR-001457,43,Sevilla,54,65.84,Web,Básico,2776.7,4,6,2022-03-22,No
CLI-007344,CTR-007344,55,Sevilla,29,73.22,Tienda,Estándar,2093.99,5,5,2024-04-10,Sí
CLI-007628,CTR-007628,42,Madrid,76,35.51,Tienda,Básico,3426.34,1,6,2020-05-22,No
CLI-004446,CTR-004446,28,Zaragoza,4,27.98,Aplicación,Estándar,1532.01,2,,2026-05-18,Sí
CLI-000880,CTR-000880,28,Valencia,5,60.77,Web,Premium,750,7,1,2026-04-02,Sí
CLI-001194,CTR-001194,39,Barcelona,15,62.06,Teléfono,Básico,1736.63,1,,2025-06-08,Sí
CLI-007594,CTR-007594,40,Sevilla,62,43.9,,Básico,2936.88,1,,2021-07-21,No
CLI-007957,CTR-007957,40,Madrid,80,67.82,Teléfono,Premium,3094.92,5,,2020-01-06,No
CLI-007658,CTR-007658,39,Valencia,50,27.09,Tienda,Estándar,1051.5,2,8,2022-07-15,No
CLI-000539,CTR-000539,41,Barcelona,9,76.62,Web,Empresa,1963.37,5,4,2025-12-12,Sí
CLI-006474,CTR-006474,40,Valencia,11,52.81,Tienda,Premium,1321.15,4,,2025-10-18,Sí
CLI-007012,CTR-007012,54,Alicante,39,69.09,Teléfono,Estándar,2843.46,3,7,2023-06-03,Sí
CLI-000513,CTR-000513,57,Barcelona,91,42.51,Teléfono,Premium,3158.83,5,9,2019-02-11,No
CLI-006979,CTR-006979,23,Madrid,28,69.03,Aplicación,Premium,2664.82,4,6,2024-05-23,Sí
CLI-006186,CTR-006186,39,Barcelona,80,44.59,Teléfono,Estándar,,2,8,2020-01-28,No
CLI-004169,CTR-004169,76,Madrid,57,72.85,Tienda,Premium,1605.94,1,,2021-12-03,No
CLI-004058,CTR-004058,31,Madrid,43,97.44,Web,Empresa,3717.16,2,7,2023-02-23,No
CLI-003028,CTR-003028,20,Valencia,9,68.52,Web,Básico,,4,8,2025-12-15,Sí
CLI-001674,CTR-001674,40,Valencia,15,90.33,Teléfono,Estándar,,4,7,2025-06-13,Sí
CLI-007990,CTR-007990,48,Zaragoza,20,73.64,Web,Empresa,,5,4,2025-01-22,Sí
CLI-002110,CTR-002110,48,Zaragoza,59,76.8,web,Estándar,2044.28,6,,2021-10-03,No
CLI-002090,CTR-002090,40,Zaragoza,8,43.56,Web,Premium,2044.1,5,4,2026-01-22,No
CLI-000256,CTR-000256,33,Zaragoza,2,76.03,Web,Premium,2220.92,5,5,2026-07-10,Sí
CLI-006458,CTR-006458,63,Alicante,61,95.2,Tienda,Empresa,3264.14,4,5,2021-08-05,No
CLI-002370,CTR-002370,40,Madrid,33,39.24,Tienda,Estándar,2451.67,7,,2023-12-20,Sí
CLI-002792,CTR-002792,66,Madrid,43,131.1,Aplicación,Básico,3010.34,7,5,2023-02-18,Sí
CLI-009612,CTR-009612,27,Málaga,4,104.34,Tienda,Empresa,4083.3,4,7,2026-05-12,Sí
CLI-005885,CTR-005885,24,Sevilla,29,77.76,Tienda,Estándar,2699.94,4,4,2024-04-11,Sí
CLI-008521,CTR-008521,30,Barcelona,10,40.34,Web,Estándar,2334.1,4,,2025-11-11,Sí
CLI-008985,CTR-008985,39,Barcelona,17,62.57,Web,Premium,2683.86,4,5,2025-04-01,Sí
CLI-003363,CTR-003363,32,Zaragoza,48,23.35,Tienda,Estándar,2994.38,5,5,2022-09-03,Sí
CLI-006185,CTR-006185,45,Valencia,13,73.61,Tienda,Estándar,4185.5,0,6,2025-08-07,Sí
CLI-007753,CTR-007753,21,Madrid,14,80.18,Web,Básico,2071.35,4,4,2025-07-08,Sí
CLI-000855,CTR-000855,50,Málaga,45,76.07,Web,Básico,750,2,9,2022-12-11,No
CLI-007267,CTR-007267,56,Barcelona,7,82.15,Tienda,Estándar,2099.37,5,7,2026-02-25,Sí
CLI-000947,CTR-000947,47,Zaragoza,29,38.83,Teléfono,Estándar,1335.63,3,,2024-04-21,Sí
CLI-003391,CTR-003391,52,Murcia,45,169.16,Web,Estándar,7850.01,1,,2022-12-03,No
CLI-005245,CTR-005245,21,Valencia,-5,57.44,Tienda,Estándar,2501.62,3,7,2025-08-03,No
CLI-008210,CTR-008210,18,Madrid,11,76.05,Web,Premium,,6,,2025-10-16,Sí
CLI-003387,CTR-003387,69,Murcia,26,54.44,Aplicación,Premium,750,3,4,2024-07-23,Sí
CLI-007741,CTR-007741,44,Murcia,44,53.93,Web,Básico,2563.76,1,,2023-01-07,No
CLI-009001,CTR-009001,49,Barcelona,40,12.34,Tienda,Empresa,2833.57,0,7,2023-05-05,No
CLI-002626,CTR-002626,46,Barcelona,39,59.95,Aplicación,Estándar,,1,2,2023-06-16,Sí
CLI-002484,CTR-002484,55,Valencia,39,36.81,Tienda,Estándar,2847.08,2,7,2023-06-18,No
CLI-002184,CTR-002184,38,Barcelona,43,56.66,Teléfono,Empresa,2686.49,2,,2023-02-06,No
CLI-000015,CTR-000015,65,Alicante,18,36.07,Aplicación,Estándar,2461.5,0,7,2025-03-24,No
CLI-006293,CTR-006293,31,Sevilla,1,66.98,Web,Empresa,,2,5,2026-08-04,Sí
CLI-007644,CTR-007644,31,Valencia,90,57.44,Teléfono,Básico,2111.32,2,9,2019-03-05,No
CLI-008933,CTR-008933,64,Valencia,92,66.93,Teléfono,Estándar,,2,,2019-01-05,No
CLI-002607,CTR-002607,48,Barcelona,24,108.57,Tienda,Estándar,2590.9,5,5,2024-09-01,Sí
CLI-008186,CTR-008186,46,Barcelona,95,76.07,Web,Premium,4811.09,0,9,2018-10-23,No
CLI-000732,CTR-000732,29,Murcia,24,69.14,Aplicación,Estándar,995.85,0,,2024-09-07,No
CLI-007189,CTR-007189,42,Madrid,84,60.62,Web,Estándar,,0,7,2019-09-09,No
CLI-000071,CTR-009921,26,Barcelona,47,71.49,Tienda,Estándar,,6,4,2022-10-24,Sí
CLI-005971,CTR-005971,34,Valencia,32,32.93,Aplicación,Estándar,2770.96,4,,2024-01-09,Sí
CLI-003459,CTR-003459,35,Madrid,25,65.49,Web,Estándar,1513.84,0,,2024-08-12,No
CLI-004601,CTR-004601,49,Barcelona,89,40.06,Teléfono,Estándar,2420.57,3,8,2019-04-20,No
CLI-007766,CTR-007766,18,Madrid,62,71.85,Web,Básico,2467.56,1,,2021-07-04,No
CLI-003254,CTR-003254,40,Madrid,18,76.91,Web,Estándar,2979.68,0,7,2025-03-24,No
CLI-002247,CTR-002247,51,Valencia,19,54.35,WEB,Estándar,2425.48,2,6,2025-02-16,No
CLI-001174,CTR-001174,48,Valencia,77,62.1,Tienda,Premium,2417.48,2,7,2020-04-24,No
CLI-000145,CTR-000145,22,Madrid,78,64.79,Web,Básico,,1,8,2020-03-24,No
CLI-003846,CTR-003846,33,Barcelona,44,22.74,Aplicación,Estándar,1190.97,2,9,2023-01-21,No
CLI-006227,CTR-006227,45,Sevilla,75,21.82,Tienda,Estándar,2062.47,5,,2020-06-15,No
CLI-003980,CTR-003980,53,Barcelona,41,59.89,Web,Premium,5312.59,6,6,2023-04-07,No
CLI-003114,CTR-003114,33,Valencia,42,65.56,WEB,Premium,3672.29,4,2,2023-03-13,Sí
CLI-004567,CTR-004567,31,Sevilla,24,86.09,Web,Estándar,2798.64,1,5,2024-09-08,No
CLI-002898,CTR-002898,18,Madrid,40,86.86,Web,Estándar,2762.59,2,3,2023-05-23,Sí
CLI-007004,CTR-007004,51,Sevilla,18,57.49,Web,Estándar,1722.05,2,6,2025-03-06,No
CLI-006536,CTR-006536,47,Madrid,66,57.84,Tienda,Básico,2006.12,0,7,2021-03-11,No
CLI-008462,CTR-008462,42,Murcia,19,80.54,Aplicación,Estándar,3218.45,1,,2025-02-07,No
CLI-001695,CTR-001695,49,Madrid,72,49.49,Teléfono,Estándar,2105.34,2,7,2020-09-19,No
CLI-007968,CTR-007968,42,Barcelona,30,42.21,Web,Estándar,2401.35,3,,2024-03-13,No
CLI-001080,CTR-001080,58,Alicante,59,47.88,Aplicación,Básico,,0,8,2021-10-01,No
CLI-001330,CTR-001330,56,Madrid,80,37.28,Teléfono,Estándar,817.22,3,6,2020-01-08,No
CLI-006422,CTR-006422,40,Barcelona,20,82.19,Web,Básico,3860.36,2,7,2025-01-18,No
CLI-005868,CTR-005868,46,Barcelona,41,105.52,Web,Estándar,2063.24,3,5,2023-04-27,Sí
CLI-004124,CTR-004124,40,Málaga,94,60.84,Web,Estándar,3126.54,0,5,2018-11-06,No
CLI-008220,CTR-008220,18,Madrid,38,31.43,Teléfono,Premium,2596.68,6,,2023-07-06,Sí
CLI-003137,CTR-003137,33,Sevilla,38,73.35,Web,Básico,2735.58,4,3,2023-07-11,Sí
CLI-007051,CTR-007051,36,Sevilla,1,110.9,Web,Estándar,1959.4,4,6,2026-08-03,Sí
CLI-003178,CTR-003178,18,Zaragoza,43,71.64,Web,Premium,2946.25,0,4,2023-02-22,No
CLI-005698,CTR-005698,58,Madrid,72,70.75,Teléfono,Básico,,1,8,2020-09-14,No
CLI-007495,CTR-007495,32,Valencia,37,63.92,Web,Básico,1936.62,5,5,2023-08-06,Sí
CLI-002552,CTR-002552,18,Barcelona,38,54.72,Web,Básico,2634.68,5,5,2023-07-25,Sí
CLI-001816,CTR-001816,42,Madrid,1,58.82,Teléfono,Estándar,1985.58,4,5,2026-08-07,Sí
CLI-009667,CTR-009667,36,Barcelona,66,53.44,Web,Empresa,3702.02,0,7,2021-03-14,No
CLI-000864,CTR-000864,52,Sevilla,82,54.77,Web,Estándar,4493.08,1,8,2019-11-10,No
CLI-001212,CTR-001212,28,Alicante,41,67.12,Teléfono,Premium,2141.67,3,6,2023-04-20,Sí
CLI-003193,CTR-003193,26,Barcelona,33,29.97,Tienda,Básico,3758.8,2,6,2023-12-10,Sí
CLI-009236,CTR-009236,19,Barcelona,10,75.96,Web,Premium,2679.86,3,,2025-11-01,Sí
CLI-002421,CTR-002421,35,Barcelona,3,122.51,Web,Básico,3372.07,4,5,2026-06-06,Sí
CLI-003401,CTR-003401,43,Barcelona,41,81.66,Web,Básico,1463.15,5,2,2023-04-11,Sí
CLI-003209,CTR-003209,55,Barcelona,59,55.75,Tienda,Estándar,2939.04,2,8,2021-10-01,No
CLI-002541,CTR-002541,25,Madrid,93,97.88,Tienda,Premium,2965.23,0,,2018-12-02,No
CLI-002563,CTR-002563,55,Murcia,42,94.81,Teléfono,Estándar,750,5,,2023-03-03,Sí
CLI-006122,CTR-006122,46,Murcia,31,55.36,Web,Premium,2611.21,2,,2024-02-08,No
CLI-009690,CTR-009690,35,Barcelona,92,48.91,Web,Estándar,750,0,6,2019-01-08,No
CLI-004637,CTR-004637,33,Barcelona,6,48.56,Aplicación,Premium,3270.36,2,,2026-03-01,No
CLI-000434,CTR-000434,23,Madrid,19,40.81,Web,Estándar,2844.38,3,,2025-02-12,No
CLI-006045,CTR-006045,42,Málaga,31,56.2,Teléfono,Estándar,2858.35,6,,2024-02-23,No
CLI-001593,CTR-001593,51,Barcelona,39,43,Tienda,Estándar,,0,,2023-06-23,No
CLI-002810,CTR-002810,29,Valencia,11,26.92,Teléfono,Premium,,4,6,2025-10-17,No
CLI-001921,CTR-001921,35,Alicante,67,57.58,Tienda,Básico,2745.23,0,,2021-02-28,No
CLI-000054,CTR-009904,45,Sevilla,32,65.44,Aplicación,Premium,3567.25,0,6,2024-01-07,No
CLI-006516,CTR-006516,31,Madrid,39,73.72,Teléfono,Básico,1714.02,4,6,2023-06-24,Sí
CLI-000848,CTR-000848,27,Murcia,73,51.64,,Básico,1303.26,2,5,2020-08-16,No
CLI-008450,CTR-008450,32,Sevilla,86,18.6,Aplicación,Básico,4511.38,0,6,2019-07-01,No
CLI-000974,CTR-000974,40,Barcelona,83,150.36,Web,Básico,12121.62,1,,2019-10-15,No
CLI-007231,CTR-007231,46,Zaragoza,6,33.34,Tienda,Estándar,1775.41,5,,2026-03-07,Sí
CLI-005774,CTR-005774,38,Málaga,36,47.75,Teléfono,Básico,3005.74,4,3,2023-09-26,Sí
CLI-002074,CTR-002074,21,Sevilla,19,72.48,Web,Estándar,2628.72,4,,2025-02-17,Sí
CLI-001276,CTR-001276,51,Sevilla,41,80.65,Web,Estándar,2621.15,0,,2023-04-04,Sí
CLI-004758,CTR-004758,39,Madrid,80,91.63,Aplicación,Premium,2535.99,2,9,2020-01-28,No
CLI-006980,CTR-006980,53,Alicante,37,53.32,Web,Estándar,2790.39,5,5,2023-08-13,Sí
CLI-007221,CTR-007221,36,Madrid,33,109.33,Teléfono,Básico,,6,7,2023-12-21,Sí
CLI-003172,CTR-003172,37,Barcelona,95,71.69,Web,Básico,3479.43,1,8,2018-10-26,No
CLI-007289,CTR-007289,34,Barcelona,42,36.08,Web,Estándar,3076.59,1,,2023-03-26,No
CLI-008167,CTR-008167,43,Alicante,25,57.25,Teléfono,Estándar,3316.05,0,9,2024-08-19,No
CLI-003427,CTR-003427,57,Madrid,58,102.24,Web,Premium,3125.82,1,8,2021-11-19,No
CLI-009524,CTR-009524,33,Barcelona,57,56.46,Teléfono,Premium,2484.14,0,,2021-12-05,No
CLI-005754,CTR-005754,37,Málaga,69,81.66,Tienda,Estándar,2174.43,1,10,2020-12-14,No
CLI-000334,CTR-000334,42,Madrid,14,75.37,WEB,Estándar,2706.98,1,10,2025-07-14,No
CLI-000575,CTR-000575,43,Barcelona,62,41.14,Web,Básico,2191.26,2,,2021-07-04,No
CLI-005031,CTR-005031,54,Barcelona,24,101.96,Tienda,Estándar,,3,7,2024-09-12,Sí
CLI-003324,CTR-003324,37,Zaragoza,48,58.29,Web,Empresa,,1,9,2022-09-03,No
CLI-002078,CTR-002078,47,Madrid,44,88.81,Tienda,Estándar,2520.16,0,6,2023-01-15,No
CLI-001076,CTR-001076,28,Madrid,84,94.72,Tienda,Estándar,3489.8,2,,2019-09-22,No
CLI-008515,CTR-008515,31,Zaragoza,11,21.87,Teléfono,Estándar,1959.61,5,,2025-10-19,No
CLI-001207,CTR-001207,18,Murcia,66,74.01,Aplicación,Básico,2303.64,0,,2021-03-06,No
CLI-005415,CTR-005415,42,Madrid,63,81.38,Aplicación,Estándar,,2,,2021-06-23,No
CLI-009678,CTR-009678,50,Madrid,65,46.13,Web,Empresa,,5,8,2021-04-28,No
CLI-004562,CTR-004562,28,Valencia,45,69.82,Teléfono,Estándar,2525.16,1,6,2022-12-28,Sí
CLI-008628,CTR-008628,18,Alicante,7,67.85,Web,Estándar,4122.45,6,,2026-02-07,Sí
CLI-003394,CTR-003394,34,Barcelona,44,34.06,Web,Estándar,1011.48,1,4,2023-01-07,Sí
CLI-000958,CTR-000958,42,Valencia,37,40.62,Tienda,Básico,1601.74,3,7,2023-08-14,No
CLI-004715,CTR-004715,49,Zaragoza,91,49.21,WEB,Empresa,2510.82,3,6,2019-02-18,No
CLI-009450,CTR-009450,34,Valencia,33,61.17,Tienda,Estándar,1643.86,4,4,2023-12-06,Sí
CLI-000085,CTR-009935,38,Madrid,23,69.46,Web,Estándar,2681.58,1,,2024-10-15,Sí
CLI-002738,CTR-002738,45,Barcelona,6,57.65,Web,Básico,3068.46,3,,2026-03-11,No
CLI-000216,CTR-000216,27,Valencia,36,46.75,Tienda,Estándar,825.38,5,5,2023-09-11,Sí
CLI-005193,CTR-005193,30,Barcelona,34,30.75,web,Básico,3179.19,0,8,2023-11-12,No
CLI-005897,CTR-005897,31,Madrid,21,63.15,Tienda,Empresa,,0,10,2024-12-25,No
CLI-009774,CTR-009774,57,Málaga,11,23.64,Web,Premium,1836.75,0,,2025-10-02,No
CLI-006599,CTR-006599,18,Madrid,35,58.2,Web,Básico,2653.13,6,6,2023-10-17,Sí
CLI-004096,CTR-004096,27,Alicante,10,61.7,Teléfono,Empresa,2518.11,2,9,2025-11-23,No
CLI-008626,CTR-008626,48,Sevilla,23,39.38,Web,Estándar,1745.48,3,8,2024-10-04,No
CLI-006002,CTR-006002,31,Barcelona,38,61.39,Aplicación,Premium,2110.52,8,2,2023-07-23,Sí
CLI-006734,CTR-006734,34,Sevilla,4,87.33,Web,Básico,,6,,2026-05-16,Sí
CLI-005728,CTR-005728,46,Valencia,32,52.22,Web,Estándar,,3,7,2024-01-18,No
CLI-006261,CTR-006261,61,Sevilla,55,9.9,Web,Estándar,2404.51,0,7,2022-02-22,No
CLI-004726,CTR-004726,59,Madrid,87,60.56,Tienda,Premium,3196.82,1,7,2019-06-12,No
CLI-006488,CTR-006488,30,Madrid,44,88.81,Web,Premium,1467.94,3,6,2023-01-15,Sí
CLI-006314,CTR-006314,33,Alicante,38,69.32,Web,Básico,,7,6,2023-07-09,Sí
CLI-007356,CTR-007356,44,Sevilla,35,63.56,Tienda,Premium,2598.71,4,3,2023-10-15,Sí
CLI-004607,CTR-004607,42,Sevilla,14,56.89,Tienda,Básico,1141.1,4,9,2025-07-06,Sí
CLI-001014,CTR-001014,54,Zaragoza,36,59.79,Teléfono,Empresa,,6,,2023-09-17,Sí
CLI-002655,CTR-002655,64,Barcelona,69,12.96,Web,Premium,2614.5,3,9,2020-12-03,No
CLI-000134,CTR-000134,59,Málaga,33,68.79,Aplicación,Estándar,2749.39,1,9,2023-12-17,No
CLI-001043,CTR-001043,53,Madrid,52,31.63,Aplicación,Estándar,2924.3,0,,2022-05-22,No
CLI-006803,CTR-006803,34,Valencia,39,35.2,Aplicación,Estándar,,3,,2023-06-28,No
CLI-004133,CTR-004133,53,Valencia,85,67.94,Web,Premium,2057.89,0,,2019-08-16,No
CLI-006663,CTR-006663,32,Alicante,45,101.92,Web,Empresa,3440.76,5,6,2022-12-09,Sí
CLI-006650,CTR-006650,22,Valencia,10,45.43,Tienda,Estándar,2194.81,4,2,2025-11-21,Sí
CLI-007370,CTR-007370,51,Barcelona,5,25.81,Teléfono,Básico,,4,,2026-04-05,Sí
CLI-004062,CTR-004062,40,Málaga,34,54.33,Web,Estándar,,9,5,2023-11-13,Sí
CLI-003850,CTR-003850,32,Madrid,40,44.54,,Estándar,1221.35,7,,2023-05-05,Sí
CLI-002642,CTR-002642,46,Alicante,35,64.33,Web,Premium,2786.59,3,4,2023-10-11,Sí
CLI-008898,CTR-008898,29,Barcelona,69,57.9,Tienda,Estándar,3892.4,3,,2020-12-07,No
CLI-008226,CTR-008226,29,Madrid,34,92.79,Web,Básico,766.79,6,5,2023-11-20,Sí
CLI-009075,CTR-009075,45,Valencia,44,70.65,Web,Empresa,1535.04,1,9,2023-01-25,No
CLI-006336,CTR-006336,25,Alicante,33,41.24,Tienda,Básico,1238.82,0,7,2023-12-21,No
CLI-003509,CTR-003509,30,Zaragoza,27,56.46,Aplicación,Estándar,2252.93,4,7,2024-06-18,Sí
CLI-001940,CTR-001940,39,Alicante,2,79.68,Teléfono,Básico,2959.56,1,,2026-07-24,Sí
CLI-001502,CTR-001502,24,Málaga,11,50.14,Web,Básico,4523.62,6,3,2025-10-11,Sí
CLI-005001,CTR-005001,39,Barcelona,24,94.91,Teléfono,Empresa,2645.43,2,9,2024-09-17,No
CLI-004688,CTR-004688,41,Sevilla,48,53.27,Teléfono,Estándar,2767.27,4,4,2022-09-05,Sí
CLI-003744,CTR-003744,63,Barcelona,88,87.71,Teléfono,Básico,1256.51,3,6,2019-05-16,No
CLI-009036,CTR-009036,43,Zaragoza,41,69.85,Tienda,Básico,2585.43,0,4,2023-04-20,No
CLI-001027,CTR-001027,33,Barcelona,71,52.61,Web,Estándar,1473.6,2,7,2020-10-12,No
CLI-002466,CTR-002466,41,Valencia,49,72.48,Web,Estándar,,1,7,2022-08-28,No
CLI-000226,CTR-000226,28,Barcelona,36,67.57,Aplicación,Estándar,1558.35,5,7,2023-09-27,No
CLI-008827,CTR-008827,34,Barcelona,15,61.67,Tienda,Estándar,3326.9,3,5,2025-06-28,No
CLI-005247,CTR-005247,34,Madrid,7,102.36,Teléfono,Estándar,2211.22,6,4,2026-02-21,Sí
CLI-007657,CTR-007657,42,Valencia,39,80.16,Teléfono,Básico,,0,8,2023-06-09,No
CLI-009449,CTR-009449,42,Málaga,40,46.67,WEB,Estándar,4796.4,0,,2023-05-08,No
CLI-003498,CTR-003498,59,Madrid,38,62.54,Teléfono,Básico,2263.63,5,4,2023-07-03,Sí
CLI-008951,CTR-008951,33,Barcelona,7,75.11,Web,Estándar,2258.22,2,,2026-02-21,No
CLI-000661,CTR-000661,55,Zaragoza,40,76.12,Web,Estándar,1670.88,3,6,2023-05-02,Sí
CLI-002400,CTR-002400,50,Madrid,53,29.53,Web,Estándar,3186.71,3,6,2022-04-23,No
CLI-007651,CTR-007651,37,Madrid,10,81.82,Tienda,Estándar,2896.07,1,5,2025-11-25,Sí
CLI-004155,CTR-004155,34,Madrid,25,109.73,Tienda,Empresa,,1,10,2024-08-19,No
CLI-004546,CTR-004546,40,Sevilla,48,92.28,Tienda,Empresa,750,3,7,2022-09-06,Sí
CLI-002878,CTR-002878,44,Madrid,44,58.72,Web,Premium,2259.66,2,,2023-01-05,No
CLI-000845,CTR-000845,25,Madrid,53,81.78,Teléfono,Empresa,2043.53,1,6,2022-04-20,No
CLI-005217,CTR-005217,61,Murcia,64,42.77,Aplicación,Estándar,1785.48,4,7,2021-05-16,No
CLI-001764,CTR-001764,18,Zaragoza,25,71.21,Tienda,Empresa,4006.09,0,7,2024-08-17,No
CLI-004175,CTR-004175,46,Sevilla,14,81.02,Tienda,Estándar,1200.6,4,5,2025-07-15,Sí
CLI-006453,CTR-006453,30,Barcelona,6,84.1,Web,Básico,2993.29,1,7,2026-03-27,No
CLI-008717,CTR-008717,43,Valencia,40,56.84,Web,Premium,3408.6,4,5,2023-05-05,No
CLI-001213,CTR-001213,40,Barcelona,79,72.79,Web,Básico,2737.4,0,,2020-02-18,No
CLI-002232,CTR-002232,60,Sevilla,37,67.83,Teléfono,Básico,3325.09,0,6,2023-08-07,No
CLI-000682,CTR-000682,18,Madrid,40,90.48,Web,Premium,3704.16,3,6,2023-05-02,Sí
CLI-004618,CTR-004618,22,Sevilla,25,94.2,Tienda,Premium,3501.38,6,6,2024-08-16,Sí
CLI-006898,CTR-006898,34,Zaragoza,24,84.43,Tienda,Empresa,1726.96,5,4,2024-09-28,Sí
CLI-000456,CTR-000456,47,Barcelona,91,30.04,Teléfono,Estándar,2649.69,3,,2019-02-13,No
CLI-007884,CTR-007884,57,Valencia,49,55.72,Teléfono,Estándar,2057.81,2,5,2022-08-21,No
CLI-009695,CTR-009695,48,Valencia,33,72.72,WEB,Básico,2266.53,3,,2023-12-27,Sí
CLI-007453,CTR-007453,33,Madrid,8,58.51,Tienda,Premium,1002.74,6,5,2026-01-19,Sí
CLI-002997,CTR-002997,32,Madrid,92,48.39,Tienda,Básico,4653.57,1,8,2019-01-23,No
CLI-008453,CTR-008453,41,Barcelona,19,67.55,Tienda,Estándar,2404.04,5,5,2025-02-22,No
CLI-007922,CTR-007922,62,Málaga,11,37.41,Aplicación,Estándar,3193.73,2,,2025-10-21,No
CLI-007669,CTR-007669,51,Murcia,40,87.75,Aplicación,Premium,,6,7,2023-05-28,Sí
CLI-006670,CTR-006670,45,Valencia,32,59.67,Aplicación,Empresa,,1,,2024-01-06,No
CLI-001924,CTR-001924,39,Murcia,7,61.94,Teléfono,Premium,2108.04,1,2,2026-02-09,Sí
CLI-003332,CTR-003332,34,Valencia,33,54.99,Web,Básico,3239.83,0,9,2023-12-23,No
CLI-006249,CTR-006249,18,Madrid,1,47.24,Web,Estándar,1540.02,6,7,2026-08-15,Sí
CLI-007402,CTR-007402,37,Zaragoza,80,78.28,WEB,Básico,3567.37,0,9,2020-01-09,No
CLI-002554,CTR-002554,44,Madrid,12,50.81,Teléfono,Básico,1505.32,5,,2025-09-06,Sí
CLI-003521,CTR-003521,50,Barcelona,42,102.87,Tienda,Estándar,2672.28,5,5,2023-03-08,Sí
CLI-000369,CTR-000369,43,Madrid,40,47.49,Web,Básico,3228.95,6,4,2023-05-19,Sí
CLI-009366,CTR-009366,43,Madrid,70,23.24,Web,Estándar,2427.03,0,8,2020-11-08,No
CLI-003163,CTR-003163,59,Alicante,16,74.53,web,Premium,2562.19,1,3,2025-05-26,Sí
CLI-005390,CTR-005390,54,Murcia,26,56.86,Web,Estándar,3158.52,2,7,2024-07-27,No
CLI-008367,CTR-008367,30,Valencia,40,52.47,Tienda,Estándar,,2,9,2023-05-17,No
CLI-009595,CTR-009595,34,Madrid,8,116.81,Web,Básico,,5,,2026-01-04,Sí
CLI-000555,CTR-000555,51,Sevilla,21,59.37,web,Estándar,2763.93,2,8,2024-12-23,No
CLI-006382,CTR-006382,19,Madrid,26,35.98,Teléfono,Estándar,2615.7,1,,2024-07-10,Sí
CLI-003130,CTR-003130,31,Sevilla,40,50.77,Aplicación,Empresa,1991.94,6,10,2023-05-16,No
CLI-001506,CTR-001506,47,Zaragoza,55,63.04,Web,Básico,2388.34,3,6,2022-02-24,No
CLI-003888,CTR-003888,35,Alicante,42,30.62,Web,Premium,1895.47,5,5,2023-03-11,Sí
CLI-000419,CTR-000419,22,Barcelona,76,67.85,Tienda,Estándar,3169.39,4,8,2020-05-10,No
CLI-009027,CTR-009027,43,Barcelona,1,48.52,Aplicación,Estándar,1753.54,4,3,2026-08-04,Sí
CLI-007606,CTR-007606,19,Barcelona,32,73.47,Aplicación,Premium,2199.69,6,9,2024-01-14,Sí
CLI-004566,CTR-004566,55,Alicante,22,78.71,Teléfono,Premium,2175.13,6,7,2024-11-10,Sí
CLI-005873,CTR-005873,37,Valencia,34,52.84,Tienda,Estándar,2144.52,3,,2023-11-27,No
CLI-002497,CTR-002497,24,Málaga,88,95.9,Tienda,Premium,952.85,3,7,2019-05-01,No
CLI-009241,CTR-009241,45,Madrid,49,71.22,Web,Premium,,5,4,2022-08-01,No
CLI-007936,CTR-007936,35,Alicante,14,63.36,Tienda,Estándar,2056.27,9,7,2025-07-13,Sí
CLI-009596,CTR-009596,66,Sevilla,66,14.24,Web,Premium,,1,8,2021-03-22,No
CLI-009331,CTR-009331,39,Madrid,24,57.66,Tienda,Estándar,2631.84,5,,2024-09-02,Sí
CLI-007034,CTR-007034,34,Barcelona,42,83.77,Web,Estándar,2284.53,3,7,2023-03-02,No
CLI-008988,CTR-008988,19,Valencia,48,55.92,Tienda,Premium,2065.47,1,,2022-09-22,No
CLI-005878,CTR-005878,24,Sevilla,49,48.15,Web,Empresa,3555.12,4,7,2022-08-21,No
CLI-003801,CTR-003801,43,Barcelona,31,72.87,Tienda,Estándar,2343.53,4,,2024-02-12,Sí
CLI-007960,CTR-007960,31,Barcelona,7,55.1,Tienda,Estándar,1633.74,6,3,2026-02-05,Sí
CLI-007799,CTR-007799,18,Zaragoza,45,24.27,Aplicación,Premium,2599.76,1,3,2022-12-05,Sí
CLI-004347,CTR-004347,33,Sevilla,11,92.44,Web,Básico,2965.47,0,6,2025-10-09,Sí
CLI-008272,CTR-008272,58,Barcelona,96,64.69,Aplicación,Estándar,752.74,6,,2018-09-03,No
CLI-004996,CTR-004996,48,Barcelona,81,30.41,Aplicación,Básico,3844.48,3,6,2019-12-02,No
CLI-006572,CTR-006572,48,Valencia,89,55.07,Teléfono,Estándar,,0,,2019-04-20,No
CLI-001250,CTR-001250,45,Madrid,3,83.03,Web,Estándar,2530.21,5,6,2026-06-05,Sí
CLI-009626,CTR-009626,57,Sevilla,73,71.75,Web,Premium,4103.14,4,,2020-08-23,No
CLI-002961,CTR-002961,49,Madrid,64,70.94,Aplicación,Estándar,3976.93,3,,2021-05-07,No
CLI-005924,CTR-005924,36,Sevilla,72,43.65,Tienda,Estándar,2870.23,2,7,2020-09-05,No
CLI-002100,CTR-002100,51,Murcia,38,88.72,Tienda,Premium,3543.83,3,,2023-07-28,No
CLI-000367,CTR-000367,20,Madrid,14,59.18,Web,Premium,2816.3,4,,2025-07-24,Sí
CLI-002508,CTR-002508,35,Madrid,28,62.82,Teléfono,Básico,3681.2,0,7,2024-05-27,No
CLI-002001,CTR-002001,26,Madrid,11,79,Aplicación,Premium,3296.58,4,,2025-10-21,Sí
CLI-000793,CTR-000793,31,Madrid,19,23.23,Aplicación,Básico,931.39,5,9,2025-02-07,Sí
CLI-000143,CTR-000143,49,Madrid,45,57.35,Web,Empresa,1326.95,1,,2022-12-10,Sí
CLI-001309,CTR-001309,46,Barcelona,71,40.37,Aplicación,Básico,3270.65,1,6,2020-10-26,No
CLI-006746,CTR-006746,49,Madrid,29,88.18,Tienda,Básico,2824.99,1,8,2024-04-04,No
CLI-002666,CTR-002666,41,Barcelona,58,63.3,Aplicación,Estándar,1529.91,0,7,2021-11-22,No
CLI-003176,CTR-003176,30,Madrid,17,62.72,Web,Estándar,3044.88,6,4,2025-04-17,Sí
CLI-003546,CTR-003546,45,Zaragoza,24,58.17,Web,Estándar,2116.07,4,7,2024-09-22,No
CLI-005369,CTR-005369,38,Zaragoza,41,47.51,WEB,Premium,2080,2,10,2023-04-06,No
CLI-004818,CTR-004818,26,Málaga,20,42.45,Web,Estándar,2815.17,4,5,2025-01-04,Sí
CLI-006092,CTR-006092,39,Valencia,94,74.23,Web,Estándar,,4,8,2018-11-09,No
CLI-000664,CTR-000664,57,Barcelona,16,43.27,Tienda,Estándar,750,4,,2025-05-27,Sí
CLI-006948,CTR-006948,22,Zaragoza,10,91.03,Tienda,Premium,1716.67,3,,2025-11-15,Sí
CLI-003781,CTR-003781,45,Valencia,40,59.04,Web,Básico,2692.12,2,7,2023-05-13,No
CLI-007577,CTR-007577,23,Alicante,50,14.52,Tienda,Estándar,,0,8,2022-07-05,No
CLI-008556,CTR-008556,37,Valencia,92,77.41,Teléfono,Estándar,3541.31,2,7,2019-01-08,No
CLI-005430,CTR-005430,31,Barcelona,42,65.35,Tienda,Estándar,2889.83,2,7,2023-03-19,No
CLI-001634,CTR-001634,22,Valencia,82,43.65,Web,Premium,,0,6,2019-11-24,No
CLI-009437,CTR-009437,37,Madrid,38,35.85,Tienda,Premium,,0,8,2023-07-27,No
CLI-008826,CTR-008826,50,Málaga,27,92.39,Web,Estándar,2529.6,4,6,2024-06-05,No
CLI-002402,CTR-002402,19,Madrid,58,55.82,Aplicación,Básico,3760.73,3,7,2021-11-13,No
CLI-002333,CTR-002333,18,Barcelona,19,75.42,Aplicación,Básico,2966.29,6,,2025-02-02,Sí
CLI-008992,CTR-008992,36,Zaragoza,1,70.56,Teléfono,Empresa,1055.16,5,6,2026-08-25,Sí
CLI-003878,CTR-003878,23,Madrid,38,96.02,Aplicación,Premium,3056.76,5,6,2023-07-21,Sí
CLI-005647,CTR-005647,35,Madrid,45,23.98,Web,Básico,1579.8,5,2,2022-12-10,Sí
CLI-001540,CTR-001540,32,Barcelona,21,45.95,Web,Básico,2977.88,5,,2024-12-28,Sí
CLI-002759,CTR-002759,34,Málaga,51,34.78,Web,Estándar,2313.64,0,7,2022-06-17,No
CLI-001166,CTR-001166,29,Zaragoza,24,78.29,Teléfono,Estándar,2993.36,0,9,2024-09-01,No
CLI-002671,CTR-002671,38,Sevilla,82,53.38,Web,Básico,3117.38,2,7,2019-11-13,No
CLI-003299,CTR-003299,51,Alicante,46,73.97,Teléfono,Básico,,8,3,2022-11-13,Sí
CLI-002409,CTR-002409,29,Barcelona,46,76.73,Web,Estándar,2360.22,3,4,2022-11-17,Sí
CLI-002556,CTR-002556,54,Murcia,22,84.51,Aplicación,Básico,1856.28,5,5,2024-11-02,No
CLI-003219,CTR-003219,41,Barcelona,22,95.3,Tienda,Estándar,2913.19,6,,2024-11-15,Sí
CLI-006854,CTR-006854,32,Barcelona,15,93.6,Aplicación,Estándar,1360.15,5,,2025-06-11,Sí
CLI-000535,CTR-000535,42,Murcia,39,40.83,Tienda,Básico,2616.26,1,4,2023-06-10,Sí
CLI-009356,CTR-009356,63,Barcelona,37,60.18,Tienda,Estándar,2868.07,4,7,2023-08-11,Sí
CLI-009556,CTR-009556,28,Barcelona,19,88,Aplicación,Estándar,2841.31,1,5,2025-02-11,Sí
CLI-001543,CTR-001543,36,Barcelona,59,91.87,Tienda,Básico,2484.14,4,,2021-10-18,No
CLI-008017,CTR-008017,39,Madrid,18,76.25,Web,Empresa,3156.87,1,,2025-03-04,No
CLI-007275,CTR-007275,62,Barcelona,31,37.44,Tienda,Premium,2210.84,8,6,2024-02-27,Sí
CLI-001056,CTR-001056,43,Valencia,27,66.42,Teléfono,Estándar,2691.89,1,8,2024-06-05,No
CLI-000868,CTR-000868,49,Madrid,37,87,,Estándar,3172.31,2,,2023-08-08,No
CLI-002013,CTR-002013,23,Sevilla,37,48.73,Tienda,Premium,2801.28,0,7,2023-08-08,No
CLI-003371,CTR-003371,57,Zaragoza,17,58.6,Tienda,Premium,,1,2,2025-04-08,Sí
CLI-009644,CTR-009644,58,Zaragoza,47,77.94,Tienda,Estándar,,3,,2022-10-03,No
CLI-001148,CTR-001148,35,Sevilla,13,73.6,Aplicación,Empresa,756.29,8,,2025-08-17,Sí
CLI-007273,CTR-007273,54,Málaga,37,111.64,Tienda,Estándar,,1,,2023-08-21,No
CLI-006098,CTR-006098,41,Barcelona,53,83.79,Tienda,Básico,3087.07,4,6,2022-04-21,No
CLI-003635,CTR-003635,41,Sevilla,2,73.08,Teléfono,Básico,1480.52,2,8,2026-07-01,Sí
CLI-002167,CTR-002167,35,Barcelona,30,21.13,Tienda,Básico,,6,,2024-03-11,Sí
CLI-008190,CTR-008190,62,Sevilla,96,65.37,Teléfono,Estándar,2497.15,3,6,2018-09-20,No
CLI-008424,CTR-008424,52,Zaragoza,16,64.09,Tienda,Estándar,750,1,8,2025-05-12,No
CLI-007248,CTR-007248,19,Barcelona,35,48.17,Web,Estándar,750,5,5,2023-10-26,Sí
CLI-007611,CTR-007611,54,Zaragoza,18,26.02,Web,Estándar,3488.86,5,,2025-03-12,No
CLI-002020,CTR-002020,31,Barcelona,10,78.99,Tienda,Estándar,4095.39,7,3,2025-11-25,Sí
CLI-001209,CTR-001209,42,Valencia,94,47.61,Teléfono,Estándar,2226.39,3,9,2018-11-14,No
CLI-005524,CTR-005524,27,Barcelona,46,52.63,Tienda,Estándar,,1,4,2022-11-14,No
CLI-008563,CTR-008563,43,Zaragoza,8,50.35,Teléfono,Básico,,2,7,2026-01-03,No
CLI-006356,CTR-006356,31,Murcia,52,71.65,Teléfono,Premium,3447.42,2,8,2022-05-27,No
CLI-003798,CTR-003798,30,Madrid,9,52.66,Web,Básico,1753.66,5,,2025-12-27,Sí
CLI-002712,CTR-002712,21,Barcelona,26,62.84,Tienda,Premium,1604.27,0,,2024-07-16,No
CLI-002039,CTR-002039,55,Murcia,4,9.9,Web,Premium,1183.35,2,5,2026-05-04,Sí
CLI-002598,CTR-002598,44,Murcia,47,60.35,Tienda,Estándar,2210.75,6,6,2022-10-15,Sí
CLI-005915,CTR-005915,51,Madrid,58,71.32,Teléfono,Estándar,,1,,2021-11-07,No
CLI-004101,CTR-004101,48,Barcelona,10,54.66,Web,Premium,2421.37,4,,2025-11-15,Sí
CLI-006255,CTR-006255,50,Alicante,10,47.3,Web,Básico,2888.64,1,7,2025-11-09,No
CLI-003594,CTR-003594,58,Madrid,15,67.3,Aplicación,Empresa,1642.18,5,,2025-06-23,Sí
CLI-001436,CTR-001436,38,Madrid,35,42.01,Aplicación,Básico,1630.07,4,3,2023-10-25,Sí
CLI-004679,CTR-004679,58,Málaga,73,59.32,Tienda,Básico,3024.94,2,5,2020-08-18,No
CLI-008619,CTR-008619,61,Alicante,30,74.57,Tienda,Básico,2786.43,7,10,2024-03-15,Sí
CLI-009298,CTR-009298,25,Sevilla,6,52.94,Tienda,Básico,3014.88,6,5,2026-03-01,Sí
CLI-000420,CTR-000420,23,Sevilla,26,50.78,Web,Básico,2352.14,5,2,2024-07-12,Sí
CLI-005014,CTR-005014,43,Valencia,76,37.97,Tienda,Estándar,3026.96,4,8,2020-05-24,No
CLI-007505,CTR-007505,52,Madrid,30,68.47,Web,Estándar,1692.1,4,,2024-03-12,Sí
CLI-007610,CTR-007610,36,Barcelona,29,52.43,Teléfono,Estándar,2996.94,3,6,2024-04-16,No
CLI-000615,CTR-000615,36,Madrid,86,99.8,Web,Premium,1115.18,2,8,2019-07-06,No
CLI-007263,CTR-007263,45,Valencia,38,72.06,Web,Estándar,2185.1,1,4,2023-07-12,No
CLI-005063,CTR-005063,31,Madrid,40,61.69,Teléfono,Básico,,2,6,2023-05-16,Sí
CLI-007199,CTR-007199,43,Valencia,11,83.68,Web,Premium,1461.35,4,5,2025-10-09,Sí
CLI-004128,CTR-004128,18,Barcelona,10,65.06,Aplicación,Básico,2872.32,3,,2025-11-11,Sí
CLI-002138,CTR-002138,44,Barcelona,12,85.92,Tienda,Estándar,,4,7,2025-09-05,Sí
CLI-005403,CTR-005403,48,Madrid,55,43.65,Web,Estándar,2656.84,3,7,2022-02-15,No
CLI-009307,CTR-009307,44,Alicante,22,96.22,Web,Estándar,1131.21,6,6,2024-11-07,Sí
CLI-000227,CTR-000227,51,Valencia,65,84.96,Tienda,Premium,2526.04,2,10,2021-04-11,No
CLI-006519,CTR-006519,37,Madrid,46,30.24,Aplicación,Básico,2342.43,0,9,2022-11-08,No
CLI-000567,CTR-000567,45,Barcelona,42,79.83,Web,Estándar,,6,4,2023-03-23,Sí
CLI-007178,CTR-007178,22,Barcelona,42,70.42,web,Premium,3173.68,3,5,2023-03-19,Sí
CLI-009344,CTR-009344,36,Madrid,40,51.53,Tienda,Premium,3755.23,6,7,2023-05-18,No
CLI-009269,CTR-009269,63,Madrid,94,47.58,Tienda,Premium,3432.68,3,7,2018-11-01,No
CLI-003434,CTR-003434,32,Barcelona,53,29,Aplicación,Empresa,3024.29,0,,2022-04-19,No
CLI-002531,CTR-002531,39,Madrid,48,69.88,Teléfono,Estándar,,8,3,2022-09-24,Sí
CLI-007040,CTR-007040,33,Barcelona,6,89.33,Tienda,Empresa,964.29,2,3,2026-03-26,Sí
CLI-001084,CTR-001084,28,Alicante,61,58.24,Aplicación,Estándar,2699.43,0,,2021-08-13,No
CLI-009815,CTR-009815,43,Madrid,22,54.2,Web,Estándar,2513.13,6,,2024-11-22,Sí
CLI-001235,CTR-001235,56,Valencia,54,98.95,WEB,Premium,3446.66,2,,2022-03-02,No
CLI-009326,CTR-009326,47,Sevilla,20,44.86,Tienda,Premium,1869.7,2,,2025-01-19,No
CLI-006428,CTR-006428,19,Murcia,36,33.33,Aplicación,Premium,2172.9,4,5,2023-09-06,Sí
CLI-008509,CTR-008509,70,Madrid,22,76.33,Tienda,Básico,2694.03,2,6,2024-11-21,No
CLI-000010,CTR-000010,56,Madrid,39,39.31,Tienda,Estándar,2509.88,3,8,2023-06-20,No
CLI-002688,CTR-002688,53,Murcia,4,105.08,Tienda,Estándar,1898.91,7,3,2026-05-28,Sí
CLI-000396,CTR-000396,61,Valencia,14,56.15,Teléfono,Básico,,0,8,2025-07-12,No
CLI-005492,CTR-005492,31,Alicante,28,30.29,Web,Premium,,3,6,2024-05-06,No
CLI-001141,CTR-001141,47,Alicante,40,61.4,Teléfono,Estándar,1523.27,0,4,2023-05-24,No
CLI-002934,CTR-002934,41,Sevilla,30,79.57,Tienda,Premium,1793.73,5,3,2024-03-03,Sí
CLI-004241,CTR-004241,40,Madrid,13,72.27,Teléfono,Estándar,2943.64,8,7,2025-08-08,Sí
CLI-005925,CTR-005925,63,Valencia,42,79.98,Aplicación,Premium,3439.95,3,8,2023-03-20,Sí
CLI-008577,CTR-008577,42,Madrid,49,52.63,Web,Estándar,,5,6,2022-08-12,No
CLI-008934,CTR-008934,66,Alicante,58,31.81,WEB,Básico,2934.25,1,7,2021-11-04,No
CLI-003236,CTR-003236,47,Valencia,77,89.25,Web,Estándar,,4,9,2020-04-04,No
CLI-000624,CTR-000624,43,Murcia,20,55.06,Tienda,Premium,3566.97,0,7,2025-01-19,No
CLI-006878,CTR-006878,52,Madrid,22,62.93,Web,Premium,4199.08,0,4,2024-11-04,No
CLI-003825,CTR-003825,19,Madrid,11,94.82,Teléfono,Básico,2792.18,3,8,2025-10-11,No
CLI-001346,CTR-001346,50,Valencia,45,34.48,Web,Premium,2327.87,2,,2022-12-20,Sí
CLI-000055,CTR-000055,25,Sevilla,28,71.36,Tienda,Estándar,1709.18,2,6,2024-05-07,Sí
CLI-000343,CTR-000343,18,Málaga,29,57.58,Aplicación,Estándar,2643.74,5,4,2024-04-19,Sí
CLI-009255,CTR-009255,46,Alicante,45,61.05,Teléfono,Básico,,4,,2022-12-08,Sí
CLI-002401,CTR-002401,42,Barcelona,66,77.18,Tienda,Básico,2763.83,1,8,2021-03-13,No
CLI-005786,CTR-005786,56,Valencia,45,81.05,Tienda,Estándar,5165.64,0,10,2022-12-24,No
CLI-005630,CTR-005630,18,Valencia,24,9.9,Aplicación,Estándar,2937.45,0,,2024-09-02,No
CLI-004895,CTR-004895,19,Málaga,32,67.04,Tienda,Estándar,4010.38,3,9,2024-01-08,No
CLI-007880,CTR-007880,39,Barcelona,10,10.06,Aplicación,Estándar,1670.29,2,6,2025-11-19,No
CLI-009165,CTR-009165,45,Madrid,58,66.35,Teléfono,Estándar,1304.4,5,,2021-11-09,No
CLI-005152,CTR-005152,65,Madrid,27,147.11,Aplicación,Básico,8234.85,0,9,2024-06-25,No
CLI-006001,CTR-006001,47,Madrid,48,59.74,Tienda,Básico,3497.41,4,,2022-09-07,Sí
CLI-006329,CTR-006329,36,Valencia,5,72.54,Teléfono,Estándar,2033.67,8,7,2026-04-03,Sí
CLI-004298,CTR-004298,38,Málaga,6,41.83,Teléfono,Básico,1468.68,2,8,2026-03-10,No
CLI-001693,CTR-001693,29,Alicante,8,35.19,Web,Estándar,3293.75,3,7,2026-01-21,Sí
CLI-002732,CTR-002732,42,Madrid,40,40.55,Web,Básico,3733.33,3,7,2023-05-22,No
CLI-004563,CTR-004563,50,Madrid,70,38.4,Web,Estándar,1721.55,2,7,2020-11-07,No
CLI-004720,CTR-004720,43,Madrid,64,34.94,Web,Básico,2039.67,1,,2021-05-14,No
CLI-009111,CTR-009111,39,Málaga,65,36.14,Teléfono,Empresa,3830.55,4,,2021-04-23,No
CLI-008331,CTR-008331,36,Barcelona,35,91.79,Tienda,Estándar,1575.89,6,,2023-10-26,Sí
CLI-003002,CTR-003002,36,Madrid,81,91.88,Teléfono,Básico,2130.25,4,6,2019-12-23,No
CLI-008705,CTR-008705,48,Madrid,48,74.79,Web,Estándar,1577.18,2,,2022-09-13,No
CLI-002736,CTR-002736,60,Madrid,48,58.85,Tienda,Estándar,,0,7,2022-09-09,No
CLI-008312,CTR-008312,30,Murcia,36,67.01,Teléfono,Básico,2130.42,7,5,2023-09-03,Sí
CLI-005381,CTR-005381,40,Valencia,41,56.31,Tienda,Premium,,3,,2023-04-02,Sí
CLI-000590,CTR-000590,49,Madrid,50,63.02,Aplicación,Básico,1522.93,0,8,2022-07-26,No
CLI-005171,CTR-005171,38,Alicante,46,50.93,web,Estándar,2553.8,7,,2022-11-18,Sí
CLI-006653,CTR-006653,55,Barcelona,92,43,Web,Empresa,2877.4,3,8,2019-01-26,No
CLI-006107,CTR-006107,58,Alicante,75,26.2,Tienda,Premium,3623.62,2,4,2020-06-20,No
CLI-003276,CTR-003276,25,Madrid,12,74.36,Aplicación,Premium,,1,,2025-09-22,No
CLI-008897,CTR-008897,49,Alicante,14,81.83,Web,Empresa,1903.6,3,5,2025-07-15,Sí
CLI-003022,CTR-003022,42,Valencia,29,70.98,Tienda,Estándar,3291.47,3,4,2024-04-26,Sí
CLI-003574,CTR-003574,50,Sevilla,46,101.3,Tienda,Básico,2525.07,4,4,2022-11-24,Sí
CLI-002905,CTR-002905,41,Alicante,50,74.42,Web,Estándar,2440.56,0,10,2022-07-24,No
CLI-000085,CTR-000085,44,Madrid,41,73.82,Web,Empresa,2793.08,5,,2023-04-22,Sí
CLI-008359,CTR-008359,36,Valencia,21,73.19,Tienda,Premium,1987.66,4,5,2024-12-22,No
CLI-006036,CTR-006036,45,Murcia,33,60.44,Tienda,Estándar,2676.37,5,1,2023-12-08,Sí
CLI-008543,CTR-008543,49,Murcia,38,14.63,Aplicación,Premium,,7,,2023-07-25,Sí
CLI-004762,CTR-004762,41,Sevilla,27,49.01,Aplicación,Empresa,2699.65,3,,2024-06-27,No
CLI-002767,CTR-002767,42,Zaragoza,55,77.56,Aplicación,Básico,1912.33,3,8,2022-02-03,No
CLI-008188,CTR-008188,49,Barcelona,12,57.8,Tienda,Básico,1581.51,5,,2025-09-19,No
CLI-007078,CTR-007078,42,Valencia,20,54.28,Web,Estándar,2760.44,6,8,2025-01-04,No
CLI-005587,CTR-005587,33,Madrid,75,52.39,Web,Premium,,0,,2020-06-01,No
CLI-004066,CTR-004066,54,Madrid,89,39.11,Web,Estándar,4462.01,0,10,2019-04-11,No
CLI-003237,CTR-003237,35,Murcia,13,33.89,Tienda,Básico,1522.04,0,,2025-08-17,No
CLI-006164,CTR-006164,41,Barcelona,22,78.4,Web,Premium,1550.33,2,4,2024-11-22,Sí
CLI-001093,CTR-001093,48,Madrid,20,52.73,Web,Premium,2827.14,5,,2025-01-06,Sí
CLI-005806,CTR-005806,32,Madrid,51,20.4,WEB,Premium,2517.47,3,,2022-06-11,No
CLI-004069,CTR-004069,24,Madrid,58,53.53,Web,Premium,2864.46,2,6,2021-11-17,No
CLI-004769,CTR-004769,35,Barcelona,75,65.91,Web,Empresa,2399.71,5,,2020-06-14,No
CLI-004337,CTR-004337,50,Madrid,95,45.18,Aplicación,Premium,,0,9,2018-10-03,No
CLI-004591,CTR-004591,44,Sevilla,89,46.32,Teléfono,Estándar,,1,,2019-04-03,No
CLI-002442,CTR-002442,30,Madrid,40,109.62,Tienda,Empresa,2154.75,4,5,2023-05-20,Sí
CLI-004693,CTR-004693,33,Alicante,59,48.19,Web,Básico,2710.28,0,,2021-10-23,No
CLI-009829,CTR-009829,49,Barcelona,19,66.03,Web,Estándar,1686.28,0,2,2025-02-13,Sí
CLI-001895,CTR-001895,18,Madrid,12,76.83,Web,Premium,,4,4,2025-09-16,Sí
CLI-003706,CTR-003706,42,Zaragoza,35,36.63,Tienda,Básico,2310.51,0,6,2023-10-25,No
CLI-000863,CTR-000863,41,Zaragoza,16,101.68,Web,Estándar,2008.77,1,6,2025-05-16,Sí
CLI-009550,CTR-009550,30,Sevilla,74,97.99,Tienda,Estándar,750,0,,2020-07-09,No
CLI-008319,CTR-008319,27,Barcelona,43,57.56,Web,Premium,1710.9,8,2,2023-02-05,Sí
CLI-005113,CTR-005113,44,Madrid,20,74.44,Tienda,Estándar,3004.16,4,4,2025-01-10,Sí
CLI-003006,CTR-003006,21,Valencia,38,61.02,Web,Premium,,4,7,2023-07-06,No
CLI-000180,CTR-000180,57,Alicante,68,38.26,Tienda,Básico,2499.93,1,9,2021-01-07,No
CLI-005536,CTR-005536,32,Barcelona,9,35.1,Web,Empresa,3150.91,2,6,2025-12-13,Sí
CLI-003682,CTR-003682,18,Madrid,33,68.1,Teléfono,Premium,,6,5,2023-12-28,Sí
CLI-002940,CTR-002940,31,Zaragoza,24,100.69,Tienda,Empresa,,2,4,2024-09-02,Sí
CLI-004472,CTR-004472,36,Valencia,8,80.93,Aplicación,Estándar,2198.46,0,7,2026-01-24,No
CLI-001866,CTR-001866,53,Murcia,68,67.13,Aplicación,Estándar,3353.01,2,8,2021-01-21,No
CLI-000095,CTR-000095,51,Málaga,37,78.08,Tienda,Básico,3984.57,1,,2023-08-08,No
CLI-001104,CTR-001104,32,Murcia,15,44.15,Web,Empresa,1735.33,2,,2025-06-11,No
CLI-001054,CTR-001054,43,Alicante,48,42.05,Aplicación,Estándar,2441.57,1,7,2022-09-07,No
CLI-000708,CTR-000708,34,Valencia,11,18.01,Tienda,Estándar,1789.15,7,6,2025-10-07,Sí
CLI-004927,CTR-004927,18,Madrid,39,64,Aplicación,Básico,1155.62,2,7,2023-06-08,Sí
CLI-001881,CTR-001881,51,Madrid,26,53.01,Aplicación,Estándar,2267.49,0,6,2024-07-14,No
CLI-000522,CTR-000522,54,Valencia,88,31.16,Aplicación,Básico,2957.02,0,9,2019-05-25,No
CLI-003640,CTR-003640,57,Madrid,34,115.16,Web,Estándar,,7,,2023-11-02,Sí
CLI-008863,CTR-008863,36,Valencia,85,67.46,Web,Empresa,2468.85,4,,2019-08-14,No
CLI-002157,CTR-002157,31,Málaga,14,82,Teléfono,Básico,3033.63,5,8,2025-07-01,No
CLI-009005,CTR-009005,49,Alicante,21,42.3,Web,Estándar,1748.79,4,,2024-12-08,Sí
CLI-003470,CTR-003470,53,Madrid,95,61.46,Tienda,Premium,1539.57,2,6,2018-10-04,No
CLI-003088,CTR-003088,32,Málaga,46,74.12,Tienda,Empresa,2981.18,2,10,2022-11-13,Sí
CLI-000002,CTR-000002,45,Sevilla,42,62.8,Web,Estándar,1568.17,6,,2023-03-22,Sí
CLI-006545,CTR-006545,72,Madrid,26,48.12,Tienda,Estándar,2262.84,7,5,2024-07-18,Sí
CLI-009407,CTR-009407,44,Barcelona,92,99.17,Tienda,Básico,,2,,2019-01-16,No
CLI-006901,CTR-006901,37,Madrid,15,64.64,Web,Premium,3860.51,0,6,2025-06-16,No
CLI-005733,CTR-005733,29,Murcia,47,68.92,Web,Básico,750,3,5,2022-10-11,Sí
CLI-004887,CTR-004887,41,Alicante,39,59.59,web,Básico,3692.99,1,8,2023-06-04,No
CLI-007803,CTR-007803,46,Valencia,16,33.2,Aplicación,Estándar,1909.8,0,7,2025-05-12,No
CLI-005338,CTR-005338,47,Sevilla,78,33.73,Teléfono,Premium,,1,5,2020-03-12,No
CLI-002258,CTR-002258,32,Barcelona,90,56.45,Web,Básico,1305.56,2,6,2019-03-22,No
CLI-004092,CTR-004092,46,Sevilla,82,59.26,Aplicación,Premium,,1,8,2019-11-09,No
CLI-008812,CTR-008812,56,Madrid,96,25.16,Web,Básico,3505.07,1,10,2018-09-15,No
CLI-003034,CTR-003034,45,Málaga,47,87.57,Web,Estándar,1946.49,4,7,2022-10-25,Sí
CLI-001586,CTR-001586,39,Barcelona,1,72.93,Web,Premium,1702.85,5,,2026-08-03,Sí
CLI-008250,CTR-008250,45,Murcia,79,76.96,Web,Premium,4508.95,4,6,2020-02-08,No
CLI-002428,CTR-002428,37,Sevilla,1,73.16,,Estándar,,1,5,2026-08-01,Sí
CLI-007800,CTR-007800,36,Barcelona,47,56.69,Web,Premium,3126.39,2,8,2022-10-06,No
CLI-007989,CTR-007989,53,Madrid,46,80,Tienda,Premium,,3,,2022-11-14,Sí
CLI-009038,CTR-009038,29,Málaga,20,62.34,Web,Empresa,,1,,2025-01-02,No
CLI-007271,CTR-007271,42,Zaragoza,68,63.09,Web,Estándar,2787.78,0,8,2021-01-24,No
CLI-004275,CTR-004275,42,Zaragoza,18,32.73,WEB,Estándar,2360.14,3,6,2025-03-13,Sí
CLI-001704,CTR-001704,52,Madrid,67,88.78,Web,Básico,4619.65,2,7,2021-02-23,No
CLI-008170,CTR-008170,33,Madrid,34,78.44,Web,Básico,4264.61,1,,2023-11-01,No
CLI-002446,CTR-002446,18,Alicante,35,44.94,Aplicación,Básico,3899.69,3,8,2023-10-11,No
CLI-008820,CTR-008820,38,Madrid,5,70.93,Tienda,Estándar,,5,,2026-04-10,Sí
CLI-003214,CTR-003214,34,Málaga,21,54.3,Tienda,Estándar,2940.78,3,4,2024-12-14,Sí
CLI-001483,CTR-001483,42,Barcelona,1,81.1,Tienda,Estándar,1498.38,3,4,2026-08-20,Sí
CLI-006127,CTR-006127,24,Sevilla,46,105.08,Web,Básico,2057.03,5,5,2022-11-11,Sí
CLI-007026,CTR-007026,36,Madrid,86,53.41,Tienda,Estándar,3176.32,1,,2019-07-09,No
CLI-007071,CTR-007071,52,Alicante,16,97.55,Web,Estándar,3696.19,4,3,2025-05-08,Sí
CLI-000482,CTR-000482,69,Valencia,96,34.27,Tienda,Estándar,3061.01,1,,2018-09-09,No
CLI-001501,CTR-001501,45,Madrid,8,42.29,web,Premium,3830.9,2,,2026-01-18,No
CLI-001657,CTR-001657,51,Zaragoza,31,47.94,Teléfono,Empresa,4286.98,1,,2024-02-25,No
CLI-000676,CTR-000676,54,Madrid,8,15.54,Aplicación,Básico,2328.16,0,8,2026-01-08,No
CLI-009291,CTR-009291,37,Málaga,70,63.51,Tienda,Estándar,2059.28,2,,2020-11-08,No
CLI-002840,CTR-002840,42,Murcia,45,39.47,Aplicación,Premium,2128.38,1,5,2022-12-13,No
CLI-005350,CTR-005350,49,Valencia,76,37.83,WEB,Premium,2109.55,2,,2020-05-05,No
CLI-003171,CTR-003171,28,Valencia,87,50.8,Web,Básico,3383.68,2,7,2019-06-23,No
CLI-009261,CTR-009261,35,Barcelona,42,70.25,Aplicación,Básico,2926.65,5,,2023-03-05,Sí
CLI-004585,CTR-004585,42,Alicante,8,48.81,Teléfono,Básico,2160.22,4,4,2026-01-27,Sí
CLI-003158,CTR-003158,45,Sevilla,39,73.47,Aplicación,Estándar,,2,6,2023-06-17,Sí
CLI-009502,CTR-009502,37,Sevilla,69,45.18,Aplicación,Estándar,1998.83,2,10,2020-12-24,No
CLI-006040,CTR-006040,36,Zaragoza,41,59.33,Teléfono,Estándar,2333,3,8,2023-04-13,Sí
CLI-001908,CTR-001908,27,Madrid,27,93.74,Web,Estándar,,6,,2024-06-17,Sí
CLI-006969,CTR-006969,52,Sevilla,46,34.49,Teléfono,Empresa,2932.26,0,8,2022-11-19,No
CLI-003322,CTR-003322,36,Valencia,27,74.26,,Básico,,1,5,2024-06-08,Sí
CLI-007387,CTR-007387,36,Barcelona,31,88.41,Web,Básico,1471.91,2,8,2024-02-11,No
CLI-000149,CTR-000149,25,Madrid,27,56.01,Tienda,Estándar,2417.66,0,5,2024-06-25,Sí
CLI-005150,CTR-005150,52,Barcelona,34,94.21,Web,Premium,2272.48,2,9,2023-11-05,No
CLI-007223,CTR-007223,48,Madrid,27,83,Tienda,Premium,3884.27,5,6,2024-06-08,Sí
CLI-000534,CTR-000534,52,Sevilla,24,52.36,Web,Premium,2479,2,8,2024-09-06,No
CLI-008172,CTR-008172,48,Madrid,70,71.26,Tienda,Estándar,1613.65,1,10,2020-11-01,No
CLI-009478,CTR-009478,46,Madrid,86,57.6,Teléfono,Empresa,3370.95,1,8,2019-07-11,No
CLI-007690,CTR-007690,28,Madrid,17,60.78,Web,Básico,,6,,2025-04-27,Sí
CLI-000495,CTR-000495,52,Valencia,71,58.61,Web,Premium,808.15,3,7,2020-10-10,No
CLI-003631,CTR-003631,42,Málaga,74,90.5,Web,Estándar,2320.01,1,9,2020-07-06,No
CLI-009002,CTR-009002,41,Zaragoza,10,69.31,Teléfono,Premium,2652.55,3,5,2025-11-08,Sí
CLI-006798,CTR-006798,49,Málaga,14,42.08,Teléfono,Premium,2429.57,6,9,2025-07-21,No
CLI-006696,CTR-006696,32,Alicante,8,71.67,Teléfono,Empresa,2183.95,5,5,2026-01-18,Sí
CLI-002453,CTR-002453,34,Valencia,59,50.91,Web,Premium,,4,,2021-10-07,No
CLI-004550,CTR-004550,49,Madrid,80,80.3,Web,Estándar,3809.69,1,6,2020-01-14,No
CLI-000544,CTR-000544,38,Málaga,18,45.81,Web,Estándar,,0,,2025-03-13,No
CLI-000687,CTR-000687,46,Barcelona,86,85.14,Teléfono,Premium,2732.28,3,7,2019-07-23,No
CLI-002353,CTR-002353,43,Madrid,19,69.71,Tienda,Empresa,1666.94,2,6,2025-02-27,Sí
CLI-000035,CTR-009885,42,Madrid,84,64.19,Tienda,Básico,,3,,2019-09-18,No
CLI-007863,CTR-007863,19,Alicante,69,87.1,Tienda,Estándar,2573.25,1,5,2020-12-11,No
CLI-006785,CTR-006785,22,Murcia,38,54.71,Teléfono,Estándar,1581.59,0,,2023-07-13,Sí
CLI-003572,CTR-003572,28,Sevilla,32,38.47,Teléfono,Empresa,,4,7,2024-01-21,No
CLI-005116,CTR-005116,38,Madrid,44,68.73,Web,Premium,1887.67,6,,2023-01-23,Sí
CLI-004963,CTR-004963,26,Madrid,14,69.21,Tienda,Estándar,3106.66,3,,2025-07-01,Sí
CLI-003073,CTR-003073,64,Málaga,11,71.36,Tienda,Premium,2021.86,5,,2025-10-05,Sí
CLI-000264,CTR-000264,43,Madrid,40,56.34,Web,Premium,,6,8,2023-05-27,Sí
CLI-006088,CTR-006088,70,Valencia,80,73.05,Tienda,Premium,,4,6,2020-01-02,No
CLI-005122,CTR-005122,32,Sevilla,18,43.48,Tienda,Básico,2834.76,3,9,2025-03-28,No
CLI-002724,CTR-002724,34,Málaga,37,49.03,Web,Estándar,1049.12,6,,2023-08-12,Sí
CLI-008707,CTR-008707,52,Barcelona,92,91.64,Web,Empresa,4533.64,2,8,2019-01-13,No
CLI-009444,CTR-009444,56,Sevilla,20,70.93,Aplicación,Estándar,2709.16,2,4,2025-01-12,Sí
CLI-005616,CTR-005616,38,Madrid,62,71.54,Tienda,Estándar,796.9,4,,2021-07-05,No
CLI-003089,CTR-003089,51,Madrid,92,76.52,Tienda,Básico,2097.86,4,8,2019-01-12,No
CLI-001829,CTR-001829,39,Sevilla,8,90.29,Web,Estándar,,3,7,2026-01-11,Sí
CLI-005711,CTR-005711,53,Valencia,86,79.46,Teléfono,Premium,,6,,2019-07-18,No
CLI-008792,CTR-008792,43,Zaragoza,95,60.75,Tienda,Básico,3498.09,3,8,2018-10-11,No
CLI-004231,CTR-004231,49,Barcelona,19,68.87,Tienda,Básico,3266.5,2,,2025-02-05,No
CLI-001138,CTR-001138,24,Alicante,47,89.39,Tienda,Premium,2400.53,4,3,2022-10-03,Sí
CLI-007020,CTR-007020,36,Barcelona,16,50.4,Teléfono,Estándar,1846.65,4,5,2025-05-05,Sí
CLI-009800,CTR-009800,38,Madrid,14,73.71,Aplicación,Empresa,3183.56,4,5,2025-07-02,No
CLI-007388,CTR-007388,47,Barcelona,47,43.78,Teléfono,Estándar,3295.98,2,6,2022-10-13,No
CLI-001186,CTR-001186,33,Alicante,24,51.65,Aplicación,Estándar,,7,,2024-09-16,Sí
CLI-001137,CTR-001137,38,Murcia,16,58.33,Teléfono,Estándar,3804.41,4,,2025-05-03,Sí
CLI-003697,CTR-003697,48,Zaragoza,86,37.13,Web,Estándar,2229.25,5,10,2019-07-21,No
CLI-000859,CTR-000859,51,Málaga,33,58.99,Teléfono,Estándar,3277.03,5,,2023-12-22,Sí
CLI-001372,CTR-001372,58,Málaga,2,54.85,Teléfono,Básico,2542.03,6,5,2026-07-22,Sí
CLI-003159,CTR-003159,26,Barcelona,29,64.82,Teléfono,Básico,2059.57,5,6,2024-04-04,Sí
CLI-002461,CTR-002461,50,Barcelona,53,68.33,Teléfono,Estándar,,1,7,2022-04-14,No
CLI-000239,CTR-000239,40,Alicante,78,45.64,Aplicación,Premium,3126.14,5,9,2020-03-09,No
CLI-005099,CTR-005099,46,Barcelona,27,81.69,Aplicación,Básico,,0,,2024-06-18,No
CLI-007240,CTR-007240,38,Zaragoza,71,88.63,WEB,Premium,954.77,0,8,2020-10-28,No
CLI-003788,CTR-003788,43,Madrid,60,72.77,Tienda,Estándar,2695.13,0,5,2021-09-18,No
CLI-003403,CTR-003403,42,Málaga,8,86.27,Web,Estándar,2059.43,5,,2026-01-10,Sí
CLI-000295,CTR-000295,48,Barcelona,23,54.02,Tienda,Estándar,2903.28,4,5,2024-10-01,Sí
CLI-003671,CTR-003671,56,Barcelona,12,63.66,WEB,Premium,,6,6,2025-09-28,Sí
CLI-007438,CTR-007438,42,Valencia,76,58.36,Web,Estándar,2202.77,1,8,2020-05-13,No
CLI-007826,CTR-007826,58,Madrid,37,64.71,Tienda,Empresa,2157.5,4,10,2023-08-18,No
CLI-004311,CTR-004311,48,Alicante,15,76.63,Tienda,Premium,3227.15,4,,2025-06-18,No
CLI-001332,CTR-001332,56,Zaragoza,66,41.46,Tienda,Premium,2179.86,2,4,2021-03-02,No
CLI-002911,CTR-002911,18,Barcelona,29,60.41,Web,Estándar,2277.9,3,5,2024-04-15,Sí
CLI-002873,CTR-002873,64,Zaragoza,79,77.18,Web,Estándar,1163.76,1,,2020-02-11,No
CLI-001985,CTR-001985,37,Madrid,24,62.05,Web,Básico,,5,7,2024-09-27,Sí
CLI-007195,CTR-007195,27,Málaga,58,23.9,Web,Empresa,2473.12,2,,2021-11-18,No
CLI-008360,CTR-008360,43,Madrid,69,21.16,Teléfono,Estándar,1535.34,4,8,2020-12-03,No
CLI-004052,CTR-004052,47,Murcia,34,78.53,Tienda,Estándar,952.76,0,5,2023-11-16,No
CLI-007217,CTR-007217,51,Madrid,19,45.06,Tienda,Estándar,2996.47,0,8,2025-02-08,No
CLI-002490,CTR-002490,67,Barcelona,48,37.54,Teléfono,Estándar,1720.34,0,6,2022-09-21,No
CLI-002064,CTR-002064,28,Valencia,12,49.69,Aplicación,Estándar,,0,9,2025-09-05,No
CLI-008401,CTR-008401,38,Valencia,60,49.5,Tienda,Estándar,1888.67,2,7,2021-09-20,No
CLI-005457,CTR-005457,39,Madrid,7,46.55,Aplicación,Básico,2757.93,3,7,2026-02-24,No
CLI-005219,CTR-005219,51,Alicante,89,35.49,Tienda,Básico,,1,8,2019-04-11,No
CLI-004334,CTR-004334,22,Madrid,44,92.12,Aplicación,Estándar,1666.58,2,,2023-01-20,No
CLI-009347,CTR-009347,32,Madrid,4,96.01,Web,Estándar,1828.4,4,7,2026-05-18,Sí
CLI-002860,CTR-002860,33,Alicante,41,68.92,Web,Básico,1789.91,9,7,2023-04-05,Sí
CLI-006583,CTR-006583,47,Barcelona,27,33.09,Web,Premium,1335.79,0,,2024-06-25,No
CLI-008822,CTR-008822,40,Valencia,44,75.95,Tienda,Premium,1696.17,2,6,2023-01-10,Sí
CLI-002557,CTR-002557,44,Barcelona,10,74.09,Tienda,Estándar,3518.35,6,6,2025-11-15,Sí
CLI-001190,CTR-001190,47,Zaragoza,38,85.34,Aplicación,Empresa,1236.11,1,7,2023-07-27,Sí
CLI-008916,CTR-008916,46,Barcelona,40,62.41,Teléfono,Premium,4023.9,3,,2023-05-03,No
CLI-006910,CTR-006910,40,Madrid,23,30.93,Tienda,Empresa,1409.9,0,6,2024-10-12,Sí
CLI-002291,CTR-002291,74,Barcelona,78,83.04,web,Empresa,3510.25,5,5,2020-03-15,No
CLI-005370,CTR-005370,33,Alicante,20,94.3,Web,Básico,2665.58,4,3,2025-01-14,Sí
CLI-005005,CTR-005005,65,Madrid,92,56.72,Tienda,Estándar,2540.59,0,8,2019-01-18,No
CLI-008732,CTR-008732,43,Alicante,21,78.16,Web,Básico,3169.29,4,,2024-12-15,Sí
CLI-009583,CTR-009583,58,Zaragoza,52,64.27,Aplicación,Premium,765.17,5,7,2022-05-22,No
CLI-001629,CTR-001629,38,Sevilla,33,96.54,Web,Empresa,3601.94,0,,2023-12-21,No
CLI-007546,CTR-007546,42,Valencia,43,71.83,Teléfono,Estándar,2844.15,1,4,2023-02-12,Sí
CLI-004641,CTR-004641,36,Zaragoza,42,54.07,Teléfono,Premium,2835.03,8,6,2023-03-13,Sí
CLI-005513,CTR-005513,47,Barcelona,25,66.8,Web,Básico,2513.62,7,,2024-08-07,Sí
CLI-008580,CTR-008580,36,Madrid,20,88.65,Tienda,Estándar,2624.1,0,6,2025-01-21,No
CLI-001711,CTR-001711,38,Alicante,51,32.37,Web,Básico,3206.98,3,6,2022-06-23,No
CLI-003977,CTR-003977,48,Madrid,38,88.8,Web,Básico,,3,5,2023-07-19,No
CLI-001762,CTR-001762,40,Valencia,17,53.76,Web,Básico,2468.18,5,4,2025-04-14,Sí
CLI-000837,CTR-000837,44,Barcelona,43,82.32,Teléfono,Premium,3166.89,5,6,2023-02-06,Sí
CLI-001241,CTR-001241,37,Madrid,6,88.65,Web,Estándar,3946.44,3,,2026-03-12,No
CLI-004434,CTR-004434,48,Murcia,28,45.03,Web,Básico,2303.01,0,,2024-05-21,No
CLI-003124,CTR-003124,38,Málaga,56,45.28,Teléfono,Básico,3161.73,1,7,2022-01-15,No
CLI-003079,CTR-003079,37,Barcelona,94,45.25,Teléfono,Básico,,1,6,2018-11-14,No
CLI-009443,CTR-009443,45,Madrid,21,75.13,Teléfono,Empresa,1078.8,2,10,2024-12-24,No
CLI-005069,CTR-005069,18,Madrid,23,69.82,Tienda,Básico,,4,4,2024-10-02,Sí
CLI-001904,CTR-001904,38,Murcia,80,35.42,Web,Estándar,2708.67,4,,2020-01-17,No
CLI-006193,CTR-006193,41,Madrid,30,36.43,Web,Estándar,2390.53,0,,2024-03-13,No
CLI-003493,CTR-003493,43,Murcia,35,94.37,Web,Estándar,826.24,6,3,2023-10-25,Sí
CLI-006831,CTR-006831,57,Murcia,93,63.54,Web,Premium,1325.45,0,,2018-12-09,No
CLI-009597,CTR-009597,82,Zaragoza,27,47.22,Teléfono,Básico,3310.83,5,,2024-06-21,Sí
CLI-008292,CTR-008292,18,Valencia,28,101.62,web,Estándar,,5,,2024-05-12,Sí
CLI-005911,CTR-005911,48,Valencia,66,54.68,Web,Básico,1048.15,0,7,2021-03-11,No
CLI-003976,CTR-003976,42,Murcia,7,72.24,Tienda,Estándar,2823.52,6,1,2026-02-17,Sí
CLI-007474,CTR-007474,47,Madrid,30,72.16,Web,Básico,1540.07,4,3,2024-03-03,Sí
CLI-008702,CTR-008702,41,Barcelona,65,50.69,Aplicación,Estándar,2469.69,0,10,2021-04-26,No
CLI-003612,CTR-003612,37,Valencia,43,24.88,Web,Estándar,3181.42,0,7,2023-02-15,No
CLI-000879,CTR-000879,47,Valencia,43,88.6,Web,Básico,1429.27,4,5,2023-02-11,Sí
CLI-003611,CTR-003611,53,Barcelona,10,19.04,Web,Estándar,2839.05,3,6,2025-11-17,No
CLI-004869,CTR-004869,18,Barcelona,38,87.8,Web,Empresa,3593.06,5,4,2023-07-17,Sí
CLI-002769,CTR-002769,22,Murcia,48,47.65,Teléfono,Premium,2774.65,0,4,2022-09-02,Sí
CLI-005124,CTR-005124,31,Alicante,36,83.25,Web,Básico,,0,,2023-09-22,No
CLI-005990,CTR-005990,37,Barcelona,46,62.99,Aplicación,Estándar,3312.52,1,7,2022-11-08,No
CLI-006378,CTR-006378,45,Sevilla,7,88.53,Aplicación,Premium,3496.22,7,6,2026-02-18,Sí
CLI-003769,CTR-003769,49,Alicante,81,26.67,Aplicación,Premium,,5,6,2019-12-20,No
CLI-007433,CTR-007433,30,Madrid,27,27.53,Teléfono,Básico,2898.7,0,,2024-06-27,No
CLI-009635,CTR-009635,47,Madrid,24,63.56,Web,Básico,2180.12,3,4,2024-09-26,Sí
CLI-006163,CTR-006163,34,Alicante,27,73.73,Teléfono,Premium,1533.04,7,,2024-06-10,Sí
CLI-009637,CTR-009637,43,Valencia,60,95.17,Tienda,Básico,1828.29,3,7,2021-09-11,No
CLI-009271,CTR-009271,18,Madrid,13,65.29,Aplicación,Básico,,1,,2025-08-09,No
CLI-000139,CTR-000139,18,Valencia,43,61.19,Web,Estándar,,0,6,2023-02-09,Sí
CLI-004410,CTR-004410,54,Valencia,64,41.62,Web,Premium,2526.93,2,9,2021-05-23,No
CLI-006535,CTR-006535,35,Madrid,8,55.05,Teléfono,Estándar,2018.27,2,4,2026-01-09,Sí
CLI-008326,CTR-008326,42,Barcelona,16,69.79,Web,Básico,3495.92,4,6,2025-05-06,Sí
CLI-005781,CTR-005781,39,Valencia,69,61.93,Tienda,Estándar,2565.64,2,,2020-12-21,No
CLI-001305,CTR-001305,57,Barcelona,29,49.51,Web,Premium,1267.31,1,9,2024-04-14,No
CLI-004328,CTR-004328,45,Zaragoza,77,46.92,Teléfono,Estándar,1879.42,0,,2020-04-23,No
CLI-007478,CTR-007478,59,Barcelona,39,77.12,Web,Estándar,2507.75,2,,2023-06-07,Sí
CLI-002954,CTR-002954,29,Barcelona,48,65.38,Aplicación,Premium,2947.68,4,5,2022-09-01,Sí
CLI-001541,CTR-001541,58,Madrid,12,50.1,Web,Básico,,3,7,2025-09-22,No
CLI-000554,CTR-000554,39,Madrid,63,46.2,Web,Básico,,0,,2021-06-17,No
CLI-000413,CTR-000413,35,Sevilla,3,92.93,Teléfono,Premium,1997.55,4,,2026-06-12,Sí
CLI-006777,CTR-006777,22,Valencia,33,33.42,Web,Estándar,750,5,9,2023-12-01,Sí
CLI-008874,CTR-008874,26,Zaragoza,8,59.71,Web,Básico,2015.15,3,,2026-01-24,No
CLI-005358,CTR-005358,35,Madrid,40,55.08,Aplicación,Básico,4351.93,2,,2023-05-13,No
CLI-004438,CTR-004438,37,Barcelona,93,33.75,Web,Estándar,1848.64,6,5,2018-12-22,No
CLI-007185,CTR-007185,45,Murcia,10,109.31,Teléfono,Básico,2881.04,3,8,2025-11-09,No
CLI-000964,CTR-000964,48,Málaga,34,28.5,Aplicación,Premium,,6,8,2023-11-22,Sí
CLI-001925,CTR-001925,55,Barcelona,65,45.89,Web,Empresa,1747.32,5,6,2021-04-06,No
CLI-002514,CTR-002514,32,Málaga,10,98.87,Aplicación,Empresa,,4,7,2025-11-27,Sí
CLI-004075,CTR-004075,44,Zaragoza,3,71.85,Tienda,Básico,3050.79,2,,2026-06-25,Sí
CLI-001871,CTR-001871,29,Madrid,21,38.88,Web,Básico,,5,,2024-12-24,Sí
CLI-000721,CTR-000721,42,Madrid,87,87.32,Aplicación,Básico,1710.8,2,10,2019-06-10,No
CLI-004109,CTR-004109,24,Alicante,44,118.88,Web,Estándar,1098.53,4,7,2023-01-06,Sí
CLI-005523,CTR-005523,49,Madrid,42,74.36,Tienda,Estándar,3784.18,4,5,2023-03-11,Sí
CLI-007475,CTR-007475,47,Madrid,12,51.98,Aplicación,Estándar,2702.09,0,8,2025-09-03,No
CLI-007553,CTR-007553,33,Barcelona,29,101.15,Tienda,Premium,2976.97,3,,2024-04-15,Sí
CLI-005367,CTR-005367,40,Madrid,7,71.49,Web,Estándar,3191.16,1,9,2026-02-02,No
CLI-003842,CTR-003842,48,Barcelona,22,51.75,Web,Premium,4241.46,3,2,2024-11-13,Sí
CLI-001017,CTR-001017,33,Murcia,5,47.51,Tienda,Básico,2614.15,7,6,2026-04-09,Sí
CLI-007743,CTR-007743,63,Madrid,14,51.09,Tienda,Premium,2383.23,4,2,2025-07-15,Sí
CLI-005489,CTR-005489,48,Barcelona,72,72.57,Tienda,Premium,2193.01,2,7,2020-09-28,No
CLI-004320,CTR-004320,35,Valencia,46,61.04,Aplicación,Estándar,1400.32,3,,2022-11-24,Sí
CLI-001179,CTR-001179,28,Sevilla,43,54.22,Web,Estándar,1041.05,2,4,2023-02-21,Sí
CLI-004139,CTR-004139,33,Barcelona,8,47.68,Tienda,Empresa,2336.67,6,5,2026-01-11,Sí
CLI-008438,CTR-008438,22,Valencia,46,72.62,Aplicación,Premium,2783.35,3,,2022-11-28,Sí
CLI-001503,CTR-001503,19,Madrid,39,84.92,Tienda,Premium,2636.58,6,,2023-06-02,No
CLI-000875,CTR-000875,23,Alicante,56,28.7,Web,Estándar,2242.18,2,9,2022-01-01,No
CLI-007192,CTR-007192,48,Alicante,21,72.89,Web,Básico,4191.89,3,5,2024-12-13,Sí
CLI-008588,CTR-008588,57,Madrid,36,61.73,Tienda,Básico,3333.72,1,5,2023-09-12,No
CLI-001911,CTR-001911,36,Madrid,72,65.31,Web,Premium,3268.42,1,,2020-09-09,No
CLI-003044,CTR-003044,26,Madrid,16,71.34,Tienda,Básico,,1,,2025-05-16,No
CLI-004266,CTR-004266,41,Sevilla,8,91.51,Tienda,Premium,3298.33,7,,2026-01-13,Sí
CLI-009414,CTR-009414,45,Madrid,85,70.86,Web,Estándar,,1,,2019-08-16,No
CLI-002343,CTR-002343,40,Madrid,59,32.92,Tienda,Premium,1848.92,2,4,2021-10-10,No
CLI-006858,CTR-006858,42,Madrid,76,70.09,Teléfono,Estándar,2931.35,1,8,2020-05-12,No
CLI-008386,CTR-008386,32,Valencia,71,61.05,Tienda,Estándar,,5,,2020-10-26,No
CLI-001783,CTR-001783,52,Valencia,32,88.48,Tienda,Premium,970.27,3,4,2024-01-13,Sí
CLI-008343,CTR-008343,31,Madrid,26,16.68,Tienda,Estándar,2979.14,3,6,2024-07-21,No
CLI-001804,CTR-001804,44,Zaragoza,67,41.61,Tienda,Empresa,4008.21,3,6,2021-02-24,No
CLI-003838,CTR-003838,37,Barcelona,10,86.54,Teléfono,Estándar,4809.2,0,7,2025-11-22,No
CLI-003882,CTR-003882,41,Barcelona,35,47.01,Web,Básico,3800.31,1,8,2023-10-02,No
CLI-006713,CTR-006713,21,Madrid,2,61.5,Tienda,Premium,,3,4,2026-07-05,Sí
CLI-000798,CTR-000798,18,Sevilla,69,75.21,Web,Estándar,2438.73,1,7,2020-12-23,No
CLI-001011,CTR-001011,37,Madrid,23,108.71,Aplicación,Estándar,,3,3,2024-10-05,Sí
CLI-007497,CTR-007497,25,Madrid,7,42.99,Web,Estándar,1193.42,2,6,2026-02-13,Sí
CLI-000773,CTR-000773,52,Madrid,4,83.45,Web,Premium,,7,5,2026-05-15,Sí
CLI-001525,CTR-001525,38,Murcia,64,130.03,Web,Estándar,8528.46,2,6,2021-05-24,No
CLI-004956,CTR-004956,40,Barcelona,52,66.77,WEB,Básico,3254.19,4,,2022-05-27,No
CLI-004866,CTR-004866,34,Madrid,57,38.63,Web,Estándar,2909.32,4,8,2021-12-22,No
CLI-007806,CTR-007806,43,Zaragoza,14,56.78,Web,Estándar,3368,4,5,2025-07-20,Sí
CLI-008143,CTR-008143,54,Alicante,88,54.27,Web,Básico,2187.03,2,5,2019-05-24,No
CLI-005907,CTR-005907,42,Barcelona,19,59.44,Teléfono,Estándar,3527.35,3,,2025-02-06,Sí
CLI-003404,CTR-003404,71,Zaragoza,15,67.9,web,Básico,1689.53,4,8,2025-06-15,No
CLI-006992,CTR-006992,43,Alicante,15,72.41,Teléfono,Premium,1034.75,0,9,2025-06-09,No
CLI-007336,CTR-007336,50,Barcelona,52,103.97,Tienda,Básico,1369.08,0,6,2022-05-05,No
CLI-008163,CTR-008163,34,Madrid,78,75.28,Aplicación,Estándar,3344.26,1,7,2020-03-11,No
CLI-005218,CTR-005218,46,Sevilla,50,44.57,Tienda,Estándar,2678.19,1,8,2022-07-07,No
CLI-002082,CTR-002082,22,Barcelona,96,25.71,Web,Estándar,3136.3,4,7,2018-09-06,No
CLI-006936,CTR-006936,53,Barcelona,22,85.06,Tienda,Premium,2243.51,2,,2024-11-02,No
CLI-002646,CTR-002646,58,Sevilla,9,42.81,Web,Estándar,2650.78,3,,2025-12-01,No
CLI-007839,CTR-007839,36,Alicante,43,68.9,web,Estándar,3671.21,1,8,2023-02-12,No
CLI-009056,CTR-009056,39,Alicante,62,85.02,Web,Empresa,3911.6,2,,2021-07-04,No
CLI-006871,CTR-006871,43,Málaga,48,92.83,WEB,Estándar,2243.98,4,4,2022-09-03,Sí
CLI-002842,CTR-002842,36,Barcelona,13,63.68,Web,Premium,1849.82,7,5,2025-08-05,Sí
CLI-007973,CTR-007973,55,Alicante,50,101.46,Web,Básico,,3,,2022-07-03,No
CLI-002763,CTR-002763,38,Barcelona,16,65.65,Teléfono,Básico,3107.22,0,5,2025-05-21,Sí
CLI-005886,CTR-005886,46,Madrid,-3,63.7,Web,Estándar,2619.28,2,6,2024-07-08,Sí
CLI-005983,CTR-005983,40,Valencia,46,9.9,Web,Estándar,1488.87,2,8,2022-11-20,No
CLI-002107,CTR-002107,44,Madrid,18,93.14,Tienda,Empresa,1243.08,6,,2025-03-27,Sí
CLI-003960,CTR-003960,43,Barcelona,15,34.51,Web,Premium,2007.46,5,5,2025-06-04,Sí
CLI-005335,CTR-005335,34,Murcia,87,34.34,Aplicación,Básico,,0,8,2019-06-26,No
CLI-004053,CTR-004053,54,Alicante,16,108.98,Web,Premium,,2,,2025-05-15,Sí
CLI-009166,CTR-009166,21,Valencia,36,77.95,Web,Estándar,2838.89,2,5,2023-09-19,No
CLI-008109,CTR-008109,46,Valencia,22,69.56,Aplicación,Estándar,,3,9,2024-11-12,No
CLI-002660,CTR-002660,42,Alicante,7,68.8,web,Básico,3030.08,2,,2026-02-22,Sí
CLI-007781,CTR-007781,37,Alicante,29,78.67,Web,Básico,2077.14,5,4,2024-04-24,Sí
CLI-007613,CTR-007613,57,Valencia,69,84.69,Teléfono,Básico,,0,7,2020-12-04,No
CLI-009642,CTR-009642,40,Madrid,53,73.94,Web,Básico,,2,,2022-04-16,No
CLI-008193,CTR-008193,32,Sevilla,43,84.3,Web,Estándar,3438.55,4,7,2023-02-25,No
CLI-000734,CTR-000734,23,Madrid,4,68.4,Teléfono,Básico,,6,,2026-05-18,Sí
CLI-000507,CTR-000507,37,Murcia,90,34.72,Teléfono,Premium,,0,9,2019-03-28,No
CLI-001558,CTR-001558,27,Madrid,38,42.85,Web,Premium,2037.76,3,,2023-07-14,Sí
CLI-005425,CTR-005425,49,Murcia,24,75.74,Aplicación,Estándar,,4,,2024-09-11,Sí
CLI-003871,CTR-003871,18,Málaga,39,98.28,Web,Básico,2864.44,6,7,2023-06-28,No
CLI-009740,CTR-009740,39,Barcelona,22,43.51,Web,Estándar,866.12,5,4,2024-11-26,Sí
CLI-006340,CTR-006340,43,Valencia,44,63.8,Tienda,Básico,2134.18,2,8,2023-01-26,No
CLI-009210,CTR-009210,23,Alicante,3,71.16,Teléfono,Básico,2628.69,3,3,2026-06-10,Sí
CLI-008262,CTR-008262,64,Barcelona,28,100.48,Teléfono,Premium,750,1,7,2024-05-16,No
CLI-001696,CTR-001696,37,Madrid,27,65.9,Web,Estándar,,4,,2024-06-20,No
CLI-003289,CTR-003289,40,Barcelona,76,73.22,Teléfono,Estándar,3123.29,0,,2020-05-28,No
CLI-001867,CTR-001867,32,Murcia,25,69.57,Tienda,Premium,2936.49,2,9,2024-08-12,No
CLI-009545,CTR-009545,44,Madrid,81,92.36,Web,Básico,3112.71,3,8,2019-12-21,No
CLI-004815,CTR-004815,69,Sevilla,74,56.44,Web,Estándar,2510.9,0,8,2020-07-16,No
CLI-006521,CTR-006521,54,Barcelona,58,57.91,Teléfono,Estándar,2770.38,2,8,2021-11-28,No
CLI-003239,CTR-003239,37,Madrid,23,100.36,Web,Básico,1754.21,4,3,2024-10-21,Sí
CLI-003251,CTR-003251,52,Madrid,22,56.02,Tienda,Estándar,,5,,2024-11-25,Sí
CLI-006348,CTR-006348,49,Sevilla,21,54.45,Teléfono,Estándar,,3,8,2024-12-24,No
CLI-008837,CTR-008837,43,Barcelona,19,88.3,Web,Premium,1826.77,4,6,2025-02-02,Sí
CLI-001321,CTR-001321,24,Málaga,43,35.84,Tienda,Estándar,1027.7,5,8,2023-02-03,Sí
CLI-005515,CTR-005515,44,Málaga,21,22.52,Web,Estándar,1434.18,0,5,2024-12-25,No
CLI-006896,CTR-006896,42,Barcelona,36,61.73,Aplicación,Premium,2766.47,3,15,2023-09-06,No
CLI-002243,CTR-002243,49,Málaga,78,49.09,Tienda,Premium,,2,,2020-03-20,No
CLI-004533,CTR-004533,58,Sevilla,17,56.43,Tienda,Básico,2105.05,1,10,2025-04-01,No
CLI-001590,CTR-001590,45,Barcelona,42,37.51,Web,Estándar,,2,,2023-03-15,No
CLI-005798,CTR-005798,54,Valencia,6,44.86,Web,Estándar,,3,5,2026-03-02,Sí
CLI-007977,CTR-007977,40,Barcelona,40,40.19,Web,Premium,2414.96,5,4,2023-05-04,Sí
CLI-004995,CTR-004995,62,Valencia,18,59.38,Web,Estándar,2462.21,3,5,2025-03-21,No
CLI-007807,CTR-007807,34,Murcia,8,60.47,,Empresa,2426.87,4,7,2026-01-10,Sí
CLI-006525,CTR-006525,48,Madrid,2,87.19,Teléfono,Estándar,1933.59,4,7,2026-07-25,Sí
CLI-002546,CTR-002546,54,Murcia,45,72.4,Web,Empresa,2737.39,5,,2022-12-19,No
CLI-002706,CTR-002706,47,Murcia,2,38.24,Aplicación,Estándar,1325.41,2,5,2026-07-27,Sí
CLI-008949,CTR-008949,61,Zaragoza,29,23.89,Teléfono,Estándar,1973.6,5,4,2024-04-03,Sí
CLI-003921,CTR-003921,36,Alicante,32,91.16,Web,Básico,3302.69,0,,2024-01-17,No
CLI-006741,CTR-006741,27,Málaga,33,59.24,Web,Premium,2304.07,6,4,2023-12-11,Sí
CLI-009807,CTR-009807,44,Barcelona,36,105.65,Web,Premium,1347.06,4,,2023-09-28,Sí
CLI-000347,CTR-000347,59,Madrid,46,78.6,Teléfono,Premium,2465.48,0,10,2022-11-19,No
CLI-005222,CTR-005222,22,Barcelona,40,54.14,Web,Básico,771.45,5,,2023-05-21,Sí
CLI-006135,CTR-006135,45,Madrid,30,58.29,Web,Estándar,2982.6,2,,2024-03-13,No
CLI-001589,CTR-001589,34,Sevilla,93,65.38,Web,Estándar,2517.39,0,5,2018-12-01,No
CLI-008058,CTR-008058,28,Zaragoza,46,58.43,Web,Premium,3766.12,4,4,2022-11-22,Sí
CLI-003516,CTR-003516,31,Zaragoza,86,30.06,WEB,Estándar,2663.68,2,8,2019-07-05,No
CLI-004024,CTR-004024,66,Sevilla,80,90.43,Web,Premium,1627.67,3,8,2020-01-03,No
CLI-003166,CTR-003166,35,Málaga,9,57.24,Tienda,Estándar,3338.12,1,8,2025-12-09,No
CLI-001345,CTR-001345,35,Valencia,15,61.99,Web,Básico,3001.73,4,9,2025-06-24,No
CLI-008955,CTR-008955,54,Valencia,42,102.28,Tienda,Estándar,4062.99,0,9,2023-03-23,No
CLI-006099,CTR-006099,42,Murcia,24,35.95,Web,Premium,1829.62,1,6,2024-09-01,No
CLI-005458,CTR-005458,50,Sevilla,11,80.06,Teléfono,Empresa,2906.38,5,,2025-10-16,Sí
CLI-002384,CTR-002384,37,Madrid,35,51.68,Web,Estándar,1961.05,2,9,2023-10-22,No
CLI-002943,CTR-002943,34,Madrid,77,55.21,Teléfono,Premium,2069.76,3,8,2020-04-13,No
CLI-000268,CTR-000268,60,Murcia,23,13.44,Web,Estándar,4349.87,4,5,2024-10-16,No
CLI-009270,CTR-009270,38,Barcelona,75,32.49,Tienda,Estándar,1791.77,2,8,2020-06-10,No
CLI-001842,CTR-001842,58,Alicante,10,55.23,Tienda,Básico,,4,,2025-11-20,No
CLI-003228,CTR-003228,56,Murcia,22,62.97,Tienda,Básico,859.34,1,7,2024-11-15,No
CLI-007410,CTR-007410,43,Málaga,90,47.78,Tienda,Básico,2259.77,0,,2019-03-13,No
CLI-000940,CTR-000940,35,Barcelona,25,39.95,Web,Estándar,1263.23,4,4,2024-08-21,Sí
CLI-009586,CTR-009586,47,Barcelona,8,77.17,Tienda,Básico,2852.54,4,,2026-01-19,Sí
CLI-003071,CTR-003071,66,Málaga,84,29.45,Web,Estándar,,5,8,2019-09-12,No
CLI-009222,CTR-009222,51,Valencia,11,59.59,Tienda,Empresa,2865.63,8,,2025-10-12,Sí
CLI-001813,CTR-001813,27,Sevilla,25,41.98,Tienda,Básico,3117.4,6,6,2024-08-21,Sí
CLI-009117,CTR-009117,18,Barcelona,29,67.46,Teléfono,Estándar,,3,,2024-04-26,Sí
CLI-006479,CTR-006479,42,Madrid,43,32.09,Web,Estándar,2094.49,4,4,2023-02-27,Sí
CLI-008639,CTR-008639,41,Barcelona,89,61.05,Web,Estándar,1858.19,2,,2019-04-23,No
CLI-002682,CTR-002682,29,Madrid,27,31.64,web,Premium,1278.09,1,7,2024-06-21,Sí
CLI-004469,CTR-004469,41,Murcia,69,69.42,Tienda,Estándar,3387.49,2,8,2020-12-15,No
CLI-005146,CTR-005146,43,Valencia,57,56.15,Teléfono,Estándar,2674.27,0,8,2021-12-06,No
CLI-009845,CTR-009845,19,Málaga,18,48.89,Web,Empresa,2066,1,,2025-03-12,No
CLI-004162,CTR-004162,38,Valencia,26,38.16,Teléfono,Premium,2105.62,1,,2024-07-22,No
CLI-000876,CTR-000876,51,Zaragoza,43,114.21,Tienda,Estándar,3183.35,6,5,2023-02-06,Sí
CLI-000014,CTR-009864,53,Sevilla,83,61.91,Web,Estándar,2582.85,0,4,2019-10-25,No
CLI-006090,CTR-006090,36,Alicante,39,83.37,Teléfono,Básico,1779.91,2,,2023-06-23,Sí
CLI-007345,CTR-007345,48,Valencia,25,35.55,web,Estándar,3101.6,0,5,2024-08-06,No
CLI-005899,CTR-005899,51,Murcia,57,53.69,Teléfono,Premium,1478.94,0,4,2021-12-19,No
CLI-009247,CTR-009247,48,Málaga,59,58.38,Web,Empresa,924.07,4,,2021-10-21,No
CLI-006370,CTR-006370,51,Alicante,49,78.78,Tienda,Estándar,1406.63,1,9,2022-08-10,No
CLI-005576,CTR-005576,72,Zaragoza,20,57.98,Aplicación,Básico,2074.45,3,7,2025-01-10,No
CLI-004047,CTR-004047,31,Barcelona,38,41.42,Web,Estándar,1870.44,2,,2023-07-15,No
CLI-000749,CTR-000749,50,Valencia,72,114.83,Web,Estándar,3484.74,0,9,2020-09-22,No
CLI-001009,CTR-001009,41,Valencia,95,31.06,Aplicación,Premium,3145.83,2,8,2018-10-01,No
CLI-001571,CTR-001571,53,Sevilla,8,66.59,Tienda,Premium,1224.46,4,5,2026-01-01,Sí
CLI-006380,CTR-006380,56,Madrid,40,82.47,Tienda,Empresa,2730.24,0,5,2023-05-08,No
CLI-003603,CTR-003603,48,Alicante,70,39.67,Tienda,Empresa,2173.7,0,,2020-11-13,No
CLI-003563,CTR-003563,51,Zaragoza,11,76.6,Web,Premium,,5,,2025-10-25,No
CLI-008422,CTR-008422,57,Murcia,57,94.5,Teléfono,Empresa,1973.81,2,6,2021-12-09,No
CLI-006363,CTR-006363,49,Barcelona,33,19.76,Web,Premium,2354.86,3,8,2023-12-24,No
CLI-002540,CTR-002540,48,Málaga,88,71.68,WEB,Premium,,2,,2019-05-05,No
CLI-000112,CTR-000112,33,Zaragoza,17,79.92,Aplicación,Premium,2247.18,8,,2025-04-13,Sí
CLI-004803,CTR-004803,31,Sevilla,40,55.4,Teléfono,Empresa,2948.51,1,,2023-05-05,No
CLI-006753,CTR-006753,49,Murcia,32,56.35,Web,Básico,2150.81,7,,2024-01-12,Sí
CLI-003241,CTR-003241,54,Málaga,48,57.19,WEB,Básico,2112.8,1,8,2022-09-18,No
CLI-008232,CTR-008232,36,Málaga,18,63.01,Web,Básico,1682.5,4,,2025-03-09,No
CLI-003053,CTR-003053,50,Alicante,7,78.19,Web,Estándar,2460.02,6,6,2026-02-20,No
CLI-002312,CTR-002312,34,Barcelona,14,52.61,Web,Premium,2643.6,2,6,2025-07-22,Sí
CLI-000147,CTR-000147,31,Madrid,9,78.19,Tienda,Básico,3307.76,7,,2025-12-02,Sí
CLI-009420,CTR-009420,49,Madrid,92,92.15,Web,Básico,2931.75,3,,2019-01-05,No
CLI-000499,CTR-000499,35,Málaga,12,68.17,WEB,Estándar,3304.97,1,,2025-09-06,Sí
CLI-000425,CTR-000425,37,Murcia,9,73.96,Aplicación,Estándar,2688.27,1,,2025-12-27,No
CLI-001568,CTR-001568,33,Sevilla,14,43.09,Web,Básico,2411,2,5,2025-07-15,No
CLI-004077,CTR-004077,42,Alicante,24,39.15,web,Estándar,2296.79,3,6,2024-09-24,No
CLI-006655,CTR-006655,52,Sevilla,64,43.41,Web,Premium,4500.81,0,10,2021-05-07,No
CLI-008173,CTR-008173,44,Barcelona,18,70.28,Tienda,Premium,,4,,2025-03-22,Sí
CLI-008306,CTR-008306,60,Murcia,57,64.35,Web,Premium,1868.16,0,,2021-12-10,No
CLI-001794,CTR-001794,23,Alicante,20,43.72,Aplicación,Premium,2607.53,2,,2025-01-09,Sí
CLI-009503,CTR-009503,32,Zaragoza,20,58.09,Aplicación,Premium,2938.17,3,,2025-01-20,Sí
CLI-004536,CTR-004536,49,Barcelona,7,49.73,Teléfono,Premium,1720.98,3,1,2026-02-12,Sí
CLI-000490,CTR-000490,43,Zaragoza,79,62.85,Teléfono,Estándar,2120.28,3,5,2020-02-27,No
CLI-005870,CTR-005870,44,Málaga,39,61.3,WEB,Premium,,0,5,2023-06-18,Sí
CLI-000260,CTR-000260,43,Madrid,17,58.25,Tienda,Estándar,3648.48,4,3,2025-04-25,No
CLI-006879,CTR-006879,65,Málaga,23,41.84,Teléfono,Empresa,,5,7,2024-10-07,Sí
CLI-009457,CTR-009457,37,Barcelona,24,97.35,Aplicación,Premium,4346.73,1,7,2024-09-21,No
CLI-004700,CTR-004700,57,Barcelona,68,80.57,Web,Básico,3146.81,9,,2021-01-12,No
CLI-002886,CTR-002886,43,Madrid,7,65.12,Tienda,Básico,2839.16,1,4,2026-02-22,No
CLI-001445,CTR-001445,46,Sevilla,6,66.48,Tienda,Premium,750,1,3,2026-03-01,Sí
CLI-000074,CTR-009924,46,Barcelona,11,94.35,Web,Premium,,3,,2025-10-22,Sí
CLI-004774,CTR-004774,25,Valencia,11,36.58,Tienda,Básico,2281.72,4,7,2025-10-22,Sí
CLI-007908,CTR-007908,27,Madrid,76,23.31,Web,Premium,,0,6,2020-05-23,No
CLI-008156,CTR-008156,38,Valencia,19,58.67,Aplicación,Básico,1915.64,4,,2025-02-28,Sí
CLI-001899,CTR-001899,57,Alicante,46,9.9,Teléfono,Básico,2678.25,2,9,2022-11-03,No
CLI-005543,CTR-005543,43,Madrid,36,65.53,Tienda,Estándar,2827.38,3,8,2023-09-07,No
CLI-005867,CTR-005867,49,Murcia,73,72.92,Web,Premium,2895.01,4,,2020-08-12,No
CLI-005317,CTR-005317,54,Sevilla,44,55.57,web,Empresa,1768.96,0,,2023-01-15,No
CLI-001402,CTR-001402,27,Valencia,46,48.91,Web,Estándar,,5,,2022-11-28,No
CLI-004557,CTR-004557,57,Alicante,58,77.05,Aplicación,Estándar,,0,,2021-11-28,No
CLI-005481,CTR-005481,25,Madrid,6,43.79,Tienda,Básico,,6,5,2026-03-14,Sí
CLI-009230,CTR-009230,61,Barcelona,8,78.47,Tienda,Estándar,4439.22,1,8,2026-01-27,No
CLI-009632,CTR-009632,53,Barcelona,94,49.65,Teléfono,Premium,3080.57,1,7,2018-11-17,No
CLI-006495,CTR-006495,35,Murcia,34,49.42,web,Básico,2209.08,4,,2023-11-21,Sí
CLI-002056,CTR-002056,29,Zaragoza,32,73.91,Web,Premium,2142.09,5,,2024-01-14,Sí
CLI-009660,CTR-009660,39,Valencia,62,9.9,Web,Estándar,1978.49,0,8,2021-07-13,No
CLI-007831,CTR-007831,52,Sevilla,75,64.47,Teléfono,Básico,,2,,2020-06-03,No
CLI-002254,CTR-002254,41,Madrid,22,61.39,Teléfono,Estándar,1236.39,2,,2024-11-02,Sí
CLI-001165,CTR-001165,54,Barcelona,90,51.71,Teléfono,Estándar,2904.22,3,8,2019-03-12,No
CLI-002481,CTR-002481,49,Barcelona,52,18.46,Teléfono,Empresa,3027.95,0,8,2022-05-04,No
CLI-004653,CTR-004653,31,Sevilla,89,23.53,Teléfono,Básico,2184.82,1,7,2019-04-27,No
CLI-004244,CTR-004244,45,Murcia,47,87.59,Tienda,Estándar,,0,6,2022-10-25,No
CLI-009393,CTR-009393,57,Sevilla,32,206.53,Web,Básico,5371.5,3,10,2024-01-15,No
CLI-001394,CTR-001394,37,Murcia,80,50.09,Web,Estándar,1926.18,2,,2020-01-22,No
CLI-000423,CTR-000423,34,Barcelona,3,71.21,Teléfono,Básico,1851.16,6,7,2026-06-07,Sí
CLI-001225,CTR-001225,42,Barcelona,9,83.2,Web,Premium,2693.66,6,5,2025-12-15,Sí
CLI-004157,CTR-004157,33,Murcia,56,77.82,Aplicación,Básico,1444.25,0,6,2022-01-10,No
CLI-000919,CTR-000919,48,Sevilla,1,72.39,Web,Premium,1724.53,5,3,2026-08-19,Sí
CLI-000031,CTR-009881,48,Murcia,11,45.52,Tienda,Premium,1082.4,2,,2025-10-16,Sí
CLI-002137,CTR-002137,52,Valencia,26,62.94,Web,Básico,,3,5,2024-07-08,Sí
CLI-005003,CTR-005003,18,Barcelona,48,59.97,Web,Básico,2701.91,4,,2022-09-21,Sí
CLI-002574,CTR-002574,62,Murcia,17,68.83,Web,Premium,2884.21,1,10,2025-04-25,No
CLI-009761,CTR-009761,58,Madrid,41,84.52,Aplicación,Básico,2241.44,4,3,2023-04-08,Sí
CLI-007707,CTR-007707,41,Sevilla,77,12.95,Teléfono,Empresa,2954.14,0,5,2020-04-27,No
CLI-008545,CTR-008545,28,Sevilla,80,82.91,Web,Premium,3204.64,2,7,2020-01-07,No
CLI-003058,CTR-003058,72,Madrid,73,43.46,Web,Premium,2427.1,2,,2020-08-21,No
CLI-003393,CTR-003393,36,Madrid,81,65.79,web,Premium,3438.82,1,6,2019-12-10,No
CLI-005817,CTR-005817,46,Madrid,24,75.89,Aplicación,Premium,2727.93,3,4,2024-09-03,Sí
CLI-002480,CTR-002480,38,Sevilla,29,76.41,Teléfono,Empresa,3179.48,6,,2024-04-03,Sí
CLI-002475,CTR-002475,46,Barcelona,9,55.27,Tienda,Estándar,2681.72,2,5,2025-12-01,Sí
CLI-005013,CTR-005013,76,Sevilla,26,69.71,Web,Estándar,1814.3,0,,2024-07-17,No
CLI-000965,CTR-000965,20,Murcia,78,42.45,Web,Estándar,2400.55,3,,2020-03-26,No
CLI-002285,CTR-002285,37,Valencia,27,66.07,Teléfono,Básico,1498.89,6,5,2024-06-16,Sí
CLI-004878,CTR-004878,43,Sevilla,1,76.77,Aplicación,Básico,3547.77,5,,2026-08-21,Sí
CLI-008358,CTR-008358,21,Madrid,3,51.31,Teléfono,Premium,2674.01,0,,2026-06-27,Sí
CLI-002257,CTR-002257,54,Madrid,93,9.9,Web,Estándar,4392.66,3,7,2018-12-20,No
CLI-007340,CTR-007340,71,Murcia,9,49.07,Teléfono,Estándar,4702.67,4,,2025-12-10,No
CLI-005421,CTR-005421,50,Valencia,29,64.99,Teléfono,Básico,3429.11,2,9,2024-04-08,No
CLI-006985,CTR-006985,30,Valencia,48,64.33,Aplicación,Básico,3748.67,2,6,2022-09-12,No
CLI-004648,CTR-004648,38,Sevilla,62,87.79,Aplicación,Empresa,1434.02,0,8,2021-07-25,No
CLI-001406,CTR-001406,18,Barcelona,36,68.29,Teléfono,Básico,,0,7,2023-09-18,No
CLI-000188,CTR-000188,42,Murcia,49,58.36,Web,Estándar,1838.94,1,6,2022-08-09,No
CLI-008524,CTR-008524,48,Barcelona,92,45.73,Tienda,Básico,3353.73,0,5,2019-01-25,No
CLI-000767,CTR-000767,32,Alicante,85,44.13,Aplicación,Básico,,1,8,2019-08-19,No
CLI-007291,CTR-007291,56,Zaragoza,10,36.67,Teléfono,Premium,1798.62,2,,2025-11-01,No
CLI-008160,CTR-008160,55,Madrid,77,79.19,Aplicación,Premium,2486.14,0,8,2020-04-17,No
CLI-005634,CTR-005634,34,Barcelona,7,78.64,Aplicación,Premium,3833.14,4,,2026-02-18,Sí
CLI-004186,CTR-004186,48,Alicante,65,54.84,Aplicación,Estándar,1934.37,2,,2021-04-11,No
CLI-001378,CTR-001378,60,Zaragoza,11,52.95,Web,Básico,3138.63,1,10,2025-10-24,No
CLI-008647,CTR-008647,29,Madrid,6,45.64,Aplicación,Estándar,750,3,5,2026-03-08,Sí
CLI-000557,CTR-000557,26,Alicante,3,69.95,Tienda,Premium,1300.66,8,8,2026-06-21,Sí
CLI-008379,CTR-008379,52,Barcelona,85,16.67,Teléfono,Básico,,2,8,2019-08-21,No
CLI-007352,CTR-007352,33,Málaga,56,66.06,Teléfono,Estándar,2068.11,4,8,2022-01-19,No
CLI-004813,CTR-004813,48,Barcelona,51,55.72,Web,Estándar,2194.68,1,8,2022-06-18,No
CLI-005753,CTR-005753,42,Barcelona,14,47.66,Web,Básico,,3,,2025-07-10,No
CLI-004682,CTR-004682,28,Murcia,44,60.97,Aplicación,Básico,2341.32,1,6,2023-01-06,No
CLI-002698,CTR-002698,46,Alicante,44,64.44,Teléfono,Premium,2928.31,4,4,2023-01-06,Sí
CLI-003620,CTR-003620,48,Zaragoza,31,59.28,Tienda,Estándar,1584.01,3,6,2024-02-01,Sí
CLI-004370,CTR-004370,36,Murcia,19,69.31,Teléfono,Básico,779.61,7,8,2025-02-13,Sí
CLI-008207,CTR-008207,49,Málaga,39,67,Aplicación,Estándar,3423.94,3,,2023-06-04,No
CLI-001745,CTR-001745,38,Zaragoza,5,92.75,Tienda,Básico,,3,,2026-04-09,Sí
CLI-009704,CTR-009704,48,Alicante,58,23.5,Teléfono,Estándar,1660.54,2,5,2021-11-10,No
CLI-004544,CTR-004544,39,Valencia,33,61.34,Tienda,Premium,1322.9,3,4,2023-12-21,Sí
CLI-003495,CTR-003495,61,Barcelona,47,31.2,Tienda,Estándar,3646.82,2,5,2022-10-21,Sí
CLI-002735,CTR-002735,56,Barcelona,39,95.81,WEB,Estándar,1692.21,6,3,2023-06-09,Sí
CLI-005355,CTR-005355,41,Barcelona,25,49.44,Tienda,Básico,1029.9,4,5,2024-08-16,Sí
CLI-008983,CTR-008983,55,Madrid,26,51.24,Web,Básico,1813.16,4,6,2024-07-13,Sí
CLI-009762,CTR-009762,34,Murcia,3,89.01,Web,Premium,,7,5,2026-06-28,Sí
CLI-000473,CTR-000473,43,Zaragoza,41,35.02,WEB,Premium,2880.85,0,6,2023-04-05,Sí
CLI-009432,CTR-009432,56,Zaragoza,27,34.26,Tienda,Estándar,1921.31,2,6,2024-06-01,No
CLI-009128,CTR-009128,31,Sevilla,45,57.4,Aplicación,Estándar,982.67,0,7,2022-12-03,No
CLI-005209,CTR-005209,35,Barcelona,62,87.79,Teléfono,Estándar,1965.04,1,,2021-07-07,No
CLI-002937,CTR-002937,39,Valencia,7,75.99,Web,Estándar,2183.88,5,,2026-02-06,Sí
CLI-005106,CTR-005106,18,Madrid,22,75.79,Web,Premium,2842.75,4,6,2024-11-27,Sí
CLI-007527,CTR-007527,35,Sevilla,16,57.47,Tienda,Empresa,2467.24,5,5,2025-05-06,Sí
CLI-003957,CTR-003957,30,Madrid,31,81.29,Tienda,Básico,750,7,6,2024-02-02,Sí
CLI-002395,CTR-002395,46,Valencia,56,34.4,Web,Básico,2246.07,2,7,2022-01-14,No
CLI-001672,CTR-001672,30,Barcelona,89,46.25,Teléfono,Estándar,3332.69,0,8,2019-04-12,No
CLI-005418,CTR-005418,25,Zaragoza,48,48.72,Tienda,Estándar,1694.73,1,6,2022-09-01,Sí
CLI-000288,CTR-000288,45,Murcia,20,73.08,Tienda,Estándar,2898.76,0,,2025-01-03,No
CLI-001892,CTR-001892,18,Zaragoza,44,86,Teléfono,Estándar,2033.49,4,2,2023-01-05,Sí
CLI-005483,CTR-005483,43,Zaragoza,72,78.67,Teléfono,Básico,849.35,2,,2020-09-12,No
CLI-003407,CTR-003407,54,Valencia,56,87.23,Tienda,Estándar,2929.84,2,,2022-01-18,No
CLI-009835,CTR-009835,44,Madrid,49,79.28,Web,Básico,2342.52,0,,2022-08-19,No
CLI-003330,CTR-003330,51,Madrid,77,58.98,Web,Premium,3961.18,3,,2020-04-24,No
CLI-002680,CTR-002680,40,Barcelona,20,35.57,Aplicación,Estándar,2124.98,2,8,2025-01-17,No
CLI-006472,CTR-006472,55,Zaragoza,62,54.63,Web,Estándar,3034.44,3,,2021-07-12,No
CLI-005974,CTR-005974,41,Madrid,8,66.93,WEB,Estándar,3428.36,0,8,2026-01-23,No
CLI-003780,CTR-003780,47,Sevilla,22,52.34,Web,Premium,1957.42,2,8,2024-11-11,No
CLI-009747,CTR-009747,42,Valencia,35,68.6,Tienda,Estándar,1543.03,8,,2023-10-07,Sí
CLI-007234,CTR-007234,52,Madrid,80,68.96,Teléfono,Premium,2908.29,2,,2020-01-08,No
CLI-006031,CTR-006031,35,Málaga,68,33.95,Tienda,Básico,2908.59,4,,2021-01-15,No
CLI-009776,CTR-009776,21,Zaragoza,75,83.61,Aplicación,Premium,,4,6,2020-06-10,No
CLI-003576,CTR-003576,38,Sevilla,8,67.24,Aplicación,Estándar,,6,,2026-01-23,Sí
CLI-002850,CTR-002850,25,Sevilla,21,76.18,Web,Estándar,3072.41,2,,2024-12-01,No
CLI-001736,CTR-001736,26,Barcelona,29,67.29,Tienda,Empresa,2950.92,4,,2024-04-05,Sí
CLI-002781,CTR-002781,43,Sevilla,33,79.26,Tienda,Premium,1681.5,1,6,2023-12-13,Sí
CLI-009205,CTR-009205,43,Barcelona,79,123.79,Web,Básico,6881.82,0,10,2020-02-13,No
CLI-004706,CTR-004706,43,Madrid,62,54.06,Tienda,Premium,,2,7,2021-07-20,No
CLI-003447,CTR-003447,37,Madrid,35,42.77,Teléfono,Estándar,,2,,2023-10-22,No
CLI-008794,CTR-008794,33,Sevilla,10,45.61,Aplicación,Básico,2454.22,4,5,2025-11-11,Sí
CLI-003678,CTR-003678,36,Sevilla,50,56.82,Aplicación,Empresa,2852.76,5,7,2022-07-25,No
CLI-002386,CTR-002386,46,Madrid,57,66.43,Tienda,Premium,3036.23,0,9,2021-12-04,No
CLI-005999,CTR-005999,43,Murcia,76,65.89,web,Empresa,,2,10,2020-05-21,No
CLI-002648,CTR-002648,48,Madrid,89,73.08,Web,Estándar,3263.7,2,9,2019-04-23,No
CLI-008267,CTR-008267,55,Madrid,14,56.45,Teléfono,Empresa,,0,9,2025-07-26,No
CLI-004107,CTR-004107,37,Sevilla,17,49.82,Web,Estándar,,8,5,2025-04-15,Sí
CLI-002606,CTR-002606,28,Valencia,39,34.77,Web,Estándar,,2,,2023-06-28,Sí
CLI-002709,CTR-002709,18,Sevilla,32,59.1,Tienda,Básico,1896.32,6,5,2024-01-03,Sí
CLI-002550,CTR-002550,40,Madrid,90,52.76,Web,Estándar,,0,8,2019-03-10,No
CLI-001463,CTR-001463,54,Madrid,73,51.91,Aplicación,Premium,,1,7,2020-08-04,No
CLI-007830,CTR-007830,55,Barcelona,29,42.08,Tienda,Premium,1706.9,1,7,2024-04-04,No
CLI-002334,CTR-002334,37,Barcelona,35,69.97,Tienda,Estándar,3162.16,0,5,2023-10-13,No
CLI-008153,CTR-008153,18,Zaragoza,37,55.42,Aplicación,Empresa,3009.94,0,,2023-08-01,No
CLI-005432,CTR-005432,56,Sevilla,33,68.66,Teléfono,Estándar,,0,,2023-12-26,Sí
CLI-003414,CTR-003414,45,Zaragoza,31,38.46,Teléfono,Premium,2397.77,1,7,2024-02-09,No
CLI-000023,CTR-000023,40,Madrid,73,54.29,Web,Empresa,2750.63,1,10,2020-08-13,No
CLI-000063,CTR-000063,30,Valencia,10,62.44,Web,Estándar,1676.56,3,9,2025-11-27,No
CLI-006313,CTR-006313,50,Madrid,90,82.19,Web,Estándar,1711.03,2,10,2019-03-28,No
CLI-000472,CTR-000472,47,Zaragoza,36,86.03,Web,Estándar,2221.09,0,7,2023-09-15,No
CLI-006949,CTR-006949,30,Madrid,76,80.53,WEB,Básico,,0,8,2020-05-18,No
CLI-000088,CTR-009938,48,Murcia,64,73.03,Aplicación,Premium,,1,4,2021-05-11,No
CLI-009622,CTR-009622,55,Barcelona,32,72.13,web,Empresa,1364.05,4,7,2024-01-06,Sí
CLI-008164,CTR-008164,45,Sevilla,14,59.81,Tienda,Estándar,3710.02,5,2,2025-07-23,Sí
CLI-001941,CTR-001941,42,Madrid,54,82.89,Tienda,Básico,3090.76,0,,2022-03-10,No
CLI-004511,CTR-004511,48,Barcelona,62,56.42,Web,Básico,,1,10,2021-07-16,No
CLI-005456,CTR-005456,41,Valencia,96,91.2,Web,Básico,1984.01,0,,2018-09-04,No
CLI-008229,CTR-008229,55,Alicante,26,48.66,Web,Básico,3039.35,0,9,2024-07-06,No
CLI-004675,CTR-004675,47,Zaragoza,90,53.04,Teléfono,Básico,,2,4,2019-03-16,No
CLI-007050,CTR-007050,58,Madrid,20,32.35,Aplicación,Básico,1610.1,2,6,2025-01-13,No
CLI-008634,CTR-008634,52,Madrid,11,44.85,Aplicación,Premium,3463.89,5,7,2025-10-25,No
CLI-007801,CTR-007801,47,Madrid,21,71.65,Tienda,Empresa,2839.59,4,4,2024-12-06,Sí
CLI-004339,CTR-004339,41,Madrid,45,80.93,Web,Básico,2542.55,5,,2022-12-07,Sí
CLI-009133,CTR-009133,56,Barcelona,69,38.22,Tienda,Estándar,1272.99,3,6,2020-12-18,No
CLI-002178,CTR-002178,49,Zaragoza,38,55.57,Web,Estándar,2796.65,1,9,2023-07-06,No
CLI-007401,CTR-007401,26,Barcelona,43,69.78,Tienda,Estándar,2823.99,6,2,2023-02-27,Sí
CLI-008711,CTR-008711,31,Barcelona,59,19.87,Web,Estándar,4022.85,3,5,2021-10-16,No
CLI-007560,CTR-007560,44,Sevilla,39,49.7,Tienda,Básico,2215.04,4,6,2023-06-14,No
CLI-005860,CTR-005860,31,Zaragoza,86,99.93,Teléfono,Estándar,,0,9,2019-07-03,No
CLI-001025,CTR-001025,40,Madrid,12,83.53,Teléfono,Básico,2528.62,2,5,2025-09-20,No
CLI-005325,CTR-005325,28,Madrid,34,71.59,Aplicación,Estándar,2103.24,2,5,2023-11-27,Sí
CLI-006389,CTR-006389,46,Valencia,7,104.85,Web,Premium,1967.55,6,5,2026-02-10,Sí
CLI-008046,CTR-008046,43,Barcelona,44,60.54,Tienda,Estándar,2779.45,3,5,2023-01-14,Sí
CLI-008872,CTR-008872,37,Madrid,74,46.22,Tienda,Premium,798.95,1,,2020-07-16,No
CLI-005663,CTR-005663,43,Barcelona,42,49.75,Web,Premium,4447.31,2,8,2023-03-13,No
CLI-005810,CTR-005810,43,Valencia,42,69.42,Aplicación,Estándar,1649.83,6,6,2023-03-01,Sí
CLI-007458,CTR-007458,50,Madrid,29,98.88,Tienda,Estándar,1329.02,3,8,2024-04-14,No
CLI-006637,CTR-006637,25,Madrid,15,115.61,Web,Estándar,2073.75,2,,2025-06-06,Sí
CLI-008490,CTR-008490,18,Barcelona,95,68.06,Web,Premium,1419.54,0,9,2018-10-18,No
CLI-000437,CTR-000437,31,Sevilla,72,19.95,Teléfono,Estándar,969.46,4,6,2020-09-19,No
CLI-007207,CTR-007207,35,Valencia,6,74.28,Aplicación,Estándar,2848.11,5,7,2026-03-23,Sí
CLI-005035,CTR-005035,32,Alicante,46,74.65,Aplicación,Premium,750,8,6,2022-11-03,Sí
CLI-008701,CTR-008701,67,Sevilla,77,79.96,Teléfono,Premium,1879.59,0,,2020-04-01,No
CLI-003663,CTR-003663,34,Madrid,18,68.83,Tienda,Estándar,2026.97,5,5,2025-03-19,Sí
CLI-004322,CTR-004322,31,Zaragoza,16,66.2,Teléfono,Básico,2423.45,7,5,2025-05-12,Sí
CLI-009455,CTR-009455,55,Zaragoza,15,99.99,Tienda,Premium,750,4,,2025-06-24,Sí
CLI-001929,CTR-001929,46,Sevilla,66,53.02,Teléfono,Estándar,2405.6,1,8,2021-03-12,No
CLI-007861,CTR-007861,32,Zaragoza,26,67.05,Teléfono,Empresa,1267.47,6,5,2024-07-07,Sí
CLI-000707,CTR-000707,54,Valencia,18,76.31,Tienda,Estándar,2539.56,5,6,2025-03-11,No
CLI-009098,CTR-009098,32,Valencia,48,76.09,Web,Estándar,1976.07,0,9,2022-09-25,No
CLI-007122,CTR-007122,46,Barcelona,19,65.82,Teléfono,Empresa,1348.49,2,10,2025-02-08,No
CLI-001362,CTR-001362,40,Barcelona,42,78.24,Web,Estándar,,1,,2023-03-11,Sí
CLI-004343,CTR-004343,45,Madrid,1,87.57,Web,Premium,1410.22,2,5,2026-08-21,Sí
CLI-008595,CTR-008595,46,Madrid,13,68.85,Teléfono,Básico,1281.38,4,4,2025-08-23,Sí
CLI-002489,CTR-002489,48,Alicante,4,92.37,Web,Estándar,,5,,2026-05-15,Sí
CLI-006759,CTR-006759,43,Barcelona,54,44.98,Web,Estándar,5055.82,4,5,2022-03-27,No
CLI-001877,CTR-001877,33,Barcelona,43,62.56,Web,Estándar,1291.23,4,7,2023-02-22,Sí
CLI-008093,CTR-008093,35,Madrid,93,55.82,Web,Estándar,3272.79,0,6,2018-12-15,No
CLI-000930,CTR-000930,47,Murcia,36,42.77,Web,Básico,,5,5,2023-09-18,Sí
CLI-007856,CTR-007856,35,Barcelona,28,31.07,Web,Estándar,,2,7,2024-05-18,No
CLI-005695,CTR-005695,24,Málaga,47,65.67,Teléfono,Premium,,6,,2022-10-18,Sí
CLI-009342,CTR-009342,31,Sevilla,77,72.17,Tienda,Premium,2991.24,1,8,2020-04-05,No
CLI-006208,CTR-006208,35,Madrid,32,75.97,Tienda,Empresa,2367.87,6,7,2024-01-12,Sí
CLI-003278,CTR-003278,41,Valencia,45,72.48,Aplicación,Premium,2155.57,4,7,2022-12-23,Sí
CLI-002422,CTR-002422,28,Madrid,18,90.85,Web,Estándar,1212.59,2,7,2025-03-25,Sí
CLI-008447,CTR-008447,47,Barcelona,66,103.63,web,Estándar,2437.96,1,5,2021-03-01,No
CLI-001325,CTR-001325,43,Valencia,11,84.23,Web,Estándar,1620.7,2,7,2025-10-25,Sí
CLI-009429,CTR-009429,60,Madrid,77,9.9,Aplicación,Estándar,3219.57,1,10,2020-04-17,No
CLI-000509,CTR-000509,25,Murcia,13,95.86,Tienda,Premium,1672.17,6,4,2025-08-07,Sí
CLI-008123,CTR-008123,50,Barcelona,48,59.96,Web,Premium,750,0,,2022-09-19,No
CLI-003948,CTR-003948,46,Zaragoza,12,65.8,Teléfono,Estándar,,0,6,2025-09-25,No
CLI-006852,CTR-006852,49,Madrid,41,34.41,Teléfono,Premium,907.75,5,,2023-04-16,Sí
CLI-008774,CTR-008774,32,Málaga,28,31.11,Web,Premium,1272.28,5,,2024-05-13,Sí
CLI-005105,CTR-005105,33,Madrid,28,66.07,Tienda,Básico,1372.64,4,,2024-05-11,Sí
CLI-006888,CTR-006888,37,Málaga,13,92.61,Web,Premium,937.98,3,7,2025-08-18,Sí
CLI-006146,CTR-006146,51,Madrid,39,74.56,Teléfono,Estándar,,4,3,2023-06-20,Sí
CLI-009125,CTR-009125,23,Alicante,29,75.6,Aplicación,Básico,3176.4,4,4,2024-04-22,Sí
CLI-000478,CTR-000478,42,Madrid,30,81.46,Web,Básico,2739.81,2,8,2024-03-08,No
CLI-002711,CTR-002711,26,Valencia,65,66.45,Tienda,Estándar,2674.69,2,,2021-04-27,No
CLI-003458,CTR-003458,20,Zaragoza,19,68.01,Tienda,Empresa,2579.08,4,6,2025-02-18,Sí
CLI-009386,CTR-009386,29,Zaragoza,81,76.5,Aplicación,Estándar,3061.98,2,,2019-12-20,No
CLI-003540,CTR-003540,43,Barcelona,16,15.33,,Básico,3776.09,3,9,2025-05-06,No
CLI-005223,CTR-005223,59,Valencia,49,72.42,Teléfono,Premium,3621.9,3,8,2022-08-14,No
CLI-006656,CTR-006656,45,Barcelona,18,76.97,Web,Básico,2629.92,5,2,2025-03-23,Sí
CLI-005305,CTR-005305,64,Barcelona,84,61.91,Web,Estándar,,4,,2019-09-18,No
CLI-002179,CTR-002179,36,Murcia,23,69.01,Teléfono,Estándar,,0,8,2024-10-28,No
CLI-002750,CTR-002750,51,Madrid,24,61.68,Tienda,Básico,,4,6,2024-09-26,Sí
CLI-006764,CTR-006764,56,Barcelona,11,53.74,Teléfono,Básico,2072.49,5,7,2025-10-27,No
CLI-002417,CTR-002417,68,Barcelona,15,68.03,Teléfono,Premium,3530.41,1,9,2025-06-27,No
CLI-005019,CTR-005019,58,Valencia,67,60.82,Aplicación,Básico,,0,6,2021-02-27,No
CLI-000213,CTR-000213,35,Barcelona,58,72.58,Aplicación,Premium,3090.96,0,10,2021-11-25,No
CLI-001126,CTR-001126,61,Sevilla,36,59.07,Aplicación,Premium,4159.22,0,7,2023-09-17,No
CLI-001583,CTR-001583,54,Madrid,21,33.34,Web,Estándar,,4,3,2024-12-25,Sí
CLI-003622,CTR-003622,28,Madrid,13,95.93,Web,Básico,,2,3,2025-08-09,Sí
CLI-000176,CTR-000176,45,Sevilla,14,52.03,Tienda,Estándar,3839.59,3,9,2025-07-04,No
CLI-007697,CTR-007697,56,Valencia,21,49.58,Web,Básico,2567.77,0,,2024-12-26,No
CLI-004189,CTR-004189,40,Valencia,50,58.01,Aplicación,Empresa,3826.81,3,6,2022-07-09,No
CLI-004931,CTR-004931,52,Barcelona,83,43.67,Aplicación,Básico,3086.81,3,,2019-10-25,No
CLI-005033,CTR-005033,61,Madrid,14,82.44,Teléfono,Premium,1377.12,2,9,2025-07-01,No
CLI-002159,CTR-002159,36,Murcia,61,59.05,Aplicación,Empresa,2728.71,1,7,2021-08-03,No
CLI-005650,CTR-005650,29,Madrid,46,65.48,Web,Premium,3182.14,3,8,2022-11-09,Sí
